row,col,tile_id,mode,score
0,0,101,nearest,19
0,1,72,nearest,23
0,2,91,inner_exact,0
0,3,91,inner_exact,0
0,4,91,inner_exact,0
0,5,91,inner_exact,0
0,6,91,inner_exact,0
0,7,91,inner_exact,0
0,8,91,inner_exact,0
0,9,108,nearest,31
0,10,1,inner_exact,0
0,11,1,inner_exact,0
0,12,1,inner_exact,0
0,13,1,inner_exact,0
0,14,1,inner_exact,0
0,15,30,nearest,48
0,16,31,nearest,15
0,17,31,nearest,13
0,18,31,nearest,10
0,19,31,nearest,13
0,20,31,nearest,13
0,21,31,nearest,15
0,22,31,nearest,18
0,23,31,nearest,15
0,24,31,nearest,12
0,25,31,nearest,13
0,26,31,nearest,10
0,27,31,nearest,13
0,28,31,nearest,13
0,29,16,nearest,100
0,30,27,nearest,18
0,31,79,nearest,28
0,32,13,nearest,19
0,33,22,nearest,21
0,34,24,nearest,46
0,35,30,nearest,53
0,36,31,nearest,15
0,37,31,nearest,15
0,38,31,nearest,15
0,39,31,nearest,15
0,40,31,nearest,13
0,41,31,nearest,13
0,42,31,nearest,13
0,43,31,nearest,13
0,44,31,nearest,15
0,45,31,nearest,18
0,46,31,nearest,15
0,47,31,nearest,12
0,48,31,nearest,13
0,49,31,nearest,11
0,50,31,nearest,13
0,51,31,nearest,16
0,52,31,nearest,15
0,53,31,nearest,17
0,54,31,nearest,15
0,55,31,nearest,15
0,56,31,nearest,13
0,57,31,nearest,13
0,58,31,nearest,13
0,59,31,nearest,15
0,60,31,nearest,15
0,61,31,nearest,17
0,62,31,nearest,15
0,63,31,nearest,13
0,64,31,nearest,13
0,65,31,nearest,13
0,66,31,nearest,16
0,67,31,nearest,15
0,68,31,nearest,18
0,69,31,nearest,15
0,70,31,nearest,18
0,71,16,nearest,91
0,72,1,inner_exact,0
0,73,1,inner_exact,0
0,74,1,inner_exact,0
0,75,106,nearest,37
0,76,107,nearest,9
0,77,107,nearest,7
0,78,108,nearest,40
0,79,1,inner_exact,0
0,80,1,inner_exact,0
0,81,14,nearest,55
0,82,15,nearest,41
0,83,15,nearest,44
0,84,15,nearest,39
0,85,15,nearest,36
0,86,15,nearest,36
0,87,15,nearest,41
0,88,15,nearest,41
0,89,15,nearest,43
0,90,15,nearest,41
0,91,15,nearest,44
0,92,15,nearest,36
0,93,15,nearest,39
0,94,15,nearest,36
0,95,15,nearest,33
0,96,31,nearest,11
0,97,31,nearest,13
0,98,31,nearest,15
0,99,31,nearest,15
0,100,31,nearest,15
0,101,31,nearest,12
0,102,31,nearest,13
0,103,16,nearest,89
0,104,1,inner_exact,0
0,105,1,inner_exact,0
0,106,1,inner_exact,0
0,107,1,inner_exact,0
0,108,1,inner_exact,0
0,109,1,inner_exact,0
0,110,106,nearest,31
0,111,91,inner_exact,0
0,112,91,inner_exact,0
0,113,71,nearest,33
0,114,101,nearest,30
0,115,101,nearest,19
1,0,72,nearest,24
1,1,91,inner_exact,0
1,2,91,inner_exact,0
1,3,91,inner_exact,0
1,4,91,inner_exact,0
1,5,91,inner_exact,0
1,6,91,inner_exact,0
1,7,91,inner_exact,0
1,8,108,nearest,25
1,9,1,inner_exact,0
1,10,1,inner_exact,0
1,11,1,inner_exact,0
1,12,1,inner_exact,0
1,13,1,inner_exact,0
1,14,1,inner_exact,0
1,15,30,nearest,54
1,16,31,nearest,14
1,17,31,nearest,12
1,18,31,nearest,9
1,19,31,nearest,12
1,20,31,nearest,12
1,21,31,nearest,14
1,22,31,nearest,17
1,23,31,nearest,14
1,24,31,nearest,11
1,25,31,nearest,12
1,26,31,nearest,9
1,27,31,nearest,12
1,28,31,nearest,12
1,29,32,nearest,60
1,30,27,nearest,26
1,31,28,nearest,27
1,32,45,nearest,12
1,33,22,nearest,26
1,34,24,nearest,22
1,35,46,nearest,51
1,36,31,nearest,14
1,37,31,nearest,14
1,38,31,nearest,14
1,39,31,nearest,14
1,40,31,nearest,12
1,41,31,nearest,12
1,42,31,nearest,12
1,43,31,nearest,12
1,44,31,nearest,14
1,45,31,nearest,17
1,46,31,nearest,14
1,47,31,nearest,11
1,48,31,nearest,12
1,49,31,nearest,10
1,50,31,nearest,12
1,51,31,nearest,15
1,52,31,nearest,14
1,53,31,nearest,16
1,54,31,nearest,14
1,55,31,nearest,14
1,56,31,nearest,12
1,57,31,nearest,12
1,58,31,nearest,12
1,59,31,nearest,14
1,60,31,nearest,14
1,61,31,nearest,16
1,62,31,nearest,14
1,63,31,nearest,12
1,64,31,nearest,12
1,65,31,nearest,12
1,66,31,nearest,15
1,67,31,nearest,14
1,68,31,nearest,17
1,69,31,nearest,14
1,70,31,nearest,17
1,71,31,nearest,12
1,72,16,nearest,98
1,73,1,inner_exact,0
1,74,1,inner_exact,0
1,75,1,inner_exact,0
1,76,1,inner_exact,0
1,77,1,inner_exact,0
1,78,1,inner_exact,0
1,79,1,inner_exact,0
1,80,1,inner_exact,0
1,81,30,nearest,59
1,82,31,nearest,14
1,83,31,nearest,17
1,84,31,nearest,16
1,85,31,nearest,14
1,86,31,nearest,12
1,87,31,nearest,13
1,88,31,nearest,12
1,89,31,nearest,15
1,90,31,nearest,14
1,91,31,nearest,17
1,92,31,nearest,14
1,93,31,nearest,17
1,94,31,nearest,12
1,95,31,nearest,9
1,96,31,nearest,10
1,97,31,nearest,12
1,98,31,nearest,14
1,99,31,nearest,14
1,100,31,nearest,14
1,101,31,nearest,11
1,102,31,nearest,12
1,103,31,nearest,9
1,104,16,nearest,98
1,105,1,inner_exact,0
1,106,1,inner_exact,0
1,107,1,inner_exact,0
1,108,1,inner_exact,0
1,109,1,inner_exact,0
1,110,90,nearest,7
1,111,91,inner_exact,0
1,112,91,inner_exact,0
1,113,91,inner_exact,0
1,114,101,nearest,24
1,115,101,nearest,15
2,0,91,inner_exact,0
2,1,91,inner_exact,0
2,2,91,inner_exact,0
2,3,91,inner_exact,0
2,4,91,inner_exact,0
2,5,91,inner_exact,0
2,6,91,inner_exact,0
2,7,91,inner_exact,0
2,8,92,inner_exact,0
2,9,1,inner_exact,0
2,10,1,inner_exact,0
2,11,1,inner_exact,0
2,12,1,inner_exact,0
2,13,1,inner_exact,0
2,14,1,inner_exact,0
2,15,30,nearest,43
2,16,31,nearest,9
2,17,31,nearest,7
2,18,31,nearest,4
2,19,31,nearest,7
2,20,31,nearest,7
2,21,31,nearest,9
2,22,31,nearest,12
2,23,31,nearest,9
2,24,31,nearest,6
2,25,31,nearest,7
2,26,31,nearest,4
2,27,31,nearest,7
2,28,31,nearest,7
2,29,48,nearest,89
2,30,43,nearest,15
2,31,45,nearest,13
2,32,6,nearest,6
2,33,23,nearest,18
2,34,24,nearest,23
2,35,14,nearest,48
2,36,31,nearest,9
2,37,31,nearest,9
2,38,31,nearest,9
2,39,31,nearest,9
2,40,31,nearest,7
2,41,31,nearest,7
2,42,31,nearest,7
2,43,31,nearest,7
2,44,31,nearest,9
2,45,31,nearest,12
2,46,31,nearest,9
2,47,31,nearest,6
2,48,31,nearest,7
2,49,31,nearest,5
2,50,31,nearest,7
2,51,31,nearest,10
2,52,31,nearest,9
2,53,31,nearest,11
2,54,31,nearest,9
2,55,31,nearest,9
2,56,31,nearest,7
2,57,31,nearest,7
2,58,31,nearest,7
2,59,31,nearest,9
2,60,31,nearest,9
2,61,31,nearest,11
2,62,31,nearest,9
2,63,31,nearest,7
2,64,31,nearest,7
2,65,31,nearest,7
2,66,31,nearest,10
2,67,31,nearest,9
2,68,31,nearest,12
2,69,31,nearest,9
2,70,31,nearest,12
2,71,31,nearest,7
2,72,31,nearest,5
2,73,16,nearest,93
2,74,14,nearest,54
2,75,15,nearest,36
2,76,15,nearest,34
2,77,15,nearest,29
2,78,15,nearest,30
2,79,16,nearest,84
2,80,14,nearest,49
2,81,31,nearest,7
2,82,31,nearest,9
2,83,31,nearest,12
2,84,31,nearest,11
2,85,31,nearest,9
2,86,47,nearest,18
2,87,47,nearest,18
2,88,47,nearest,15
2,89,47,nearest,20
2,90,31,nearest,9
2,91,31,nearest,12
2,92,31,nearest,9
2,93,31,nearest,12
2,94,31,nearest,7
2,95,31,nearest,4
2,96,31,nearest,5
2,97,31,nearest,7
2,98,31,nearest,9
2,99,31,nearest,9
2,100,31,nearest,9
2,101,31,nearest,6
2,102,31,nearest,7
2,103,31,nearest,4
2,104,31,nearest,5
2,105,16,nearest,91
2,106,1,inner_exact,0
2,107,1,inner_exact,0
2,108,1,inner_exact,0
2,109,1,inner_exact,0
2,110,90,nearest,7
2,111,91,inner_exact,0
2,112,91,inner_exact,0
2,113,69,nearest,10
2,114,101,nearest,19
2,115,101,nearest,10
3,0,91,inner_exact,0
3,1,91,inner_exact,0
3,2,91,inner_exact,0
3,3,91,inner_exact,0
3,4,91,inner_exact,0
3,5,107,nearest,2
3,6,107,nearest,2
3,7,108,nearest,37
3,8,1,inner_exact,0
3,9,1,inner_exact,0
3,10,1,inner_exact,0
3,11,1,inner_exact,0
3,12,1,inner_exact,0
3,13,1,inner_exact,0
3,14,1,inner_exact,0
3,15,30,nearest,57
3,16,31,nearest,19
3,17,31,nearest,19
3,18,31,nearest,16
3,19,31,nearest,19
3,20,31,nearest,19
3,21,31,nearest,19
3,22,31,nearest,22
3,23,31,nearest,19
3,24,31,nearest,18
3,25,31,nearest,19
3,26,31,nearest,16
3,27,31,nearest,19
3,28,48,nearest,96
3,29,6,nearest,23
3,30,7,nearest,57
3,31,23,nearest,64
3,32,23,nearest,60
3,33,23,nearest,51
3,34,40,nearest,14
3,35,30,nearest,64
3,36,31,nearest,19
3,37,31,nearest,19
3,38,31,nearest,19
3,39,31,nearest,19
3,40,31,nearest,19
3,41,31,nearest,19
3,42,31,nearest,19
3,43,31,nearest,19
3,44,31,nearest,19
3,45,31,nearest,22
3,46,31,nearest,19
3,47,47,nearest,35
3,48,47,nearest,34
3,49,47,nearest,28
3,50,31,nearest,19
3,51,31,nearest,20
3,52,31,nearest,19
3,53,31,nearest,21
3,54,31,nearest,19
3,55,31,nearest,21
3,56,31,nearest,19
3,57,31,nearest,19
3,58,31,nearest,19
3,59,31,nearest,19
3,60,31,nearest,19
3,61,31,nearest,21
3,62,31,nearest,19
3,63,31,nearest,19
3,64,31,nearest,19
3,65,31,nearest,19
3,66,31,nearest,20
3,67,31,nearest,19
3,68,31,nearest,22
3,69,31,nearest,19
3,70,31,nearest,22
3,71,31,nearest,19
3,72,31,nearest,17
3,73,31,nearest,19
3,74,31,nearest,22
3,75,31,nearest,19
3,76,31,nearest,21
3,77,31,nearest,19
3,78,31,nearest,21
3,79,31,nearest,19
3,80,31,nearest,19
3,81,31,nearest,19
3,82,31,nearest,19
3,83,31,nearest,22
3,84,31,nearest,21
3,85,48,nearest,93
3,86,1,inner_exact,0
3,87,1,inner_exact,0
3,88,1,inner_exact,0
3,89,1,inner_exact,0
3,90,46,nearest,62
3,91,31,nearest,22
3,92,31,nearest,19
3,93,31,nearest,22
3,94,31,nearest,19
3,95,31,nearest,16
3,96,31,nearest,17
3,97,31,nearest,19
3,98,31,nearest,19
3,99,31,nearest,19
3,100,31,nearest,19
3,101,31,nearest,18
3,102,31,nearest,19
3,103,31,nearest,16
3,104,31,nearest,17
3,105,32,nearest,64
3,106,1,inner_exact,0
3,107,1,inner_exact,0
3,108,1,inner_exact,0
3,109,1,inner_exact,0
3,110,90,nearest,12
3,111,91,inner_exact,0
3,112,91,inner_exact,0
3,113,101,nearest,34
3,114,101,nearest,36
3,115,101,nearest,25
4,0,91,inner_exact,0
4,1,91,inner_exact,0
4,2,91,inner_exact,0
4,3,91,inner_exact,0
4,4,108,nearest,16
4,5,1,inner_exact,0
4,6,1,inner_exact,0
4,7,1,inner_exact,0
4,8,1,inner_exact,0
4,9,1,inner_exact,0
4,10,1,inner_exact,0
4,11,1,inner_exact,0
4,12,1,inner_exact,0
4,13,1,inner_exact,0
4,14,1,inner_exact,0
4,15,30,nearest,41
4,16,31,nearest,8
4,17,31,nearest,6
4,18,31,nearest,3
4,19,31,nearest,6
4,20,31,nearest,6
4,21,31,nearest,8
4,22,31,nearest,11
4,23,31,nearest,8
4,24,31,nearest,5
4,25,31,nearest,6
4,26,31,nearest,3
4,27,32,nearest,53
4,28,1,inner_exact,0
4,29,22,nearest,15
4,30,23,nearest,45
4,31,23,nearest,29
4,32,23,nearest,22
4,33,40,nearest,6
4,34,1,inner_exact,0
4,35,30,nearest,46
4,36,31,nearest,8
4,37,31,nearest,8
4,38,31,nearest,8
4,39,31,nearest,8
4,40,31,nearest,6
4,41,48,nearest,76
4,42,46,nearest,40
4,43,47,nearest,14
4,44,47,nearest,20
4,45,47,nearest,26
4,46,48,nearest,80
4,47,11,nearest,10
4,48,13,nearest,11
4,49,1,inner_exact,0
4,50,46,nearest,40
4,51,31,nearest,9
4,52,31,nearest,8
4,53,31,nearest,10
4,54,31,nearest,8
4,55,48,nearest,80
4,56,30,nearest,38
4,57,31,nearest,6
4,58,31,nearest,6
4,59,31,nearest,8
4,60,31,nearest,8
4,61,31,nearest,10
4,62,31,nearest,8
4,63,31,nearest,6
4,64,31,nearest,6
4,65,31,nearest,6
4,66,31,nearest,9
4,67,31,nearest,8
4,68,31,nearest,11
4,69,31,nearest,8
4,70,31,nearest,11
4,71,31,nearest,6
4,72,31,nearest,4
4,73,31,nearest,6
4,74,31,nearest,11
4,75,31,nearest,8
4,76,31,nearest,10
4,77,31,nearest,8
4,78,31,nearest,8
4,79,31,nearest,6
4,80,31,nearest,6
4,81,31,nearest,6
4,82,31,nearest,8
4,83,31,nearest,11
4,84,32,nearest,68
4,85,1,inner_exact,0
4,86,6,nearest,5
4,87,7,nearest,7
4,88,7,nearest,18
4,89,8,nearest,27
4,90,1,inner_exact,0
4,91,30,nearest,52
4,92,31,nearest,8
4,93,31,nearest,11
4,94,31,nearest,6
4,95,31,nearest,3
4,96,31,nearest,4
4,97,31,nearest,6
4,98,31,nearest,8
4,99,31,nearest,8
4,100,31,nearest,8
4,101,31,nearest,5
4,102,31,nearest,6
4,103,31,nearest,3
4,104,31,nearest,4
4,105,32,nearest,50
4,106,1,inner_exact,0
4,107,1,inner_exact,0
4,108,1,inner_exact,0
4,109,1,inner_exact,0
4,110,90,nearest,7
4,111,91,inner_exact,0
4,112,91,inner_exact,0
4,113,71,nearest,19
4,114,101,nearest,17
4,115,101,nearest,8
5,0,91,inner_exact,0
5,1,91,inner_exact,0
5,2,91,inner_exact,0
5,3,108,nearest,30
5,4,1,inner_exact,0
5,5,17,inner_exact,0
5,6,18,inner_exact,0
5,7,1,inner_exact,0
5,8,1,inner_exact,0
5,9,1,inner_exact,0
5,10,1,inner_exact,0
5,11,1,inner_exact,0
5,12,1,inner_exact,0
5,13,1,inner_exact,0
5,14,14,nearest,54
5,15,31,nearest,15
5,16,31,nearest,15
5,17,31,nearest,13
5,18,31,nearest,10
5,19,31,nearest,13
5,20,31,nearest,13
5,21,31,nearest,15
5,22,31,nearest,18
5,23,31,nearest,15
5,24,31,nearest,12
5,25,31,nearest,13
5,26,31,nearest,10
5,27,31,nearest,13
5,28,16,nearest,99
5,29,38,nearest,14
5,30,115,nearest,137
5,31,39,nearest,39
5,32,40,nearest,18
5,33,1,inner_exact,0
5,34,1,inner_exact,0
5,35,46,nearest,52
5,36,47,nearest,27
5,37,31,nearest,15
5,38,31,nearest,15
5,39,31,nearest,15
5,40,32,nearest,73
5,41,1,inner_exact,0
5,42,11,nearest,25
5,43,12,nearest,37
5,44,12,nearest,39
5,45,12,nearest,42
5,46,12,nearest,35
5,47,28,nearest,19
5,48,45,nearest,15
5,49,17,inner_exact,0
5,50,18,nearest,1
5,51,46,nearest,58
5,52,31,nearest,15
5,53,31,nearest,17
5,54,48,nearest,91
5,55,1,inner_exact,0
5,56,46,nearest,55
5,57,31,nearest,13
5,58,31,nearest,13
5,59,31,nearest,15
5,60,31,nearest,15
5,61,31,nearest,17
5,62,31,nearest,15
5,63,31,nearest,13
5,64,31,nearest,13
5,65,31,nearest,13
5,66,31,nearest,16
5,67,31,nearest,15
5,68,31,nearest,18
5,69,31,nearest,15
5,70,31,nearest,18
5,71,31,nearest,13
5,72,31,nearest,11
5,73,31,nearest,13
5,74,31,nearest,18
5,75,31,nearest,15
5,76,31,nearest,17
5,77,31,nearest,15
5,78,31,nearest,15
5,79,31,nearest,13
5,80,31,nearest,13
5,81,47,nearest,21
5,82,47,nearest,27
5,83,47,nearest,33
5,84,48,nearest,98
5,85,6,nearest,17
5,86,23,nearest,35
5,87,23,nearest,38
5,88,23,nearest,50
5,89,23,nearest,58
5,90,8,nearest,32
5,91,46,nearest,66
5,92,31,nearest,15
5,93,31,nearest,18
5,94,31,nearest,13
5,95,31,nearest,10
5,96,31,nearest,11
5,97,31,nearest,13
5,98,31,nearest,15
5,99,31,nearest,15
5,100,31,nearest,15
5,101,31,nearest,12
5,102,31,nearest,13
5,103,31,nearest,10
5,104,31,nearest,11
5,105,32,nearest,58
5,106,1,inner_exact,0
5,107,1,inner_exact,0
5,108,1,inner_exact,0
5,109,1,inner_exact,0
5,110,1,inner_exact,0
5,111,106,nearest,26
5,112,91,inner_exact,0
5,113,91,inner_exact,0
5,114,71,nearest,35
5,115,101,nearest,19
6,0,91,inner_exact,0
6,1,91,inner_exact,0
6,2,91,inner_exact,0
6,3,92,inner_exact,0
6,4,17,nearest,2
6,5,2,nearest,2
6,6,2,nearest,2
6,7,18,inner_exact,0
6,8,1,inner_exact,0
6,9,1,inner_exact,0
6,10,1,inner_exact,0
6,11,1,inner_exact,0
6,12,14,nearest,58
6,13,15,nearest,25
6,14,31,nearest,14
6,15,31,nearest,14
6,16,31,nearest,14
6,17,31,nearest,12
6,18,31,nearest,9
6,19,31,nearest,12
6,20,31,nearest,12
6,21,31,nearest,14
6,22,31,nearest,17
6,23,31,nearest,14
6,24,31,nearest,11
6,25,31,nearest,12
6,26,31,nearest,9
6,27,31,nearest,12
6,28,31,nearest,12
6,29,16,nearest,99
6,30,1,inner_exact,0
6,31,1,inner_exact,0
6,32,1,inner_exact,0
6,33,1,inner_exact,0
6,34,1,inner_exact,0
6,35,1,inner_exact,0
6,36,14,nearest,57
6,37,31,nearest,14
6,38,31,nearest,14
6,39,31,nearest,14
6,40,32,nearest,71
6,41,1,inner_exact,0
6,42,27,nearest,32
6,43,28,nearest,33
6,44,28,nearest,35
6,45,28,nearest,36
6,46,28,nearest,27
6,47,45,nearest,11
6,48,17,nearest,2
6,49,2,nearest,4
6,50,18,nearest,1
6,51,1,inner_exact,0
6,52,46,nearest,57
6,53,48,nearest,97
6,54,1,inner_exact,0
6,55,93,nearest,259
6,56,1,inner_exact,0
6,57,46,nearest,51
6,58,31,nearest,12
6,59,31,nearest,14
6,60,31,nearest,14
6,61,47,nearest,49
6,62,47,nearest,44
6,63,47,nearest,38
6,64,31,nearest,12
6,65,31,nearest,12
6,66,31,nearest,15
6,67,31,nearest,14
6,68,31,nearest,17
6,69,31,nearest,14
6,70,31,nearest,17
6,71,31,nearest,12
6,72,31,nearest,10
6,73,31,nearest,12
6,74,31,nearest,17
6,75,31,nearest,14
6,76,31,nearest,16
6,77,31,nearest,14
6,78,31,nearest,14
6,79,31,nearest,12
6,80,48,nearest,98
6,81,1,inner_exact,0
6,82,1,inner_exact,0
6,83,1,inner_exact,0
6,84,6,nearest,26
6,85,23,nearest,42
6,86,23,nearest,26
6,87,23,nearest,30
6,88,23,nearest,40
6,89,23,nearest,48
6,90,23,nearest,56
6,91,8,nearest,38
6,92,46,nearest,60
6,93,31,nearest,17
6,94,31,nearest,12
6,95,31,nearest,9
6,96,31,nearest,10
6,97,31,nearest,12
6,98,31,nearest,14
6,99,31,nearest,14
6,100,31,nearest,14
6,101,31,nearest,11
6,102,31,nearest,12
6,103,31,nearest,9
6,104,31,nearest,10
6,105,32,nearest,56
6,106,1,inner_exact,0
6,107,1,inner_exact,0
6,108,1,inner_exact,0
6,109,1,inner_exact,0
6,110,1,inner_exact,0
6,111,90,inner_exact,0
6,112,91,inner_exact,0
6,113,91,inner_exact,0
6,114,91,inner_exact,0
6,115,101,nearest,15
7,0,91,inner_exact,0
7,1,91,inner_exact,0
7,2,108,nearest,22
7,3,1,inner_exact,0
7,4,17,inner_exact,0
7,5,2,nearest,1
7,6,2,nearest,1
7,7,2,nearest,1
7,8,18,inner_exact,0
7,9,1,inner_exact,0
7,10,1,inner_exact,0
7,11,14,nearest,44
7,12,31,nearest,7
7,13,31,nearest,7
7,14,31,nearest,9
7,15,31,nearest,9
7,16,31,nearest,9
7,17,31,nearest,7
7,18,31,nearest,4
7,19,31,nearest,7
7,20,31,nearest,7
7,21,31,nearest,9
7,22,31,nearest,12
7,23,31,nearest,9
7,24,31,nearest,6
7,25,31,nearest,7
7,26,31,nearest,4
7,27,31,nearest,7
7,28,31,nearest,7
7,29,31,nearest,9
7,30,16,nearest,85
7,31,1,inner_exact,0
7,32,1,inner_exact,0
7,33,1,inner_exact,0
7,34,1,inner_exact,0
7,35,14,nearest,48
7,36,31,nearest,9
7,37,31,nearest,9
7,38,31,nearest,9
7,39,31,nearest,9
7,40,48,nearest,78
7,41,11,nearest,13
7,42,28,nearest,16
7,43,28,nearest,16
7,44,28,nearest,21
7,45,28,nearest,24
7,46,29,nearest,22
7,47,33,inner_exact,0
7,48,2,inner_exact,0
7,49,2,inner_exact,0
7,50,34,nearest,1
7,51,1,inner_exact,0
7,52,1,inner_exact,0
7,53,1,inner_exact,0
7,54,1,inner_exact,0
7,55,109,nearest,285
7,56,1,inner_exact,0
7,57,1,inner_exact,0
7,58,46,nearest,42
7,59,31,nearest,9
7,60,48,nearest,89
7,61,1,inner_exact,0
7,62,1,inner_exact,0
7,63,1,inner_exact,0
7,64,46,nearest,45
7,65,47,nearest,15
7,66,47,nearest,20
7,67,31,nearest,9
7,68,31,nearest,12
7,69,47,nearest,24
7,70,47,nearest,26
7,71,47,nearest,18
7,72,48,nearest,83
7,73,46,nearest,42
7,74,47,nearest,23
7,75,47,nearest,21
7,76,47,nearest,29
7,77,47,nearest,24
7,78,47,nearest,21
7,79,48,nearest,78
7,80,1,inner_exact,0
7,81,6,nearest,2
7,82,7,nearest,39
7,83,7,nearest,43
7,84,23,nearest,56
7,85,23,nearest,37
7,86,23,nearest,18
7,87,23,nearest,21
7,88,23,nearest,31
7,89,23,nearest,39
7,90,23,nearest,50
7,91,24,nearest,58
7,92,1,inner_exact,0
7,93,30,nearest,46
7,94,31,nearest,7
7,95,31,nearest,4
7,96,31,nearest,5
7,97,31,nearest,7
7,98,31,nearest,9
7,99,31,nearest,9
7,100,31,nearest,9
7,101,31,nearest,6
7,102,31,nearest,7
7,103,31,nearest,4
7,104,31,nearest,5
7,105,32,nearest,50
7,106,1,inner_exact,0
7,107,1,inner_exact,0
7,108,1,inner_exact,0
7,109,1,inner_exact,0
7,110,1,inner_exact,0
7,111,1,inner_exact,0
7,112,106,nearest,18
7,113,91,inner_exact,0
7,114,91,inner_exact,0
7,115,101,nearest,10
8,0,91,inner_exact,0
8,1,91,inner_exact,0
8,2,92,nearest,2
8,3,17,nearest,1
8,4,2,nearest,2
8,5,2,nearest,1
8,6,2,nearest,2
8,7,2,nearest,2
8,8,2,nearest,3
8,9,18,nearest,1
8,10,1,inner_exact,0
8,11,30,nearest,54
8,12,31,nearest,19
8,13,31,nearest,17
8,14,31,nearest,19
8,15,31,nearest,19
8,16,31,nearest,19
8,17,31,nearest,19
8,18,31,nearest,16
8,19,31,nearest,19
8,20,31,nearest,19
8,21,31,nearest,19
8,22,31,nearest,22
8,23,48,nearest,93
8,24,46,nearest,61
8,25,31,nearest,19
8,26,31,nearest,16
8,27,31,nearest,19
8,28,31,nearest,17
8,29,31,nearest,19
8,30,31,nearest,21
8,31,15,nearest,25
8,32,15,nearest,28
8,33,15,nearest,27
8,34,15,nearest,29
8,35,31,nearest,19
8,36,31,nearest,19
8,37,31,nearest,19
8,38,31,nearest,19
8,39,48,nearest,93
8,40,11,nearest,37
8,41,28,nearest,35
8,42,28,nearest,44
8,43,28,nearest,44
8,44,28,nearest,43
8,45,28,nearest,45
8,46,45,nearest,20
8,47,17,nearest,3
8,48,2,nearest,3
8,49,34,inner_exact,0
8,50,1,inner_exact,0
8,51,14,nearest,62
8,52,15,nearest,30
8,53,16,nearest,96
8,54,1,inner_exact,0
8,55,1,inner_exact,0
8,56,1,inner_exact,0
8,57,14,nearest,62
8,58,15,nearest,32
8,59,31,nearest,19
8,60,15,nearest,30
8,61,16,nearest,96
8,62,1,inner_exact,0
8,63,1,inner_exact,0
8,64,1,inner_exact,0
8,65,1,inner_exact,0
8,66,1,inner_exact,0
8,67,46,nearest,62
8,68,48,nearest,102
8,69,1,inner_exact,0
8,70,6,nearest,26
8,71,7,nearest,34
8,72,7,nearest,32
8,73,7,nearest,45
8,74,7,nearest,57
8,75,7,nearest,55
8,76,7,nearest,58
8,77,7,nearest,44
8,78,7,nearest,39
8,79,7,nearest,34
8,80,7,nearest,46
8,81,23,nearest,65
8,82,23,nearest,78
8,83,23,nearest,82
8,84,23,nearest,79
8,85,23,nearest,64
8,86,23,nearest,51
8,87,23,nearest,56
8,88,23,nearest,65
8,89,23,nearest,70
8,90,23,nearest,78
8,91,24,nearest,79
8,92,14,nearest,57
8,93,31,nearest,22
8,94,31,nearest,19
8,95,31,nearest,16
8,96,31,nearest,17
8,97,31,nearest,19
8,98,31,nearest,19
8,99,31,nearest,19
8,100,31,nearest,19
8,101,31,nearest,18
8,102,31,nearest,19
8,103,31,nearest,16
8,104,31,nearest,17
8,105,48,nearest,93
8,106,1,inner_exact,0
8,107,1,inner_exact,0
8,108,1,inner_exact,0
8,109,1,inner_exact,0
8,110,1,inner_exact,0
8,111,1,inner_exact,0
8,112,90,nearest,5
8,113,91,inner_exact,0
8,114,91,inner_exact,0
8,115,71,nearest,25
9,0,91,inner_exact,0
9,1,91,inner_exact,0
9,2,92,inner_exact,0
9,3,33,inner_exact,0
9,4,2,inner_exact,0
9,5,2,inner_exact,0
9,6,2,inner_exact,0
9,7,2,inner_exact,0
9,8,2,inner_exact,0
9,9,34,inner_exact,0
9,10,1,inner_exact,0
9,11,30,nearest,36
9,12,31,nearest,6
9,13,31,nearest,6
9,14,31,nearest,8
9,15,31,nearest,8
9,16,31,nearest,8
9,17,31,nearest,6
9,18,31,nearest,3
9,19,31,nearest,6
9,20,31,nearest,6
9,21,31,nearest,8
9,22,32,nearest,68
9,23,1,inner_exact,0
9,24,1,inner_exact,0
9,25,46,nearest,43
9,26,47,nearest,11
9,27,47,nearest,14
9,28,31,nearest,6
9,29,31,nearest,8
9,30,31,nearest,10
9,31,31,nearest,8
9,32,31,nearest,8
9,33,31,nearest,6
9,34,31,nearest,4
9,35,31,nearest,6
9,36,31,nearest,8
9,37,31,nearest,8
9,38,48,nearest,80
9,39,11,nearest,18
9,40,28,nearest,7
9,41,28,nearest,7
9,42,28,nearest,13
9,43,28,nearest,13
9,44,28,nearest,19
9,45,45,nearest,15
9,46,17,inner_exact,0
9,47,2,inner_exact,0
9,48,34,inner_exact,0
9,49,14,nearest,39
9,50,15,nearest,20
9,51,31,nearest,9
9,52,31,nearest,8
9,53,31,nearest,10
9,54,16,nearest,78
9,55,1,inner_exact,0
9,56,14,nearest,40
9,57,31,nearest,6
9,58,31,nearest,6
9,59,31,nearest,8
9,60,31,nearest,8
9,61,31,nearest,10
9,62,15,nearest,13
9,63,15,nearest,13
9,64,16,nearest,78
9,65,1,inner_exact,0
9,66,1,inner_exact,0
9,67,1,inner_exact,0
9,68,1,inner_exact,0
9,69,6,nearest,14
9,70,23,nearest,30
9,71,23,nearest,10
9,72,23,nearest,7
9,73,23,nearest,23
9,74,23,nearest,43
9,75,23,nearest,42
9,76,23,nearest,48
9,77,23,nearest,29
9,78,23,nearest,22
9,79,23,nearest,10
9,80,23,nearest,26
9,81,23,nearest,23
9,82,23,nearest,42
9,83,23,nearest,48
9,84,23,nearest,48
9,85,23,nearest,29
9,86,39,nearest,8
9,87,119,nearest,21
9,88,23,nearest,23
9,89,23,nearest,31
9,90,23,nearest,42
9,91,24,nearest,49
9,92,30,nearest,41
9,93,31,nearest,11
9,94,31,nearest,6
9,95,31,nearest,3
9,96,31,nearest,4
9,97,31,nearest,6
9,98,31,nearest,8
9,99,31,nearest,8
9,100,31,nearest,8
9,101,31,nearest,5
9,102,31,nearest,6
9,103,31,nearest,3
9,104,48,nearest,76
9,105,1,inner_exact,0
9,106,1,inner_exact,0
9,107,1,inner_exact,0
9,108,1,inner_exact,0
9,109,1,inner_exact,0
9,110,1,inner_exact,0
9,111,1,inner_exact,0
9,112,90,inner_exact,0
9,113,91,inner_exact,0
9,114,91,inner_exact,0
9,115,91,inner_exact,0
10,0,91,inner_exact,0
10,1,91,inner_exact,0
10,2,92,nearest,2
10,3,1,inner_exact,0
10,4,33,nearest,1
10,5,2,nearest,1
10,6,2,nearest,2
10,7,2,nearest,3
10,8,34,nearest,1
10,9,1,inner_exact,0
10,10,1,inner_exact,0
10,11,30,nearest,47
10,12,31,nearest,18
10,13,31,nearest,16
10,14,31,nearest,18
10,15,31,nearest,18
10,16,31,nearest,18
10,17,31,nearest,18
10,18,31,nearest,15
10,19,31,nearest,18
10,20,31,nearest,18
10,21,31,nearest,18
10,22,48,nearest,101
10,23,1,inner_exact,0
10,24,6,nearest,7
10,25,7,nearest,25
10,26,7,nearest,21
10,27,8,nearest,37
10,28,46,nearest,56
10,29,31,nearest,18
10,30,31,nearest,20
10,31,31,nearest,18
10,32,31,nearest,20
10,33,31,nearest,18
10,34,31,nearest,16
10,35,31,nearest,18
10,36,31,nearest,18
10,37,32,nearest,63
10,38,1,inner_exact,0
10,39,27,nearest,18
10,40,28,nearest,23
10,41,28,nearest,23
10,42,28,nearest,29
10,43,44,nearest,34
10,44,45,nearest,23
10,45,17,nearest,2
10,46,2,nearest,2
10,47,34,nearest,1
10,48,14,nearest,55
10,49,31,nearest,16
10,50,31,nearest,18
10,51,31,nearest,19
10,52,31,nearest,18
10,53,31,nearest,20
10,54,32,nearest,75
10,55,14,nearest,59
10,56,31,nearest,18
10,57,31,nearest,18
10,58,31,nearest,18
10,59,31,nearest,18
10,60,31,nearest,18
10,61,31,nearest,20
10,62,31,nearest,18
10,63,31,nearest,18
10,64,31,nearest,18
10,65,15,nearest,46
10,66,16,nearest,102
10,67,1,inner_exact,0
10,68,6,nearest,18
10,69,23,nearest,62
10,70,23,nearest,63
10,71,23,nearest,43
10,72,23,nearest,43
10,73,23,nearest,56
10,74,23,nearest,76
10,75,23,nearest,75
10,76,23,nearest,77
10,77,23,nearest,62
10,78,23,nearest,55
10,79,23,nearest,43
10,80,23,nearest,58
10,81,23,nearest,56
10,82,23,nearest,75
10,83,23,nearest,79
10,84,23,nearest,77
10,85,24,nearest,59
10,86,1,inner_exact,0
10,87,1,inner_exact,0
10,88,38,nearest,20
10,89,23,nearest,64
10,90,23,nearest,75
10,91,40,nearest,17
10,92,30,nearest,50
10,93,31,nearest,21
10,94,31,nearest,18
10,95,31,nearest,15
10,96,31,nearest,16
10,97,31,nearest,18
10,98,31,nearest,18
10,99,31,nearest,18
10,100,31,nearest,18
10,101,31,nearest,17
10,102,31,nearest,18
10,103,32,nearest,60
10,104,1,inner_exact,0
10,105,1,inner_exact,0
10,106,1,inner_exact,0
10,107,1,inner_exact,0
10,108,1,inner_exact,0
10,109,1,inner_exact,0
10,110,1,inner_exact,0
10,111,1,inner_exact,0
10,112,1,inner_exact,0
10,113,106,nearest,37
10,114,91,inner_exact,0
10,115,69,nearest,18
11,0,91,inner_exact,0
11,1,91,inner_exact,0
11,2,92,inner_exact,0
11,3,17,nearest,2
11,4,2,nearest,3
11,5,2,nearest,2
11,6,2,nearest,2
11,7,2,nearest,1
11,8,18,nearest,1
11,9,1,inner_exact,0
11,10,1,inner_exact,0
11,11,30,nearest,49
11,12,31,nearest,12
11,13,31,nearest,12
11,14,31,nearest,14
11,15,31,nearest,14
11,16,31,nearest,14
11,17,31,nearest,12
11,18,31,nearest,9
11,19,31,nearest,12
11,20,31,nearest,12
11,21,32,nearest,60
11,22,1,inner_exact,0
11,23,1,inner_exact,0
11,24,22,nearest,24
11,25,23,nearest,26
11,26,23,nearest,20
11,27,24,nearest,41
11,28,1,inner_exact,0
11,29,46,nearest,57
11,30,31,nearest,16
11,31,31,nearest,14
11,32,31,nearest,14
11,33,31,nearest,12
11,34,31,nearest,10
11,35,31,nearest,12
11,36,31,nearest,14
11,37,48,nearest,97
11,38,1,inner_exact,0
11,39,27,nearest,26
11,40,28,nearest,25
11,41,28,nearest,25
11,42,45,nearest,10
11,43,17,nearest,2
11,44,2,nearest,2
11,45,2,nearest,2
11,46,18,nearest,1
11,47,14,nearest,53
11,48,31,nearest,12
11,49,31,nearest,10
11,50,31,nearest,12
11,51,31,nearest,15
11,52,31,nearest,14
11,53,31,nearest,16
11,54,31,nearest,14
11,55,31,nearest,14
11,56,31,nearest,12
11,57,31,nearest,12
11,58,31,nearest,12
11,59,31,nearest,14
11,60,31,nearest,14
11,61,31,nearest,16
11,62,31,nearest,14
11,63,31,nearest,12
11,64,31,nearest,12
11,65,31,nearest,12
11,66,31,nearest,15
11,67,16,nearest,99
11,68,22,nearest,37
11,69,23,nearest,42
11,70,23,nearest,43
11,71,23,nearest,26
11,72,23,nearest,24
11,73,23,nearest,40
11,74,39,nearest,27
11,75,39,nearest,27
11,76,119,nearest,68
11,77,39,nearest,19
11,78,39,nearest,19
11,79,23,nearest,26
11,80,23,nearest,43
11,81,23,nearest,40
11,82,23,nearest,56
11,83,23,nearest,62
11,84,23,nearest,61
11,85,24,nearest,25
11,86,1,inner_exact,0
11,87,1,inner_exact,0
11,88,1,inner_exact,0
11,89,22,nearest,33
11,90,24,nearest,51
11,91,14,nearest,60
11,92,31,nearest,14
11,93,31,nearest,17
11,94,31,nearest,12
11,95,31,nearest,9
11,96,31,nearest,10
11,97,31,nearest,12
11,98,31,nearest,14
11,99,31,nearest,14
11,100,31,nearest,14
11,101,31,nearest,11
11,102,31,nearest,12
11,103,32,nearest,57
11,104,1,inner_exact,0
11,105,1,inner_exact,0
11,106,1,inner_exact,0
11,107,1,inner_exact,0
11,108,1,inner_exact,0
11,109,1,inner_exact,0
11,110,1,inner_exact,0
11,111,1,inner_exact,0
11,112,1,inner_exact,0
11,113,90,inner_exact,0
11,114,69,nearest,19
11,115,101,nearest,15
12,0,91,inner_exact,0
12,1,108,nearest,26
12,2,1,inner_exact,0
12,3,17,inner_exact,0
12,4,2,nearest,1
12,5,2,nearest,1
12,6,2,nearest,1
12,7,2,nearest,1
12,8,34,inner_exact,0
12,9,1,inner_exact,0
12,10,1,inner_exact,0
12,11,30,nearest,38
12,12,31,nearest,7
12,13,31,nearest,7
12,14,31,nearest,9
12,15,31,nearest,9
12,16,31,nearest,9
12,17,31,nearest,7
12,18,31,nearest,4
12,19,31,nearest,7
12,20,31,nearest,7
12,21,32,nearest,54
12,22,1,inner_exact,0
12,23,1,inner_exact,0
12,24,38,nearest,10
12,25,39,nearest,16
12,26,23,nearest,12
12,27,23,nearest,31
12,28,7,nearest,33
12,29,8,nearest,24
12,30,46,nearest,47
12,31,31,nearest,9
12,32,31,nearest,9
12,33,47,nearest,18
12,34,47,nearest,10
12,35,47,nearest,15
12,36,48,nearest,89
12,37,1,inner_exact,0
12,38,11,nearest,19
12,39,28,nearest,14
12,40,28,nearest,9
12,41,45,nearest,9
12,42,17,inner_exact,0
12,43,2,nearest,1
12,44,2,nearest,1
12,45,34,nearest,1
12,46,1,inner_exact,0
12,47,30,nearest,40
12,48,31,nearest,7
12,49,31,nearest,5
12,50,31,nearest,7
12,51,31,nearest,10
12,52,31,nearest,9
12,53,31,nearest,11
12,54,31,nearest,9
12,55,31,nearest,9
12,56,31,nearest,7
12,57,31,nearest,7
12,58,31,nearest,7
12,59,31,nearest,9
12,60,31,nearest,9
12,61,31,nearest,11
12,62,31,nearest,9
12,63,31,nearest,7
12,64,31,nearest,7
12,65,31,nearest,7
12,66,31,nearest,10
12,67,32,nearest,54
12,68,38,nearest,13
12,69,23,nearest,37
12,70,23,nearest,38
12,71,23,nearest,18
12,72,23,nearest,15
12,73,40,nearest,3
12,74,84,inner_exact,0
12,75,84,inner_exact,0
12,76,84,inner_exact,0
12,77,84,inner_exact,0
12,78,84,inner_exact,0
12,79,38,nearest,15
12,80,23,nearest,34
12,81,23,nearest,31
12,82,23,nearest,50
12,83,23,nearest,56
12,84,23,nearest,56
12,85,24,nearest,29
12,86,1,inner_exact,0
12,87,1,inner_exact,0
12,88,1,inner_exact,0
12,89,22,nearest,21
12,90,24,nearest,55
12,91,30,nearest,54
12,92,31,nearest,9
12,93,31,nearest,12
12,94,31,nearest,7
12,95,31,nearest,4
12,96,31,nearest,5
12,97,31,nearest,7
12,98,31,nearest,9
12,99,31,nearest,9
12,100,31,nearest,9
12,101,31,nearest,6
12,102,31,nearest,7
12,103,32,nearest,51
12,104,1,inner_exact,0
12,105,1,inner_exact,0
12,106,1,inner_exact,0
12,107,1,inner_exact,0
12,108,1,inner_exact,0
12,109,1,inner_exact,0
12,110,1,inner_exact,0
12,111,1,inner_exact,0
12,112,1,inner_exact,0
12,113,90,inner_exact,0
12,114,101,nearest,19
12,115,101,nearest,10
13,0,108,nearest,37
13,1,1,inner_exact,0
13,2,17,nearest,4
13,3,2,nearest,3
13,4,2,nearest,3
13,5,2,nearest,2
13,6,2,nearest,3
13,7,34,nearest,1
13,8,1,inner_exact,0
13,9,1,inner_exact,0
13,10,14,nearest,65
13,11,31,nearest,21
13,12,31,nearest,23
13,13,31,nearest,21
13,14,31,nearest,23
13,15,31,nearest,23
13,16,31,nearest,23
13,17,31,nearest,23
13,18,31,nearest,20
13,19,31,nearest,23
13,20,31,nearest,23
13,21,48,nearest,107
13,22,11,nearest,57
13,23,12,nearest,51
13,24,12,nearest,49
13,25,13,nearest,29
13,26,38,nearest,15
13,27,23,nearest,65
13,28,23,nearest,72
13,29,24,nearest,77
13,30,1,inner_exact,0
13,31,46,nearest,71
13,32,48,nearest,100
13,33,6,nearest,17
13,34,7,nearest,31
13,35,7,nearest,45
13,36,7,nearest,58
13,37,8,nearest,49
13,38,43,nearest,32
13,39,44,nearest,39
13,40,45,nearest,19
13,41,17,nearest,4
13,42,2,nearest,3
13,43,2,nearest,3
13,44,2,nearest,3
13,45,18,inner_exact,0
13,46,1,inner_exact,0
13,47,30,nearest,60
13,48,31,nearest,23
13,49,31,nearest,21
13,50,31,nearest,23
13,51,31,nearest,24
13,52,31,nearest,23
13,53,31,nearest,25
13,54,31,nearest,23
13,55,31,nearest,25
13,56,31,nearest,23
13,57,31,nearest,23
13,58,31,nearest,23
13,59,31,nearest,23
13,60,31,nearest,23
13,61,31,nearest,25
13,62,31,nearest,23
13,63,31,nearest,23
13,64,31,nearest,23
13,65,31,nearest,23
13,66,31,nearest,24
13,67,32,nearest,69
13,68,1,inner_exact,0
13,69,22,nearest,38
13,70,23,nearest,68
13,71,23,nearest,51
13,72,24,nearest,55
13,73,9,nearest,20
13,74,67,nearest,13
13,75,67,nearest,11
13,76,67,nearest,18
13,77,67,nearest,17
13,78,67,nearest,18
13,79,10,nearest,28
13,80,22,nearest,38
13,81,23,nearest,65
13,82,23,nearest,81
13,83,23,nearest,85
13,84,23,nearest,82
13,85,24,nearest,55
13,86,1,inner_exact,0
13,87,1,inner_exact,0
13,88,6,nearest,15
13,89,23,nearest,73
13,90,24,nearest,77
13,91,30,nearest,72
13,92,31,nearest,23
13,93,31,nearest,26
13,94,31,nearest,23
13,95,48,nearest,94
13,96,46,nearest,62
13,97,31,nearest,23
13,98,31,nearest,23
13,99,31,nearest,23
13,100,31,nearest,23
13,101,31,nearest,22
13,102,31,nearest,23
13,103,31,nearest,20
13,104,16,nearest,106
13,105,1,inner_exact,0
13,106,1,inner_exact,0
13,107,1,inner_exact,0
13,108,1,inner_exact,0
13,109,1,inner_exact,0
13,110,1,inner_exact,0
13,111,1,inner_exact,0
13,112,1,inner_exact,0
13,113,90,nearest,5
13,114,101,nearest,36
13,115,101,nearest,25
14,0,92,inner_exact,0
14,1,17,inner_exact,0
14,2,2,inner_exact,0
14,3,2,inner_exact,0
14,4,2,inner_exact,0
14,5,2,inner_exact,0
14,6,34,inner_exact,0
14,7,1,inner_exact,0
14,8,14,nearest,39
14,9,15,nearest,10
14,10,31,nearest,6
14,11,31,nearest,4
14,12,31,nearest,6
14,13,31,nearest,6
14,14,31,nearest,8
14,15,31,nearest,8
14,16,31,nearest,8
14,17,31,nearest,6
14,18,31,nearest,3
14,19,31,nearest,6
14,20,32,nearest,53
14,21,11,nearest,22
14,22,28,nearest,22
14,23,28,nearest,13
14,24,28,nearest,9
14,25,28,nearest,7
14,26,13,nearest,7
14,27,22,nearest,10
14,28,23,nearest,30
14,29,23,nearest,42
14,30,7,nearest,35
14,31,7,nearest,20
14,32,7,nearest,12
14,33,23,nearest,10
14,34,23,nearest,4
14,35,23,nearest,23
14,36,23,nearest,42
14,37,24,nearest,46
14,38,1,inner_exact,0
14,39,1,inner_exact,0
14,40,17,inner_exact,0
14,41,2,inner_exact,0
14,42,2,inner_exact,0
14,43,2,inner_exact,0
14,44,2,inner_exact,0
14,45,34,inner_exact,0
14,46,14,nearest,39
14,47,31,nearest,5
14,48,31,nearest,6
14,49,31,nearest,4
14,50,31,nearest,6
14,51,31,nearest,9
14,52,31,nearest,8
14,53,31,nearest,10
14,54,31,nearest,8
14,55,31,nearest,8
14,56,31,nearest,6
14,57,31,nearest,6
14,58,31,nearest,6
14,59,31,nearest,8
14,60,31,nearest,8
14,61,31,nearest,10
14,62,31,nearest,8
14,63,31,nearest,6
14,64,31,nearest,6
14,65,31,nearest,6
14,66,31,nearest,9
14,67,48,nearest,87
14,68,6,nearest,13
14,69,23,nearest,29
14,70,23,nearest,30
14,71,23,nearest,10
14,72,24,nearest,17
14,73,59,nearest,4
14,74,67,nearest,6
14,75,67,nearest,4
14,76,67,nearest,11
14,77,67,nearest,10
14,78,67,nearest,11
14,79,67,nearest,10
14,80,22,nearest,13
14,81,23,nearest,23
14,82,23,nearest,42
14,83,23,nearest,48
14,84,23,nearest,48
14,85,40,nearest,7
14,86,1,inner_exact,0
14,87,1,inner_exact,0
14,88,38,nearest,6
14,89,23,nearest,31
14,90,24,nearest,46
14,91,30,nearest,52
14,92,31,nearest,8
14,93,31,nearest,11
14,94,32,nearest,65
14,95,1,inner_exact,0
14,96,1,inner_exact,0
14,97,30,nearest,46
14,98,31,nearest,8
14,99,31,nearest,8
14,100,31,nearest,8
14,101,31,nearest,5
14,102,31,nearest,6
14,103,31,nearest,3
14,104,31,nearest,4
14,105,15,nearest,17
14,106,15,nearest,20
14,107,16,nearest,77
14,108,1,inner_exact,0
14,109,1,inner_exact,0
14,110,1,inner_exact,0
14,111,1,inner_exact,0
14,112,1,inner_exact,0
14,113,74,nearest,31
14,114,101,nearest,17
14,115,101,nearest,8
15,0,92,nearest,2
15,1,1,inner_exact,0
15,2,33,nearest,3
15,3,2,inner_exact,0
15,4,2,nearest,1
15,5,2,nearest,1
15,6,34,nearest,2
15,7,14,nearest,55
15,8,31,nearest,18
15,9,31,nearest,15
15,10,31,nearest,18
15,11,31,nearest,16
15,12,31,nearest,18
15,13,31,nearest,16
15,14,31,nearest,18
15,15,31,nearest,18
15,16,31,nearest,18
15,17,31,nearest,18
15,18,31,nearest,15
15,19,31,nearest,18
15,20,32,nearest,62
15,21,27,nearest,21
15,22,28,nearest,35
15,23,79,nearest,34
15,24,28,nearest,21
15,25,28,nearest,23
15,26,29,nearest,33
15,27,22,nearest,23
15,28,23,nearest,63
15,29,23,nearest,75
15,30,23,nearest,75
15,31,23,nearest,62
15,32,23,nearest,55
15,33,23,nearest,43
15,34,23,nearest,41
15,35,23,nearest,56
15,36,23,nearest,75
15,37,24,nearest,81
15,38,1,inner_exact,0
15,39,1,inner_exact,0
15,40,33,nearest,3
15,41,2,nearest,1
15,42,2,nearest,1
15,43,2,nearest,1
15,44,34,nearest,2
15,45,1,inner_exact,0
15,46,30,nearest,50
15,47,31,nearest,17
15,48,31,nearest,18
15,49,31,nearest,16
15,50,31,nearest,18
15,51,31,nearest,19
15,52,31,nearest,18
15,53,31,nearest,20
15,54,31,nearest,18
15,55,31,nearest,20
15,56,31,nearest,18
15,57,31,nearest,18
15,58,31,nearest,18
15,59,31,nearest,18
15,60,31,nearest,18
15,61,31,nearest,20
15,62,31,nearest,18
15,63,31,nearest,18
15,64,31,nearest,18
15,65,47,nearest,26
15,66,48,nearest,98
15,67,6,nearest,15
15,68,23,nearest,79
15,69,23,nearest,62
15,70,23,nearest,63
15,71,23,nearest,43
15,72,24,nearest,56
15,73,25,nearest,16
15,74,67,nearest,10
15,75,67,nearest,8
15,76,67,nearest,15
15,77,67,nearest,14
15,78,67,nearest,15
15,79,26,nearest,21
15,80,22,nearest,26
15,81,23,nearest,56
15,82,23,nearest,75
15,83,23,nearest,79
15,84,24,nearest,74
15,85,1,inner_exact,0
15,86,1,inner_exact,0
15,87,1,inner_exact,0
15,88,1,inner_exact,0
15,89,22,nearest,31
15,90,24,nearest,81
15,91,30,nearest,61
15,92,31,nearest,18
15,93,31,nearest,18
15,94,32,nearest,74
15,95,1,inner_exact,0
15,96,1,inner_exact,0
15,97,30,nearest,57
15,98,31,nearest,18
15,99,31,nearest,18
15,100,31,nearest,18
15,101,31,nearest,17
15,102,31,nearest,18
15,103,31,nearest,15
15,104,31,nearest,16
15,105,31,nearest,15
15,106,31,nearest,18
15,107,32,nearest,63
15,108,1,inner_exact,0
15,109,1,inner_exact,0
15,110,1,inner_exact,0
15,111,1,inner_exact,0
15,112,90,nearest,5
15,113,73,nearest,82
15,114,71,nearest,35
15,115,101,nearest,20
16,0,92,inner_exact,0
16,1,1,inner_exact,0
16,2,1,inner_exact,0
16,3,33,inner_exact,0
16,4,2,nearest,3
16,5,34,inner_exact,0
16,6,1,inner_exact,0
16,7,30,nearest,64
16,8,31,nearest,14
16,9,31,nearest,9
16,10,31,nearest,12
16,11,31,nearest,10
16,12,31,nearest,12
16,13,31,nearest,12
16,14,31,nearest,14
16,15,31,nearest,14
16,16,31,nearest,14
16,17,31,nearest,12
16,18,31,nearest,9
16,19,31,nearest,12
16,20,32,nearest,59
16,21,27,nearest,30
16,22,28,nearest,36
16,23,28,nearest,27
16,24,28,nearest,25
16,25,28,nearest,25
16,26,29,nearest,23
16,27,38,nearest,6
16,28,39,nearest,20
16,29,23,nearest,56
16,30,23,nearest,58
16,31,23,nearest,42
16,32,23,nearest,35
16,33,23,nearest,26
16,34,39,nearest,10
16,35,39,nearest,20
16,36,39,nearest,27
16,37,40,nearest,6
16,38,1,inner_exact,0
16,39,1,inner_exact,0
16,40,1,inner_exact,0
16,41,33,nearest,1
16,42,34,nearest,1
16,43,1,inner_exact,0
16,44,1,inner_exact,0
16,45,14,nearest,59
16,46,31,nearest,14
16,47,31,nearest,11
16,48,31,nearest,12
16,49,31,nearest,10
16,50,31,nearest,12
16,51,31,nearest,15
16,52,31,nearest,14
16,53,31,nearest,16
16,54,31,nearest,14
16,55,31,nearest,14
16,56,31,nearest,12
16,57,31,nearest,12
16,58,31,nearest,12
16,59,31,nearest,14
16,60,31,nearest,14
16,61,31,nearest,16
16,62,31,nearest,14
16,63,31,nearest,12
16,64,48,nearest,86
16,65,6,nearest,13
16,66,7,nearest,45
16,67,23,nearest,56
16,68,23,nearest,62
16,69,23,nearest,42
16,70,23,nearest,43
16,71,23,nearest,26
16,72,23,nearest,24
16,73,7,nearest,35
16,74,7,nearest,48
16,75,7,nearest,46
16,76,8,nearest,33
16,77,11,nearest,34
16,78,12,nearest,38
16,79,13,nearest,24
16,80,38,nearest,9
16,81,23,nearest,40
16,82,23,nearest,56
16,83,23,nearest,62
16,84,24,nearest,44
16,85,1,inner_exact,0
16,86,1,inner_exact,0
16,87,123,nearest,104
16,88,123,nearest,88
16,89,22,nearest,33
16,90,24,nearest,51
16,91,46,nearest,63
16,92,47,nearest,44
16,93,47,nearest,44
16,94,48,nearest,86
16,95,1,inner_exact,0
16,96,1,inner_exact,0
16,97,30,nearest,59
16,98,31,nearest,14
16,99,31,nearest,14
16,100,31,nearest,14
16,101,31,nearest,11
16,102,31,nearest,12
16,103,31,nearest,9
16,104,31,nearest,10
16,105,31,nearest,9
16,106,31,nearest,14
16,107,32,nearest,60
16,108,1,inner_exact,0
16,109,1,inner_exact,0
16,110,1,inner_exact,0
16,111,1,inner_exact,0
16,112,90,inner_exact,0
16,113,73,nearest,80
16,114,91,inner_exact,0
16,115,71,nearest,18
17,0,1,inner_exact,0
17,1,1,inner_exact,0
17,2,1,inner_exact,0
17,3,1,inner_exact,0
17,4,33,inner_exact,0
17,5,34,nearest,1
17,6,1,inner_exact,0
17,7,30,nearest,53
17,8,31,nearest,9
17,9,31,nearest,4
17,10,31,nearest,7
17,11,31,nearest,5
17,12,31,nearest,7
17,13,31,nearest,7
17,14,31,nearest,9
17,15,31,nearest,9
17,16,31,nearest,9
17,17,31,nearest,7
17,18,31,nearest,4
17,19,31,nearest,7
17,20,32,nearest,53
17,21,43,nearest,18
17,22,28,nearest,24
17,23,28,nearest,14
17,24,44,nearest,9
17,25,44,nearest,15
17,26,45,nearest,6
17,27,1,inner_exact,0
17,28,1,inner_exact,0
17,29,38,nearest,10
17,30,23,nearest,53
17,31,23,nearest,37
17,32,23,nearest,30
17,33,40,nearest,7
17,34,1,inner_exact,0
17,35,1,inner_exact,0
17,36,1,inner_exact,0
17,37,1,inner_exact,0
17,38,1,inner_exact,0
17,39,1,inner_exact,0
17,40,1,inner_exact,0
17,41,1,inner_exact,0
17,42,1,inner_exact,0
17,43,1,inner_exact,0
17,44,1,inner_exact,0
17,45,30,nearest,54
17,46,31,nearest,9
17,47,31,nearest,6
17,48,31,nearest,7
17,49,31,nearest,5
17,50,31,nearest,7
17,51,31,nearest,10
17,52,31,nearest,9
17,53,31,nearest,11
17,54,31,nearest,9
17,55,31,nearest,9
17,56,31,nearest,7
17,57,31,nearest,7
17,58,31,nearest,7
17,59,31,nearest,9
17,60,31,nearest,9
17,61,31,nearest,11
17,62,31,nearest,9
17,63,32,nearest,65
17,64,1,inner_exact,0
17,65,22,nearest,13
17,66,23,nearest,39
17,67,23,nearest,50
17,68,23,nearest,56
17,69,23,nearest,37
17,70,23,nearest,38
17,71,23,nearest,18
17,72,23,nearest,15
17,73,23,nearest,31
17,74,23,nearest,51
17,75,23,nearest,50
17,76,40,nearest,8
17,77,27,nearest,14
17,78,28,nearest,13
17,79,28,nearest,9
17,80,13,nearest,14
17,81,38,nearest,12
17,82,23,nearest,50
17,83,23,nearest,56
17,84,24,nearest,48
17,85,1,inner_exact,0
17,86,1,inner_exact,0
17,87,1,inner_exact,0
17,88,123,nearest,36
17,89,22,nearest,19
17,90,23,nearest,50
17,91,8,nearest,24
17,92,1,inner_exact,0
17,93,1,inner_exact,0
17,94,1,inner_exact,0
17,95,1,inner_exact,0
17,96,1,inner_exact,0
17,97,30,nearest,48
17,98,31,nearest,9
17,99,31,nearest,9
17,100,31,nearest,9
17,101,31,nearest,6
17,102,31,nearest,7
17,103,31,nearest,4
17,104,31,nearest,5
17,105,31,nearest,4
17,106,31,nearest,9
17,107,48,nearest,82
17,108,1,inner_exact,0
17,109,1,inner_exact,0
17,110,1,inner_exact,0
17,111,1,inner_exact,0
17,112,74,nearest,23
17,113,73,nearest,59
17,114,91,inner_exact,0
17,115,91,inner_exact,0
18,0,1,inner_exact,0
18,1,1,inner_exact,0
18,2,1,inner_exact,0
18,3,1,inner_exact,0
18,4,1,inner_exact,0
18,5,1,inner_exact,0
18,6,14,nearest,64
18,7,31,nearest,25
18,8,31,nearest,23
18,9,31,nearest,20
18,10,31,nearest,23
18,11,31,nearest,21
18,12,31,nearest,23
18,13,31,nearest,21
18,14,31,nearest,23
18,15,31,nearest,23
18,16,31,nearest,23
18,17,31,nearest,23
18,18,31,nearest,20
18,19,31,nearest,23
18,20,32,nearest,68
18,21,1,inner_exact,0
18,22,43,nearest,39
18,23,45,nearest,22
18,24,1,inner_exact,0
18,25,1,inner_exact,0
18,26,1,inner_exact,0
18,27,1,inner_exact,0
18,28,1,inner_exact,0
18,29,1,inner_exact,0
18,30,38,nearest,15
18,31,39,nearest,45
18,32,40,nearest,22
18,33,1,inner_exact,0
18,34,1,inner_exact,0
18,35,1,inner_exact,0
18,36,1,inner_exact,0
18,37,1,inner_exact,0
18,38,1,inner_exact,0
18,39,1,inner_exact,0
18,40,1,inner_exact,0
18,41,1,inner_exact,0
18,42,1,inner_exact,0
18,43,1,inner_exact,0
18,44,14,nearest,64
18,45,31,nearest,26
18,46,31,nearest,23
18,47,31,nearest,22
18,48,31,nearest,23
18,49,31,nearest,21
18,50,31,nearest,23
18,51,31,nearest,24
18,52,31,nearest,23
18,53,31,nearest,25
18,54,31,nearest,23
18,55,31,nearest,25
18,56,31,nearest,23
18,57,31,nearest,23
18,58,31,nearest,23
18,59,31,nearest,23
18,60,31,nearest,23
18,61,31,nearest,25
18,62,31,nearest,23
18,63,48,nearest,96
18,64,6,nearest,17
18,65,23,nearest,65
18,66,23,nearest,73
18,67,23,nearest,81
18,68,23,nearest,85
18,69,23,nearest,67
18,70,23,nearest,68
18,71,23,nearest,51
18,72,23,nearest,52
18,73,39,nearest,49
18,74,39,nearest,56
18,75,40,nearest,16
18,76,1,inner_exact,0
18,77,43,nearest,32
18,78,44,nearest,44
18,79,44,nearest,44
18,80,45,nearest,23
18,81,1,inner_exact,0
18,82,38,nearest,12
18,83,23,nearest,85
18,84,23,nearest,82
18,85,7,nearest,47
18,86,8,nearest,38
18,87,1,inner_exact,0
18,88,1,inner_exact,0
18,89,22,nearest,35
18,90,23,nearest,81
18,91,23,nearest,85
18,92,8,nearest,35
18,93,1,inner_exact,0
18,94,1,inner_exact,0
18,95,1,inner_exact,0
18,96,14,nearest,63
18,97,31,nearest,23
18,98,31,nearest,23
18,99,31,nearest,23
18,100,31,nearest,23
18,101,31,nearest,22
18,102,31,nearest,23
18,103,31,nearest,20
18,104,31,nearest,21
18,105,31,nearest,20
18,106,48,nearest,107
18,107,1,inner_exact,0
18,108,1,inner_exact,0
18,109,1,inner_exact,0
18,110,1,inner_exact,0
18,111,90,nearest,5
18,112,73,nearest,86
18,113,87,nearest,63
18,114,91,inner_exact,0
18,115,69,nearest,24
19,0,1,inner_exact,0
19,1,1,inner_exact,0
19,2,1,inner_exact,0
19,3,1,inner_exact,0
19,4,14,nearest,42
19,5,15,nearest,19
19,6,31,nearest,8
19,7,31,nearest,10
19,8,31,nearest,8
19,9,31,nearest,3
19,10,31,nearest,6
19,11,31,nearest,4
19,12,31,nearest,6
19,13,31,nearest,6
19,14,31,nearest,8
19,15,31,nearest,8
19,16,31,nearest,8
19,17,31,nearest,6
19,18,31,nearest,3
19,19,31,nearest,6
19,20,48,nearest,83
19,21,1,inner_exact,0
19,22,6,nearest,13
19,23,7,nearest,20
19,24,7,nearest,10
19,25,7,nearest,6
19,26,8,nearest,12
19,27,1,inner_exact,0
19,28,1,inner_exact,0
19,29,1,inner_exact,0
19,30,1,inner_exact,0
19,31,1,inner_exact,0
19,32,1,inner_exact,0
19,33,1,inner_exact,0
19,34,6,nearest,1
19,35,8,nearest,27
19,36,1,inner_exact,0
19,37,1,inner_exact,0
19,38,1,inner_exact,0
19,39,1,inner_exact,0
19,40,1,inner_exact,0
19,41,1,inner_exact,0
19,42,1,inner_exact,0
19,43,14,nearest,42
19,44,31,nearest,8
19,45,31,nearest,11
19,46,31,nearest,8
19,47,31,nearest,5
19,48,31,nearest,6
19,49,31,nearest,4
19,50,31,nearest,6
19,51,31,nearest,9
19,52,31,nearest,8
19,53,31,nearest,10
19,54,31,nearest,8
19,55,31,nearest,8
19,56,31,nearest,6
19,57,31,nearest,6
19,58,31,nearest,6
19,59,31,nearest,8
19,60,31,nearest,8
19,61,31,nearest,10
19,62,48,nearest,80
19,63,6,nearest,5
19,64,23,nearest,10
19,65,23,nearest,23
19,66,23,nearest,31
19,67,23,nearest,42
19,68,23,nearest,48
19,69,23,nearest,29
19,70,39,nearest,14
19,71,39,nearest,8
19,72,40,nearest,6
19,73,1,inner_exact,0
19,74,1,inner_exact,0
19,75,1,inner_exact,0
19,76,1,inner_exact,0
19,77,1,inner_exact,0
19,78,1,inner_exact,0
19,79,1,inner_exact,0
19,80,1,inner_exact,0
19,81,11,nearest,16
19,82,13,nearest,10
19,83,22,nearest,21
19,84,23,nearest,48
19,85,23,nearest,29
19,86,24,nearest,6
19,87,1,inner_exact,0
19,88,6,nearest,1
19,89,23,nearest,23
19,90,23,nearest,42
19,91,23,nearest,48
19,92,24,nearest,19
19,93,1,inner_exact,0
19,94,1,inner_exact,0
19,95,14,nearest,38
19,96,31,nearest,4
19,97,31,nearest,6
19,98,31,nearest,8
19,99,31,nearest,8
19,100,31,nearest,8
19,101,31,nearest,5
19,102,31,nearest,6
19,103,31,nearest,3
19,104,31,nearest,4
19,105,32,nearest,50
19,106,1,inner_exact,0
19,107,1,inner_exact,0
19,108,1,inner_exact,0
19,109,1,inner_exact,0
19,110,1,inner_exact,0
19,111,90,inner_exact,0
19,112,73,nearest,36
19,113,91,inner_exact,0
19,114,91,inner_exact,0
19,115,101,nearest,8
20,0,1,inner_exact,0
20,1,1,inner_exact,0
20,2,1,inner_exact,0
20,3,1,inner_exact,0
20,4,30,nearest,57
20,5,31,nearest,16
20,6,31,nearest,18
20,7,31,nearest,20
20,8,31,nearest,18
20,9,31,nearest,15
20,10,31,nearest,18
20,11,31,nearest,16
20,12,31,nearest,18
20,13,31,nearest,16
20,14,31,nearest,18
20,15,31,nearest,18
20,16,31,nearest,18
20,17,31,nearest,18
20,18,31,nearest,15
20,19,32,nearest,62
20,20,6,nearest,4
20,21,7,nearest,51
20,22,23,nearest,79
20,23,23,nearest,62
20,24,23,nearest,54
20,25,23,nearest,43
20,26,23,nearest,39
20,27,7,nearest,35
20,28,7,nearest,43
20,29,8,nearest,35
20,30,1,inner_exact,0
20,31,1,inner_exact,0
20,32,1,inner_exact,0
20,33,1,inner_exact,0
20,34,22,nearest,19
20,35,24,nearest,69
20,36,11,nearest,38
20,37,13,nearest,18
20,38,1,inner_exact,0
20,39,1,inner_exact,0
20,40,1,inner_exact,0
20,41,1,inner_exact,0
20,42,1,inner_exact,0
20,43,30,nearest,57
20,44,31,nearest,18
20,45,31,nearest,21
20,46,31,nearest,18
20,47,32,nearest,73
20,48,46,nearest,58
20,49,31,nearest,16
20,50,31,nearest,18
20,51,31,nearest,19
20,52,31,nearest,18
20,53,31,nearest,20
20,54,31,nearest,18
20,55,31,nearest,20
20,56,31,nearest,18
20,57,31,nearest,18
20,58,31,nearest,18
20,59,31,nearest,18
20,60,31,nearest,18
20,61,32,nearest,77
20,62,6,nearest,19
20,63,23,nearest,43
20,64,23,nearest,43
20,65,23,nearest,56
20,66,39,nearest,53
20,67,39,nearest,59
20,68,39,nearest,60
20,69,40,nearest,17
20,70,11,nearest,33
20,71,12,nearest,40
20,72,12,nearest,44
20,73,12,nearest,45
20,74,12,nearest,53
20,75,12,nearest,49
20,76,12,nearest,48
20,77,12,nearest,44
20,78,12,nearest,43
20,79,12,nearest,40
20,80,12,nearest,48
20,81,28,nearest,29
20,82,29,nearest,41
20,83,22,nearest,31
20,84,23,nearest,77
20,85,23,nearest,62
20,86,40,nearest,16
20,87,1,inner_exact,0
20,88,38,nearest,20
20,89,39,nearest,53
20,90,23,nearest,75
20,91,23,nearest,79
20,92,24,nearest,59
20,93,1,inner_exact,0
20,94,14,nearest,55
20,95,31,nearest,15
20,96,31,nearest,16
20,97,31,nearest,18
20,98,31,nearest,18
20,99,31,nearest,18
20,100,31,nearest,18
20,101,31,nearest,17
20,102,31,nearest,18
20,103,31,nearest,15
20,104,31,nearest,16
20,105,32,nearest,59
20,106,1,inner_exact,0
20,107,1,inner_exact,0
20,108,1,inner_exact,0
20,109,1,inner_exact,0
20,110,1,inner_exact,0
20,111,90,nearest,5
20,112,73,nearest,68
20,113,91,inner_exact,0
20,114,69,nearest,21
20,115,101,nearest,20
21,0,1,inner_exact,0
21,1,1,inner_exact,0
21,2,1,inner_exact,0
21,3,1,inner_exact,0
21,4,30,nearest,59
21,5,31,nearest,12
21,6,31,nearest,14
21,7,31,nearest,16
21,8,31,nearest,14
21,9,31,nearest,9
21,10,31,nearest,12
21,11,31,nearest,10
21,12,31,nearest,12
21,13,31,nearest,12
21,14,31,nearest,14
21,15,31,nearest,14
21,16,31,nearest,14
21,17,31,nearest,12
21,18,31,nearest,9
21,19,32,nearest,59
21,20,22,nearest,25
21,21,23,nearest,56
21,22,23,nearest,62
21,23,23,nearest,42
21,24,23,nearest,34
21,25,23,nearest,26
21,26,23,nearest,20
21,27,23,nearest,40
21,28,23,nearest,47
21,29,24,nearest,51
21,30,1,inner_exact,0
21,31,1,inner_exact,0
21,32,1,inner_exact,0
21,33,6,nearest,15
21,34,23,nearest,21
21,35,40,nearest,5
21,36,27,nearest,30
21,37,28,nearest,35
21,38,13,nearest,26
21,39,1,inner_exact,0
21,40,1,inner_exact,0
21,41,1,inner_exact,0
21,42,14,nearest,58
21,43,31,nearest,12
21,44,31,nearest,14
21,45,31,nearest,17
21,46,31,nearest,14
21,47,32,nearest,70
21,48,1,inner_exact,0
21,49,46,nearest,55
21,50,31,nearest,12
21,51,31,nearest,15
21,52,31,nearest,14
21,53,31,nearest,16
21,54,31,nearest,14
21,55,31,nearest,14
21,56,31,nearest,12
21,57,31,nearest,12
21,58,31,nearest,12
21,59,31,nearest,14
21,60,31,nearest,14
21,61,32,nearest,74
21,62,22,nearest,32
21,63,23,nearest,26
21,64,23,nearest,26
21,65,40,nearest,5
21,66,1,inner_exact,0
21,67,88,nearest,50
21,68,89,nearest,50
21,69,11,nearest,34
21,70,28,nearest,30
21,71,28,nearest,25
21,72,28,nearest,29
21,73,28,nearest,33
21,74,28,nearest,38
21,75,28,nearest,35
21,76,28,nearest,32
21,77,28,nearest,27
21,78,28,nearest,28
21,79,28,nearest,25
21,80,28,nearest,34
21,81,28,nearest,33
21,82,29,nearest,33
21,83,22,nearest,34
21,84,23,nearest,61
21,85,24,nearest,25
21,86,11,nearest,29
21,87,12,nearest,33
21,88,12,nearest,36
21,89,13,nearest,21
21,90,22,nearest,31
21,91,23,nearest,62
21,92,24,nearest,25
21,93,14,nearest,55
21,94,31,nearest,12
21,95,31,nearest,9
21,96,31,nearest,10
21,97,31,nearest,12
21,98,31,nearest,14
21,99,31,nearest,14
21,100,31,nearest,14
21,101,31,nearest,11
21,102,31,nearest,12
21,103,31,nearest,9
21,104,31,nearest,10
21,105,48,nearest,90
21,106,1,inner_exact,0
21,107,1,inner_exact,0
21,108,1,inner_exact,0
21,109,1,inner_exact,0
21,110,1,inner_exact,0
21,111,90,inner_exact,0
21,112,73,nearest,65
21,113,91,inner_exact,0
21,114,101,nearest,24
21,115,101,nearest,15
22,0,1,inner_exact,0
22,1,1,inner_exact,0
22,2,1,inner_exact,0
22,3,1,inner_exact,0
22,4,46,nearest,48
22,5,31,nearest,11
22,6,31,nearest,13
22,7,31,nearest,15
22,8,31,nearest,13
22,9,31,nearest,8
22,10,31,nearest,11
22,11,31,nearest,9
22,12,31,nearest,11
22,13,31,nearest,11
22,14,31,nearest,13
22,15,31,nearest,13
22,16,31,nearest,13
22,17,31,nearest,11
22,18,31,nearest,8
22,19,32,nearest,56
22,20,22,nearest,16
22,21,23,nearest,55
22,22,23,nearest,59
22,23,23,nearest,40
22,24,23,nearest,32
22,25,23,nearest,21
22,26,23,nearest,17
22,27,23,nearest,36
22,28,23,nearest,43
22,29,24,nearest,63
22,30,1,inner_exact,0
22,31,1,inner_exact,0
22,32,6,nearest,6
22,33,23,nearest,21
22,34,24,nearest,31
22,35,11,nearest,23
22,36,28,nearest,24
22,37,28,nearest,24
22,38,29,nearest,32
22,39,1,inner_exact,0
22,40,1,inner_exact,0
22,41,1,inner_exact,0
22,42,46,nearest,48
22,43,31,nearest,11
22,44,31,nearest,13
22,45,31,nearest,16
22,46,31,nearest,13
22,47,32,nearest,67
22,48,1,inner_exact,0
22,49,1,inner_exact,0
22,50,30,nearest,52
22,51,31,nearest,14
22,52,31,nearest,13
22,53,31,nearest,15
22,54,31,nearest,13
22,55,31,nearest,13
22,56,31,nearest,11
22,57,31,nearest,11
22,58,31,nearest,11
22,59,31,nearest,13
22,60,31,nearest,13
22,61,48,nearest,93
22,62,22,nearest,20
22,63,23,nearest,21
22,64,24,nearest,25
22,65,1,inner_exact,0
22,66,62,nearest,417
22,67,104,nearest,126
22,68,105,nearest,176
22,69,64,nearest,514
22,70,28,nearest,21
22,71,28,nearest,13
22,72,28,nearest,16
22,73,28,nearest,19
22,74,28,nearest,27
22,75,28,nearest,24
22,76,28,nearest,23
22,77,28,nearest,18
22,78,28,nearest,17
22,79,28,nearest,13
22,80,28,nearest,21
22,81,28,nearest,19
22,82,29,nearest,33
22,83,38,nearest,13
22,84,23,nearest,59
22,85,24,nearest,38
22,86,27,nearest,14
22,87,28,nearest,13
22,88,28,nearest,19
22,89,45,nearest,13
22,90,22,nearest,20
22,91,23,nearest,59
22,92,24,nearest,38
22,93,30,nearest,47
22,94,31,nearest,11
22,95,31,nearest,8
22,96,31,nearest,9
22,97,31,nearest,11
22,98,31,nearest,13
22,99,31,nearest,13
22,100,31,nearest,13
22,101,31,nearest,10
22,102,31,nearest,11
22,103,31,nearest,8
22,104,32,nearest,54
22,105,1,inner_exact,0
22,106,1,inner_exact,0
22,107,1,inner_exact,0
22,108,1,inner_exact,0
22,109,1,inner_exact,0
22,110,1,inner_exact,0
22,111,74,nearest,22
22,112,87,nearest,61
22,113,69,nearest,13
22,114,101,nearest,24
22,115,101,nearest,15
23,0,1,inner_exact,0
23,1,1,inner_exact,0
23,2,1,inner_exact,0
23,3,1,inner_exact,0
23,4,1,inner_exact,0
23,5,46,nearest,65
23,6,31,nearest,23
23,7,31,nearest,25
23,8,31,nearest,23
23,9,31,nearest,20
23,10,31,nearest,23
23,11,31,nearest,21
23,12,31,nearest,23
23,13,31,nearest,21
23,14,31,nearest,23
23,15,31,nearest,23
23,16,47,nearest,53
23,17,47,nearest,49
23,18,47,nearest,43
23,19,48,nearest,103
23,20,22,nearest,35
23,21,23,nearest,81
23,22,23,nearest,85
23,23,115,nearest,137
23,24,39,nearest,45
23,25,39,nearest,38
23,26,39,nearest,37
23,27,39,nearest,49
23,28,39,nearest,49
23,29,40,nearest,16
23,30,1,inner_exact,0
23,31,1,inner_exact,0
23,32,22,nearest,33
23,33,23,nearest,51
23,34,40,nearest,15
23,35,27,nearest,34
23,36,28,nearest,45
23,37,28,nearest,45
23,38,28,nearest,38
23,39,13,nearest,32
23,40,17,nearest,4
23,41,18,nearest,3
23,42,1,inner_exact,0
23,43,30,nearest,68
23,44,31,nearest,23
23,45,31,nearest,26
23,46,31,nearest,23
23,47,48,nearest,97
23,48,1,inner_exact,0
23,49,1,inner_exact,0
23,50,30,nearest,68
23,51,31,nearest,24
23,52,31,nearest,23
23,53,31,nearest,25
23,54,31,nearest,23
23,55,31,nearest,25
23,56,31,nearest,23
23,57,31,nearest,23
23,58,31,nearest,23
23,59,31,nearest,23
23,60,48,nearest,107
23,61,6,nearest,30
23,62,23,nearest,67
23,63,23,nearest,51
23,64,24,nearest,46
23,65,1,inner_exact,0
23,66,53,inner_exact,0
23,67,120,nearest,128
23,68,121,nearest,157
23,69,37,nearest,66
23,70,28,nearest,42
23,71,28,nearest,39
23,72,28,nearest,42
23,73,28,nearest,46
23,74,28,nearest,49
23,75,28,nearest,45
23,76,28,nearest,43
23,77,28,nearest,38
23,78,28,nearest,40
23,79,28,nearest,39
23,80,28,nearest,47
23,81,28,nearest,46
23,82,28,nearest,45
23,83,13,nearest,29
23,84,22,nearest,42
23,85,24,nearest,55
23,86,27,nearest,31
23,87,28,nearest,39
23,88,45,nearest,20
23,89,6,nearest,15
23,90,23,nearest,81
23,91,23,nearest,85
23,92,24,nearest,55
23,93,30,nearest,61
23,94,31,nearest,23
23,95,31,nearest,20
23,96,31,nearest,21
23,97,31,nearest,23
23,98,31,nearest,23
23,99,31,nearest,23
23,100,31,nearest,23
23,101,31,nearest,22
23,102,47,nearest,49
23,103,47,nearest,43
23,104,48,nearest,96
23,105,1,inner_exact,0
23,106,1,inner_exact,0
23,107,1,inner_exact,0
23,108,1,inner_exact,0
23,109,1,inner_exact,0
23,110,74,nearest,77
23,111,73,nearest,84
23,112,69,nearest,19
23,113,101,nearest,34
23,114,101,nearest,36
23,115,101,nearest,25
24,0,1,inner_exact,0
24,1,1,inner_exact,0
24,2,1,inner_exact,0
24,3,1,inner_exact,0
24,4,1,inner_exact,0
24,5,14,nearest,37
24,6,31,nearest,8
24,7,31,nearest,10
24,8,31,nearest,8
24,9,31,nearest,3
24,10,31,nearest,6
24,11,31,nearest,4
24,12,31,nearest,6
24,13,31,nearest,6
24,14,31,nearest,8
24,15,48,nearest,80
24,16,1,inner_exact,0
24,17,1,inner_exact,0
24,18,1,inner_exact,0
24,19,1,inner_exact,0
24,20,22,nearest,10
24,21,23,nearest,42
24,22,24,nearest,46
24,23,1,inner_exact,0
24,24,1,inner_exact,0
24,25,1,inner_exact,0
24,26,1,inner_exact,0
24,27,1,inner_exact,0
24,28,1,inner_exact,0
24,29,1,inner_exact,0
24,30,1,inner_exact,0
24,31,6,nearest,14
24,32,23,nearest,22
24,33,24,nearest,6
24,34,11,nearest,14
24,35,28,nearest,13
24,36,28,nearest,19
24,37,28,nearest,19
24,38,28,nearest,13
24,39,29,nearest,20
24,40,17,inner_exact,0
24,41,2,inner_exact,0
24,42,18,inner_exact,0
24,43,46,nearest,40
24,44,31,nearest,8
24,45,31,nearest,11
24,46,32,nearest,66
24,47,1,inner_exact,0
24,48,1,inner_exact,0
24,49,1,inner_exact,0
24,50,30,nearest,46
24,51,31,nearest,9
24,52,31,nearest,8
24,53,31,nearest,10
24,54,31,nearest,8
24,55,31,nearest,8
24,56,31,nearest,6
24,57,31,nearest,6
24,58,31,nearest,6
24,59,32,nearest,54
24,60,6,nearest,10
24,61,23,nearest,48
24,62,23,nearest,29
24,63,23,nearest,10
24,64,24,nearest,6
24,65,1,inner_exact,0
24,66,53,inner_exact,0
24,67,4,inner_exact,0
24,68,4,inner_exact,0
24,69,37,nearest,66
24,70,28,nearest,15
24,71,28,nearest,7
24,72,28,nearest,10
24,73,28,nearest,13
24,74,28,nearest,21
24,75,28,nearest,19
24,76,28,nearest,18
24,77,28,nearest,13
24,78,28,nearest,11
24,79,28,nearest,7
24,80,28,nearest,10
24,81,28,nearest,13
24,82,28,nearest,19
24,83,29,nearest,20
24,84,22,nearest,21
24,85,24,nearest,19
24,86,27,nearest,13
24,87,29,nearest,12
24,88,6,nearest,1
24,89,23,nearest,23
24,90,23,nearest,42
24,91,23,nearest,48
24,92,24,nearest,19
24,93,30,nearest,41
24,94,31,nearest,6
24,95,31,nearest,3
24,96,31,nearest,4
24,97,31,nearest,6
24,98,31,nearest,8
24,99,31,nearest,8
24,100,31,nearest,8
24,101,48,nearest,77
24,102,1,inner_exact,0
24,103,1,inner_exact,0
24,104,1,inner_exact,0
24,105,1,inner_exact,0
24,106,74,nearest,31
24,107,75,nearest,55
24,108,75,nearest,60
24,109,75,nearest,60
24,110,73,nearest,63
24,111,73,nearest,34
24,112,101,nearest,15
24,113,101,nearest,15
24,114,101,nearest,17
24,115,101,nearest,8
25,0,1,inner_exact,0
25,1,1,inner_exact,0
25,2,1,inner_exact,0
25,3,1,inner_exact,0
25,4,1,inner_exact,0
25,5,30,nearest,55
25,6,31,nearest,18
25,7,31,nearest,20
25,8,31,nearest,18
25,9,31,nearest,15
25,10,31,nearest,18
25,11,31,nearest,16
25,12,31,nearest,18
25,13,31,nearest,16
25,14,32,nearest,63
25,15,1,inner_exact,0
25,16,1,inner_exact,0
25,17,1,inner_exact,0
25,18,1,inner_exact,0
25,19,6,nearest,4
25,20,23,nearest,56
25,21,23,nearest,75
25,22,23,nearest,79
25,23,7,nearest,41
25,24,7,nearest,31
25,25,7,nearest,25
25,26,7,nearest,21
25,27,7,nearest,35
25,28,7,nearest,43
25,29,7,nearest,51
25,30,7,nearest,54
25,31,23,nearest,62
25,32,23,nearest,55
25,33,24,nearest,47
25,34,27,nearest,12
25,35,28,nearest,29
25,36,28,nearest,31
25,37,28,nearest,31
25,38,28,nearest,25
25,39,29,nearest,40
25,40,33,nearest,3
25,41,2,nearest,1
25,42,2,nearest,1
25,43,18,nearest,1
25,44,46,nearest,59
25,45,47,nearest,36
25,46,48,nearest,92
25,47,1,inner_exact,0
25,48,1,inner_exact,0
25,49,1,inner_exact,0
25,50,30,nearest,57
25,51,31,nearest,19
25,52,31,nearest,18
25,53,31,nearest,20
25,54,31,nearest,18
25,55,31,nearest,20
25,56,31,nearest,18
25,57,31,nearest,18
25,58,31,nearest,18
25,59,32,nearest,63
25,60,22,nearest,27
25,61,23,nearest,77
25,62,23,nearest,62
25,63,23,nearest,43
25,64,24,nearest,47
25,65,1,inner_exact,0
25,66,94,nearest,320
25,67,4,inner_exact,0
25,68,4,inner_exact,0
25,69,110,nearest,286
25,70,28,nearest,29
25,71,28,nearest,23
25,72,28,nearest,26
25,73,28,nearest,29
25,74,28,nearest,35
25,75,28,nearest,31
25,76,28,nearest,30
25,77,28,nearest,25
25,78,28,nearest,25
25,79,28,nearest,23
25,80,28,nearest,26
25,81,28,nearest,29
25,82,28,nearest,31
25,83,29,nearest,41
25,84,22,nearest,30
25,85,24,nearest,59
25,86,27,nearest,16
25,87,29,nearest,38
25,88,22,nearest,23
25,89,23,nearest,56
25,90,23,nearest,75
25,91,23,nearest,79
25,92,24,nearest,59
25,93,30,nearest,50
25,94,31,nearest,18
25,95,31,nearest,15
25,96,31,nearest,16
25,97,31,nearest,18
25,98,31,nearest,18
25,99,31,nearest,18
25,100,31,nearest,18
25,101,16,nearest,91
25,102,1,inner_exact,0
25,103,1,inner_exact,0
25,104,1,inner_exact,0
25,105,74,nearest,28
25,106,73,nearest,82
25,107,73,nearest,66
25,108,73,nearest,109
25,109,73,nearest,117
25,110,73,nearest,95
25,111,73,nearest,66
25,112,71,nearest,25
25,113,101,nearest,29
25,114,101,nearest,31
25,115,101,nearest,20
26,0,1,inner_exact,0
26,1,1,inner_exact,0
26,2,17,nearest,2
26,3,18,nearest,2
26,4,1,inner_exact,0
26,5,30,nearest,59
26,6,31,nearest,14
26,7,31,nearest,16
26,8,48,nearest,90
26,9,46,nearest,51
26,10,31,nearest,12
26,11,31,nearest,10
26,12,31,nearest,12
26,13,31,nearest,12
26,14,32,nearest,60
26,15,1,inner_exact,0
26,16,1,inner_exact,0
26,17,1,inner_exact,0
26,18,1,inner_exact,0
26,19,22,nearest,25
26,20,23,nearest,40
26,21,23,nearest,56
26,22,23,nearest,62
26,23,39,nearest,19
26,24,39,nearest,19
26,25,39,nearest,12
26,26,39,nearest,9
26,27,39,nearest,20
26,28,39,nearest,20
26,29,39,nearest,27
26,30,39,nearest,24
26,31,39,nearest,19
26,32,23,nearest,35
26,33,24,nearest,15
26,34,43,nearest,20
26,35,28,nearest,33
26,36,28,nearest,35
26,37,28,nearest,35
26,38,28,nearest,27
26,39,28,nearest,27
26,40,13,nearest,24
26,41,33,nearest,1
26,42,34,nearest,1
26,43,1,inner_exact,0
26,44,1,inner_exact,0
26,45,1,inner_exact,0
26,46,1,inner_exact,0
26,47,17,nearest,1
26,48,18,nearest,2
26,49,1,inner_exact,0
26,50,46,nearest,51
26,51,31,nearest,15
26,52,31,nearest,14
26,53,31,nearest,16
26,54,31,nearest,14
26,55,31,nearest,14
26,56,31,nearest,12
26,57,31,nearest,12
26,58,31,nearest,12
26,59,32,nearest,60
26,60,38,nearest,5
26,61,23,nearest,61
26,62,23,nearest,42
26,63,23,nearest,26
26,64,23,nearest,26
26,65,8,nearest,42
26,66,1,inner_exact,0
26,67,83,inner_exact,0
26,68,83,inner_exact,0
26,69,43,nearest,13
26,70,44,nearest,26
26,71,44,nearest,25
26,72,44,nearest,23
26,73,44,nearest,25
26,74,44,nearest,26
26,75,44,nearest,22
26,76,44,nearest,24
26,77,28,nearest,27
26,78,28,nearest,28
26,79,28,nearest,25
26,80,28,nearest,29
26,81,28,nearest,33
26,82,28,nearest,35
26,83,29,nearest,33
26,84,22,nearest,36
26,85,24,nearest,25
26,86,43,nearest,17
26,87,45,nearest,9
26,88,22,nearest,25
26,89,23,nearest,40
26,90,23,nearest,56
26,91,23,nearest,62
26,92,24,nearest,25
26,93,30,nearest,54
26,94,31,nearest,12
26,95,31,nearest,9
26,96,31,nearest,10
26,97,31,nearest,12
26,98,31,nearest,14
26,99,31,nearest,14
26,100,31,nearest,14
26,101,32,nearest,70
26,102,1,inner_exact,0
26,103,1,inner_exact,0
26,104,74,nearest,49
26,105,73,nearest,48
26,106,73,nearest,80
26,107,73,nearest,63
26,108,73,nearest,107
26,109,73,nearest,117
26,110,73,nearest,82
26,111,87,nearest,14
26,112,91,inner_exact,0
26,113,101,nearest,22
26,114,101,nearest,24
26,115,101,nearest,15
27,0,1,inner_exact,0
27,1,17,nearest,1
27,2,2,nearest,1
27,3,18,inner_exact,0
27,4,1,inner_exact,0
27,5,30,nearest,52
27,6,31,nearest,13
27,7,32,nearest,71
27,8,1,inner_exact,0
27,9,1,inner_exact,0
27,10,30,nearest,44
27,11,31,nearest,9
27,12,31,nearest,11
27,13,31,nearest,11
27,14,32,nearest,57
27,15,1,inner_exact,0
27,16,1,inner_exact,0
27,17,1,inner_exact,0
27,18,6,nearest,3
27,19,23,nearest,36
27,20,23,nearest,36
27,21,23,nearest,55
27,22,24,nearest,63
27,23,9,nearest,24
27,24,67,nearest,12
27,25,67,nearest,13
27,26,67,nearest,9
27,27,67,nearest,7
27,28,67,nearest,6
27,29,67,nearest,7
27,30,67,nearest,10
27,31,10,nearest,27
27,32,22,nearest,16
27,33,23,nearest,21
27,34,8,nearest,21
27,35,27,nearest,17
27,36,28,nearest,24
27,37,28,nearest,24
27,38,28,nearest,18
27,39,28,nearest,18
27,40,45,nearest,11
27,41,1,inner_exact,0
27,42,1,inner_exact,0
27,43,1,inner_exact,0
27,44,95,nearest,99
27,45,96,nearest,87
27,46,1,inner_exact,0
27,47,17,nearest,1
27,48,2,nearest,1
27,49,18,inner_exact,0
27,50,1,inner_exact,0
27,51,46,nearest,54
27,52,31,nearest,13
27,53,31,nearest,15
27,54,31,nearest,13
27,55,31,nearest,13
27,56,31,nearest,11
27,57,31,nearest,11
27,58,31,nearest,11
27,59,31,nearest,13
27,60,16,nearest,97
27,61,38,nearest,16
27,62,39,nearest,25
27,63,23,nearest,21
27,64,23,nearest,21
27,65,23,nearest,36
27,66,7,nearest,40
27,67,7,nearest,44
27,68,7,nearest,48
27,69,7,nearest,31
27,70,7,nearest,33
27,71,7,nearest,17
27,72,7,nearest,14
27,73,7,nearest,30
27,74,7,nearest,46
27,75,7,nearest,44
27,76,8,nearest,23
27,77,43,nearest,13
27,78,28,nearest,17
27,79,28,nearest,13
27,80,28,nearest,16
27,81,28,nearest,19
27,82,28,nearest,24
27,83,29,nearest,33
27,84,22,nearest,24
27,85,24,nearest,38
27,86,1,inner_exact,0
27,87,1,inner_exact,0
27,88,22,nearest,16
27,89,23,nearest,36
27,90,23,nearest,55
27,91,23,nearest,59
27,92,24,nearest,38
27,93,30,nearest,47
27,94,31,nearest,11
27,95,31,nearest,8
27,96,31,nearest,9
27,97,31,nearest,11
27,98,31,nearest,13
27,99,31,nearest,13
27,100,31,nearest,13
27,101,48,nearest,83
27,102,1,inner_exact,0
27,103,74,nearest,24
27,104,73,nearest,50
27,105,73,nearest,35
27,106,73,nearest,64
27,107,86,nearest,75
27,108,86,nearest,83
27,109,86,nearest,82
27,110,87,nearest,60
27,111,91,inner_exact,0
27,112,91,inner_exact,0
27,113,71,nearest,27
27,114,101,nearest,24
27,115,101,nearest,15
28,0,92,nearest,2
28,1,17,nearest,2
28,2,2,nearest,3
28,3,34,nearest,1
28,4,1,inner_exact,0
28,5,46,nearest,59
28,6,47,nearest,46
28,7,48,nearest,98
28,8,1,inner_exact,0
28,9,1,inner_exact,0
28,10,30,nearest,56
28,11,31,nearest,17
28,12,31,nearest,19
28,13,31,nearest,17
28,14,32,nearest,66
28,15,1,inner_exact,0
28,16,1,inner_exact,0
28,17,1,inner_exact,0
28,18,22,nearest,26
28,19,23,nearest,60
28,20,23,nearest,60
28,21,23,nearest,76
28,22,24,nearest,70
28,23,59,nearest,15
28,24,67,nearest,14
28,25,67,nearest,15
28,26,67,nearest,11
28,27,67,nearest,9
28,28,67,nearest,8
28,29,67,nearest,9
28,30,67,nearest,12
28,31,67,nearest,15
28,32,22,nearest,32
28,33,23,nearest,48
28,34,24,nearest,45
28,35,43,nearest,37
28,36,28,nearest,42
28,37,28,nearest,42
28,38,44,nearest,35
28,39,45,nearest,20
28,40,17,nearest,3
28,41,2,nearest,3
28,42,18,nearest,2
28,43,1,inner_exact,0
28,44,111,nearest,117
28,45,112,nearest,258
28,46,1,inner_exact,0
28,47,33,nearest,1
28,48,2,nearest,3
28,49,34,nearest,1
28,50,1,inner_exact,0
28,51,1,inner_exact,0
28,52,30,nearest,65
28,53,31,nearest,21
28,54,31,nearest,19
28,55,31,nearest,21
28,56,31,nearest,19
28,57,31,nearest,19
28,58,31,nearest,19
28,59,31,nearest,19
28,60,31,nearest,19
28,61,16,nearest,95
28,62,1,inner_exact,0
28,63,38,nearest,15
28,64,39,nearest,35
28,65,23,nearest,60
28,66,23,nearest,68
28,67,23,nearest,76
28,68,23,nearest,82
28,69,23,nearest,64
28,70,23,nearest,65
28,71,23,nearest,48
28,72,39,nearest,36
28,73,39,nearest,44
28,74,39,nearest,44
28,75,39,nearest,51
28,76,40,nearest,13
28,77,1,inner_exact,0
28,78,27,nearest,30
28,79,28,nearest,35
28,80,28,nearest,39
28,81,28,nearest,43
28,82,28,nearest,42
28,83,29,nearest,41
28,84,38,nearest,16
28,85,40,nearest,16
28,86,1,inner_exact,0
28,87,1,inner_exact,0
28,88,22,nearest,32
28,89,23,nearest,60
28,90,23,nearest,76
28,91,23,nearest,82
28,92,40,nearest,16
28,93,30,nearest,57
28,94,31,nearest,19
28,95,31,nearest,16
28,96,31,nearest,17
28,97,31,nearest,19
28,98,31,nearest,19
28,99,31,nearest,19
28,100,48,nearest,96
28,101,1,inner_exact,0
28,102,90,nearest,9
28,103,73,nearest,79
28,104,73,nearest,79
28,105,73,nearest,64
28,106,87,nearest,50
28,107,91,inner_exact,0
28,108,91,inner_exact,0
28,109,91,inner_exact,0
28,110,91,inner_exact,0
28,111,91,inner_exact,0
28,112,91,inner_exact,0
28,113,69,nearest,21
28,114,101,nearest,31
28,115,101,nearest,20
29,0,92,inner_exact,0
29,1,33,inner_exact,0
29,2,2,inner_exact,0
29,3,18,inner_exact,0
29,4,1,inner_exact,0
29,5,1,inner_exact,0
29,6,1,inner_exact,0
29,7,1,inner_exact,0
29,8,1,inner_exact,0
29,9,14,nearest,33
29,10,31,nearest,6
29,11,31,nearest,4
29,12,31,nearest,6
29,13,31,nearest,6
29,14,32,nearest,54
29,15,1,inner_exact,0
29,16,1,inner_exact,0
29,17,1,inner_exact,0
29,18,38,nearest,8
29,19,23,nearest,23
29,20,23,nearest,23
29,21,23,nearest,42
29,22,24,nearest,46
29,23,59,nearest,10
29,24,67,nearest,9
29,25,67,nearest,10
29,26,67,nearest,6
29,27,67,nearest,4
29,28,67,nearest,3
29,29,67,nearest,4
29,30,67,nearest,7
29,31,67,nearest,10
29,32,22,nearest,12
29,33,23,nearest,10
29,34,24,nearest,14
29,35,1,inner_exact,0
29,36,43,nearest,15
29,37,45,nearest,12
29,38,17,inner_exact,0
29,39,2,inner_exact,0
29,40,2,inner_exact,0
29,41,2,inner_exact,0
29,42,2,inner_exact,0
29,43,18,inner_exact,0
29,44,1,inner_exact,0
29,45,1,inner_exact,0
29,46,1,inner_exact,0
29,47,33,inner_exact,0
29,48,34,inner_exact,0
29,49,1,inner_exact,0
29,50,1,inner_exact,0
29,51,1,inner_exact,0
29,52,30,nearest,49
29,53,31,nearest,10
29,54,31,nearest,8
29,55,31,nearest,8
29,56,31,nearest,6
29,57,31,nearest,6
29,58,31,nearest,6
29,59,31,nearest,8
29,60,31,nearest,8
29,61,31,nearest,10
29,62,16,nearest,78
29,63,1,inner_exact,0
29,64,1,inner_exact,0
29,65,38,nearest,6
29,66,39,nearest,16
29,67,39,nearest,22
29,68,23,nearest,48
29,69,23,nearest,29
29,70,23,nearest,30
29,71,40,nearest,6
29,72,1,inner_exact,0
29,73,1,inner_exact,0
29,74,1,inner_exact,0
29,75,1,inner_exact,0
29,76,1,inner_exact,0
29,77,1,inner_exact,0
29,78,43,nearest,15
29,79,44,nearest,13
29,80,28,nearest,10
29,81,28,nearest,13
29,82,28,nearest,19
29,83,45,nearest,12
29,84,1,inner_exact,0
29,85,1,inner_exact,0
29,86,1,inner_exact,0
29,87,1,inner_exact,0
29,88,22,nearest,10
29,89,23,nearest,23
29,90,23,nearest,42
29,91,24,nearest,46
29,92,14,nearest,39
29,93,31,nearest,8
29,94,31,nearest,6
29,95,31,nearest,3
29,96,31,nearest,4
29,97,31,nearest,6
29,98,31,nearest,8
29,99,32,nearest,54
29,100,1,inner_exact,0
29,101,1,inner_exact,0
29,102,90,nearest,7
29,103,73,nearest,34
29,104,73,nearest,34
29,105,73,nearest,19
29,106,91,inner_exact,0
29,107,91,inner_exact,0
29,108,91,inner_exact,0
29,109,91,inner_exact,0
29,110,91,inner_exact,0
29,111,69,nearest,4
29,112,101,nearest,15
29,113,101,nearest,15
29,114,101,nearest,17
29,115,101,nearest,8
30,0,92,nearest,2
30,1,1,inner_exact,0
30,2,33,nearest,3
30,3,2,nearest,1
30,4,18,nearest,2
30,5,1,inner_exact,0
30,6,1,inner_exact,0
30,7,14,nearest,60
30,8,15,nearest,40
30,9,31,nearest,16
30,10,31,nearest,19
30,11,31,nearest,17
30,12,31,nearest,19
30,13,31,nearest,17
30,14,31,nearest,19
30,15,16,nearest,98
30,16,1,inner_exact,0
30,17,1,inner_exact,0
30,18,1,inner_exact,0
30,19,38,nearest,20
30,20,23,nearest,62
30,21,23,nearest,78
30,22,24,nearest,82
30,23,25,nearest,17
30,24,67,nearest,15
30,25,67,nearest,16
30,26,67,nearest,12
30,27,67,nearest,10
30,28,67,nearest,9
30,29,67,nearest,10
30,30,67,nearest,13
30,31,26,nearest,23
30,32,22,nearest,30
30,33,23,nearest,49
30,34,24,nearest,55
30,35,1,inner_exact,0
30,36,1,inner_exact,0
30,37,1,inner_exact,0
30,38,33,nearest,2
30,39,2,nearest,2
30,40,2,nearest,2
30,41,2,nearest,2
30,42,2,nearest,3
30,43,34,nearest,1
30,44,1,inner_exact,0
30,45,1,inner_exact,0
30,46,1,inner_exact,0
30,47,33,nearest,2
30,48,34,inner_exact,0
30,49,1,inner_exact,0
30,50,1,inner_exact,0
30,51,14,nearest,62
30,52,31,nearest,19
30,53,31,nearest,21
30,54,31,nearest,19
30,55,31,nearest,21
30,56,31,nearest,19
30,57,31,nearest,19
30,58,31,nearest,19
30,59,31,nearest,19
30,60,31,nearest,19
30,61,31,nearest,21
30,62,31,nearest,19
30,63,15,nearest,42
30,64,16,nearest,98
30,65,1,inner_exact,0
30,66,1,inner_exact,0
30,67,1,inner_exact,0
30,68,38,nearest,21
30,69,23,nearest,65
30,70,24,nearest,63
30,71,1,inner_exact,0
30,72,6,nearest,12
30,73,8,nearest,41
30,74,1,inner_exact,0
30,75,1,inner_exact,0
30,76,1,inner_exact,0
30,77,1,inner_exact,0
30,78,1,inner_exact,0
30,79,1,inner_exact,0
30,80,43,nearest,40
30,81,44,nearest,36
30,82,45,nearest,24
30,83,1,inner_exact,0
30,84,1,inner_exact,0
30,85,1,inner_exact,0
30,86,6,nearest,15
30,87,7,nearest,31
30,88,23,nearest,62
30,89,23,nearest,62
30,90,23,nearest,78
30,91,24,nearest,82
30,92,30,nearest,56
30,93,31,nearest,19
30,94,31,nearest,19
30,95,31,nearest,16
30,96,31,nearest,17
30,97,31,nearest,19
30,98,31,nearest,19
30,99,32,nearest,66
30,100,1,inner_exact,0
30,101,1,inner_exact,0
30,102,90,nearest,12
30,103,73,nearest,76
30,104,73,nearest,76
30,105,87,nearest,75
30,106,91,inner_exact,0
30,107,91,inner_exact,0
30,108,69,nearest,18
30,109,101,nearest,20
30,110,101,nearest,20
30,111,101,nearest,21
30,112,101,nearest,29
30,113,101,nearest,31
30,114,101,nearest,33
30,115,101,nearest,22
31,0,92,inner_exact,0
31,1,1,inner_exact,0
31,2,17,nearest,2
31,3,2,nearest,3
31,4,2,nearest,3
31,5,18,inner_exact,0
31,6,1,inner_exact,0
31,7,30,nearest,64
31,8,31,nearest,14
31,9,31,nearest,9
31,10,31,nearest,12
31,11,31,nearest,10
31,12,31,nearest,12
31,13,31,nearest,12
31,14,31,nearest,14
31,15,31,nearest,14
31,16,15,nearest,19
31,17,16,nearest,90
31,18,1,inner_exact,0
31,19,1,inner_exact,0
31,20,38,nearest,6
31,21,23,nearest,56
31,22,23,nearest,62
31,23,7,nearest,33
31,24,8,nearest,23
31,25,59,nearest,14
31,26,67,nearest,10
31,27,67,nearest,8
31,28,67,nearest,7
31,29,67,nearest,8
31,30,26,nearest,23
31,31,6,nearest,25
31,32,23,nearest,35
31,33,23,nearest,26
31,34,23,nearest,21
31,35,8,nearest,42
31,36,1,inner_exact,0
31,37,1,inner_exact,0
31,38,1,inner_exact,0
31,39,33,nearest,1
31,40,2,nearest,3
31,41,2,nearest,3
31,42,34,nearest,1
31,43,1,inner_exact,0
31,44,1,inner_exact,0
31,45,1,inner_exact,0
31,46,1,inner_exact,0
31,47,1,inner_exact,0
31,48,1,inner_exact,0
31,49,1,inner_exact,0
31,50,1,inner_exact,0
31,51,46,nearest,57
31,52,31,nearest,14
31,53,31,nearest,16
31,54,31,nearest,14
31,55,31,nearest,14
31,56,31,nearest,12
31,57,31,nearest,12
31,58,31,nearest,12
31,59,31,nearest,14
31,60,31,nearest,14
31,61,31,nearest,16
31,62,31,nearest,14
31,63,31,nearest,12
31,64,31,nearest,12
31,65,16,nearest,99
31,66,1,inner_exact,0
31,67,1,inner_exact,0
31,68,1,inner_exact,0
31,69,38,nearest,11
31,70,40,nearest,10
31,71,1,inner_exact,0
31,72,38,nearest,8
31,73,23,nearest,40
31,74,7,nearest,45
31,75,7,nearest,46
31,76,7,nearest,48
31,77,7,nearest,33
31,78,7,nearest,25
31,79,8,nearest,27
31,80,1,inner_exact,0
31,81,6,nearest,13
31,82,7,nearest,46
31,83,8,nearest,38
31,84,1,inner_exact,0
31,85,1,inner_exact,0
31,86,22,nearest,26
31,87,23,nearest,26
31,88,23,nearest,40
31,89,23,nearest,40
31,90,23,nearest,56
31,91,24,nearest,52
31,92,30,nearest,54
31,93,31,nearest,14
31,94,31,nearest,12
31,95,31,nearest,9
31,96,31,nearest,10
31,97,31,nearest,12
31,98,31,nearest,14
31,99,32,nearest,60
31,100,1,inner_exact,0
31,101,1,inner_exact,0
31,102,90,nearest,7
31,103,73,nearest,63
31,104,87,nearest,14
31,105,91,inner_exact,0
31,106,69,nearest,16
31,107,101,nearest,18
31,108,101,nearest,15
31,109,101,nearest,15
31,110,101,nearest,13
31,111,101,nearest,14
31,112,101,nearest,24
31,113,101,nearest,22
31,114,101,nearest,24
31,115,101,nearest,15
32,0,76,nearest,49
32,1,1,inner_exact,0
32,2,33,nearest,2
32,3,2,inner_exact,0
32,4,2,nearest,1
32,5,34,nearest,1
32,6,1,inner_exact,0
32,7,30,nearest,57
32,8,31,nearest,13
32,9,31,nearest,8
32,10,31,nearest,11
32,11,31,nearest,9
32,12,31,nearest,11
32,13,31,nearest,11
32,14,31,nearest,13
32,15,31,nearest,13
32,16,31,nearest,13
32,17,31,nearest,11
32,18,16,nearest,86
32,19,1,inner_exact,0
32,20,1,inner_exact,0
32,21,38,nearest,13
32,22,23,nearest,59
32,23,23,nearest,40
32,24,24,nearest,34
32,25,25,nearest,14
32,26,67,nearest,9
32,27,26,nearest,9
32,28,6,nearest,12
32,29,7,nearest,44
32,30,7,nearest,47
32,31,23,nearest,40
32,32,39,nearest,25
32,33,39,nearest,19
32,34,23,nearest,17
32,35,23,nearest,36
32,36,7,nearest,44
32,37,8,nearest,28
32,38,1,inner_exact,0
32,39,1,inner_exact,0
32,40,33,nearest,2
32,41,34,inner_exact,0
32,42,14,nearest,54
32,43,15,nearest,40
32,44,16,nearest,97
32,45,14,nearest,55
32,46,15,nearest,33
32,47,15,nearest,31
32,48,16,nearest,88
32,49,1,inner_exact,0
32,50,1,inner_exact,0
32,51,1,inner_exact,0
32,52,30,nearest,55
32,53,31,nearest,15
32,54,31,nearest,13
32,55,31,nearest,13
32,56,31,nearest,11
32,57,31,nearest,11
32,58,31,nearest,11
32,59,31,nearest,13
32,60,31,nearest,13
32,61,31,nearest,15
32,62,31,nearest,13
32,63,31,nearest,11
32,64,31,nearest,11
32,65,31,nearest,11
32,66,15,nearest,42
32,67,16,nearest,97
32,68,1,inner_exact,0
32,69,1,inner_exact,0
32,70,1,inner_exact,0
32,71,1,inner_exact,0
32,72,1,inner_exact,0
32,73,38,nearest,17
32,74,39,nearest,29
32,75,39,nearest,35
32,76,23,nearest,56
32,77,23,nearest,40
32,78,23,nearest,33
32,79,24,nearest,25
32,80,1,inner_exact,0
32,81,38,nearest,17
32,82,39,nearest,35
32,83,40,nearest,7
32,84,1,inner_exact,0
32,85,6,nearest,16
32,86,23,nearest,21
32,87,23,nearest,21
32,88,23,nearest,36
32,89,23,nearest,36
32,90,23,nearest,55
32,91,24,nearest,63
32,92,30,nearest,47
32,93,31,nearest,13
32,94,31,nearest,11
32,95,31,nearest,8
32,96,31,nearest,9
32,97,31,nearest,11
32,98,31,nearest,13
32,99,32,nearest,57
32,100,1,inner_exact,0
32,101,1,inner_exact,0
32,102,90,nearest,10
32,103,87,nearest,51
32,104,91,inner_exact,0
32,105,91,inner_exact,0
32,106,101,nearest,22
32,107,101,nearest,20
32,108,101,nearest,15
32,109,101,nearest,15
32,110,101,nearest,15
32,111,101,nearest,14
32,112,101,nearest,25
32,113,101,nearest,22
32,114,101,nearest,24
32,115,101,nearest,15
33,0,73,nearest,125
33,1,76,nearest,84
33,2,1,inner_exact,0
33,3,33,nearest,1
33,4,34,nearest,1
33,5,1,inner_exact,0
33,6,1,inner_exact,0
33,7,30,nearest,67
33,8,31,nearest,19
33,9,31,nearest,16
33,10,31,nearest,19
33,11,31,nearest,17
33,12,31,nearest,19
33,13,31,nearest,17
33,14,31,nearest,19
33,15,31,nearest,19
33,16,31,nearest,19
33,17,31,nearest,19
33,18,31,nearest,16
33,19,16,nearest,103
33,20,1,inner_exact,0
33,21,1,inner_exact,0
33,22,38,nearest,13
33,23,39,nearest,42
33,24,23,nearest,56
33,25,8,nearest,34
33,26,83,inner_exact,0
33,27,6,nearest,15
33,28,23,nearest,67
33,29,23,nearest,76
33,30,23,nearest,77
33,31,24,nearest,46
33,32,9,nearest,21
33,33,10,nearest,25
33,34,22,nearest,28
33,35,23,nearest,60
33,36,23,nearest,76
33,37,24,nearest,69
33,38,1,inner_exact,0
33,39,1,inner_exact,0
33,40,14,nearest,59
33,41,15,nearest,27
33,42,31,nearest,19
33,43,31,nearest,19
33,44,31,nearest,19
33,45,31,nearest,22
33,46,31,nearest,19
33,47,31,nearest,18
33,48,31,nearest,19
33,49,16,nearest,102
33,50,1,inner_exact,0
33,51,1,inner_exact,0
33,52,30,nearest,65
33,53,31,nearest,21
33,54,31,nearest,19
33,55,31,nearest,21
33,56,31,nearest,19
33,57,31,nearest,19
33,58,31,nearest,19
33,59,31,nearest,19
33,60,31,nearest,19
33,61,31,nearest,21
33,62,31,nearest,19
33,63,31,nearest,19
33,64,31,nearest,19
33,65,31,nearest,19
33,66,31,nearest,19
33,67,31,nearest,19
33,68,16,nearest,105
33,69,1,inner_exact,0
33,70,1,inner_exact,0
33,71,1,inner_exact,0
33,72,1,inner_exact,0
33,73,1,inner_exact,0
33,74,1,inner_exact,0
33,75,1,inner_exact,0
33,76,38,nearest,13
33,77,23,nearest,64
33,78,23,nearest,57
33,79,24,nearest,37
33,80,19,nearest,49
33,81,3,nearest,27
33,82,3,nearest,27
33,83,20,nearest,50
33,84,1,inner_exact,0
33,85,38,nearest,15
33,86,23,nearest,48
33,87,23,nearest,48
33,88,23,nearest,60
33,89,23,nearest,60
33,90,39,nearest,51
33,91,40,nearest,13
33,92,30,nearest,57
33,93,31,nearest,19
33,94,31,nearest,19
33,95,31,nearest,16
33,96,31,nearest,17
33,97,31,nearest,19
33,98,31,nearest,19
33,99,32,nearest,79
33,100,1,inner_exact,0
33,101,1,inner_exact,0
33,102,1,inner_exact,0
33,103,106,nearest,18
33,104,91,inner_exact,0
33,105,91,inner_exact,0
33,106,101,nearest,29
33,107,101,nearest,27
33,108,101,nearest,20
33,109,101,nearest,18
33,110,101,nearest,18
33,111,101,nearest,19
33,112,101,nearest,30
33,113,101,nearest,29
33,114,101,nearest,31
33,115,101,nearest,20
34,0,73,nearest,78
34,1,73,nearest,71
34,2,92,inner_exact,0
34,3,1,inner_exact,0
34,4,1,inner_exact,0
34,5,1,inner_exact,0
34,6,1,inner_exact,0
34,7,46,nearest,45
34,8,47,nearest,23
34,9,47,nearest,15
34,10,31,nearest,6
34,11,31,nearest,4
34,12,31,nearest,6
34,13,31,nearest,6
34,14,31,nearest,8
34,15,31,nearest,8
34,16,31,nearest,8
34,17,31,nearest,6
34,18,31,nearest,3
34,19,31,nearest,6
34,20,16,nearest,87
34,21,1,inner_exact,0
34,22,1,inner_exact,0
34,23,1,inner_exact,0
34,24,22,nearest,9
34,25,23,nearest,10
34,26,7,nearest,2
34,27,23,nearest,23
34,28,39,nearest,16
34,29,39,nearest,22
34,30,39,nearest,19
34,31,40,nearest,7
34,32,59,nearest,11
34,33,67,nearest,10
34,34,22,nearest,6
34,35,23,nearest,23
34,36,23,nearest,42
34,37,40,nearest,4
34,38,14,nearest,39
34,39,15,nearest,13
34,40,31,nearest,6
34,41,31,nearest,6
34,42,31,nearest,6
34,43,31,nearest,6
34,44,31,nearest,8
34,45,31,nearest,11
34,46,31,nearest,8
34,47,31,nearest,5
34,48,31,nearest,6
34,49,32,nearest,51
34,50,1,inner_exact,0
34,51,1,inner_exact,0
34,52,30,nearest,49
34,53,31,nearest,10
34,54,31,nearest,8
34,55,31,nearest,8
34,56,31,nearest,6
34,57,31,nearest,6
34,58,31,nearest,6
34,59,31,nearest,8
34,60,31,nearest,8
34,61,31,nearest,10
34,62,31,nearest,8
34,63,31,nearest,6
34,64,31,nearest,6
34,65,31,nearest,6
34,66,31,nearest,6
34,67,31,nearest,8
34,68,31,nearest,11
34,69,16,nearest,78
34,70,1,inner_exact,0
34,71,1,inner_exact,0
34,72,1,inner_exact,0
34,73,1,inner_exact,0
34,74,17,inner_exact,0
34,75,18,inner_exact,0
34,76,1,inner_exact,0
34,77,22,nearest,17
34,78,23,nearest,22
34,79,24,nearest,6
34,80,35,nearest,15
34,81,3,nearest,6
34,82,3,nearest,6
34,83,3,nearest,6
34,84,1,inner_exact,0
34,85,123,nearest,79
34,86,22,nearest,12
34,87,23,nearest,10
34,88,39,nearest,16
34,89,40,nearest,3
34,90,1,inner_exact,0
34,91,14,nearest,43
34,92,31,nearest,8
34,93,31,nearest,8
34,94,31,nearest,6
34,95,31,nearest,3
34,96,31,nearest,4
34,97,31,nearest,6
34,98,31,nearest,8
34,99,32,nearest,68
34,100,1,inner_exact,0
34,101,1,inner_exact,0
34,102,1,inner_exact,0
34,103,1,inner_exact,0
34,104,106,nearest,4
34,105,91,inner_exact,0
34,106,71,nearest,19
34,107,101,nearest,13
34,108,101,nearest,8
34,109,101,nearest,8
34,110,101,nearest,8
34,111,101,nearest,7
34,112,101,nearest,18
34,113,101,nearest,15
34,114,101,nearest,17
34,115,101,nearest,8
35,0,85,nearest,94
35,1,73,nearest,110
35,2,92,nearest,2
35,3,1,inner_exact,0
35,4,1,inner_exact,0
35,5,17,nearest,1
35,6,18,inner_exact,0
35,7,1,inner_exact,0
35,8,1,inner_exact,0
35,9,1,inner_exact,0
35,10,46,nearest,59
35,11,31,nearest,17
35,12,31,nearest,19
35,13,31,nearest,17
35,14,31,nearest,19
35,15,31,nearest,19
35,16,31,nearest,19
35,17,31,nearest,19
35,18,31,nearest,16
35,19,31,nearest,19
35,20,31,nearest,19
35,21,15,nearest,45
35,22,16,nearest,109
35,23,1,inner_exact,0
35,24,22,nearest,26
35,25,23,nearest,49
35,26,39,nearest,41
35,27,40,nearest,14
35,28,9,nearest,23
35,29,67,nearest,10
35,30,67,nearest,13
35,31,67,nearest,16
35,32,67,nearest,17
35,33,26,nearest,23
35,34,22,nearest,28
35,35,39,nearest,53
35,36,40,nearest,15
35,37,14,nearest,59
35,38,31,nearest,19
35,39,31,nearest,19
35,40,31,nearest,19
35,41,31,nearest,19
35,42,31,nearest,19
35,43,31,nearest,19
35,44,31,nearest,19
35,45,31,nearest,22
35,46,31,nearest,19
35,47,31,nearest,18
35,48,31,nearest,19
35,49,31,nearest,17
35,50,16,nearest,107
35,51,1,inner_exact,0
35,52,30,nearest,64
35,53,31,nearest,21
35,54,31,nearest,19
35,55,31,nearest,21
35,56,31,nearest,19
35,57,31,nearest,19
35,58,31,nearest,19
35,59,31,nearest,19
35,60,31,nearest,19
35,61,31,nearest,21
35,62,31,nearest,19
35,63,31,nearest,19
35,64,31,nearest,19
35,65,31,nearest,19
35,66,31,nearest,19
35,67,31,nearest,19
35,68,31,nearest,22
35,69,32,nearest,78
35,70,1,inner_exact,0
35,71,1,inner_exact,0
35,72,1,inner_exact,0
35,73,17,nearest,1
35,74,2,nearest,3
35,75,2,nearest,3
35,76,34,nearest,2
35,77,22,nearest,31
35,78,23,nearest,61
35,79,23,nearest,49
35,80,8,nearest,32
35,81,35,nearest,47
35,82,3,nearest,30
35,83,36,nearest,52
35,84,1,inner_exact,0
35,85,1,inner_exact,0
35,86,22,nearest,30
35,87,24,nearest,48
35,88,14,nearest,62
35,89,16,nearest,107
35,90,14,nearest,59
35,91,31,nearest,22
35,92,31,nearest,19
35,93,31,nearest,19
35,94,31,nearest,19
35,95,31,nearest,16
35,96,31,nearest,17
35,97,31,nearest,19
35,98,31,nearest,19
35,99,31,nearest,22
35,100,16,nearest,98
35,101,1,inner_exact,0
35,102,1,inner_exact,0
35,103,1,inner_exact,0
35,104,90,nearest,5
35,105,91,inner_exact,0
35,106,91,inner_exact,0
35,107,101,nearest,29
35,108,101,nearest,22
35,109,101,nearest,20
35,110,101,nearest,20
35,111,101,nearest,21
35,112,101,nearest,32
35,113,101,nearest,31
35,114,101,nearest,33
35,115,101,nearest,22
36,0,91,inner_exact,0
36,1,73,nearest,100
36,2,76,nearest,63
36,3,1,inner_exact,0
36,4,1,inner_exact,0
36,5,17,nearest,2
36,6,2,nearest,2
36,7,2,nearest,1
36,8,18,nearest,1
36,9,1,inner_exact,0
36,10,1,inner_exact,0
36,11,46,nearest,49
36,12,31,nearest,12
36,13,31,nearest,12
36,14,31,nearest,14
36,15,31,nearest,14
36,16,31,nearest,14
36,17,31,nearest,12
36,18,31,nearest,9
36,19,31,nearest,12
36,20,31,nearest,12
36,21,31,nearest,14
36,22,32,nearest,74
36,23,1,inner_exact,0
36,24,38,nearest,7
36,25,24,nearest,15
36,26,1,inner_exact,0
36,27,1,inner_exact,0
36,28,61,nearest,10
36,29,61,nearest,12
36,30,6,nearest,25
36,31,7,nearest,33
36,32,7,nearest,25
36,33,7,nearest,22
36,34,24,nearest,22
36,35,1,inner_exact,0
36,36,1,inner_exact,0
36,37,30,nearest,62
36,38,31,nearest,14
36,39,31,nearest,14
36,40,31,nearest,12
36,41,31,nearest,12
36,42,31,nearest,12
36,43,31,nearest,12
36,44,31,nearest,14
36,45,31,nearest,17
36,46,31,nearest,14
36,47,31,nearest,11
36,48,31,nearest,12
36,49,31,nearest,10
36,50,31,nearest,12
36,51,16,nearest,100
36,52,30,nearest,62
36,53,31,nearest,16
36,54,31,nearest,14
36,55,31,nearest,14
36,56,31,nearest,12
36,57,31,nearest,12
36,58,31,nearest,12
36,59,31,nearest,14
36,60,31,nearest,14
36,61,31,nearest,16
36,62,31,nearest,14
36,63,31,nearest,12
36,64,31,nearest,12
36,65,31,nearest,12
36,66,31,nearest,12
36,67,31,nearest,14
36,68,31,nearest,17
36,69,31,nearest,14
36,70,16,nearest,90
36,71,1,inner_exact,0
36,72,1,inner_exact,0
36,73,33,inner_exact,0
36,74,2,nearest,4
36,75,2,nearest,2
36,76,34,inner_exact,0
36,77,22,nearest,32
36,78,23,nearest,35
36,79,23,nearest,26
36,80,23,nearest,24
36,81,7,nearest,35
36,82,7,nearest,46
36,83,7,nearest,46
36,84,7,nearest,48
36,85,7,nearest,33
36,86,23,nearest,26
36,87,24,nearest,15
36,88,30,nearest,59
36,89,31,nearest,12
36,90,31,nearest,14
36,91,31,nearest,17
36,92,31,nearest,14
36,93,31,nearest,14
36,94,31,nearest,12
36,95,31,nearest,9
36,96,31,nearest,12
36,97,31,nearest,12
36,98,31,nearest,14
36,99,31,nearest,17
36,100,31,nearest,14
36,101,16,nearest,89
36,102,1,inner_exact,0
36,103,1,inner_exact,0
36,104,90,inner_exact,0
36,105,91,inner_exact,0
36,106,91,inner_exact,0
36,107,71,nearest,16
36,108,101,nearest,15
36,109,101,nearest,15
36,110,101,nearest,13
36,111,101,nearest,20
36,112,101,nearest,25
36,113,101,nearest,22
36,114,101,nearest,24
36,115,101,nearest,15
37,0,91,inner_exact,0
37,1,85,nearest,54
37,2,73,nearest,79
37,3,76,nearest,37
37,4,1,inner_exact,0
37,5,33,inner_exact,0
37,6,2,nearest,1
37,7,2,nearest,2
37,8,2,nearest,1
37,9,18,inner_exact,0
37,10,1,inner_exact,0
37,11,1,inner_exact,0
37,12,30,nearest,52
37,13,31,nearest,11
37,14,31,nearest,13
37,15,31,nearest,13
37,16,31,nearest,13
37,17,31,nearest,11
37,18,31,nearest,8
37,19,31,nearest,11
37,20,31,nearest,11
37,21,31,nearest,13
37,22,31,nearest,16
37,23,16,nearest,88
37,24,1,inner_exact,0
37,25,38,nearest,19
37,26,7,nearest,13
37,27,8,nearest,31
37,28,61,nearest,10
37,29,61,nearest,12
37,30,22,nearest,21
37,31,23,nearest,40
37,32,23,nearest,33
37,33,23,nearest,21
37,34,23,nearest,17
37,35,7,nearest,30
37,36,8,nearest,28
37,37,30,nearest,55
37,38,31,nearest,13
37,39,31,nearest,13
37,40,31,nearest,11
37,41,31,nearest,11
37,42,31,nearest,11
37,43,31,nearest,11
37,44,31,nearest,13
37,45,31,nearest,16
37,46,31,nearest,13
37,47,31,nearest,10
37,48,31,nearest,11
37,49,31,nearest,9
37,50,31,nearest,11
37,51,31,nearest,14
37,52,31,nearest,13
37,53,31,nearest,15
37,54,31,nearest,13
37,55,31,nearest,13
37,56,31,nearest,11
37,57,31,nearest,11
37,58,31,nearest,11
37,59,31,nearest,13
37,60,31,nearest,13
37,61,31,nearest,15
37,62,31,nearest,13
37,63,31,nearest,11
37,64,31,nearest,11
37,65,31,nearest,11
37,66,31,nearest,11
37,67,31,nearest,13
37,68,31,nearest,16
37,69,31,nearest,13
37,70,31,nearest,13
37,71,16,nearest,88
37,72,1,inner_exact,0
37,73,1,inner_exact,0
37,74,33,inner_exact,0
37,75,2,nearest,1
37,76,34,nearest,1
37,77,22,nearest,20
37,78,23,nearest,33
37,79,23,nearest,21
37,80,23,nearest,20
37,81,39,nearest,29
37,82,39,nearest,35
37,83,23,nearest,55
37,84,23,nearest,59
37,85,23,nearest,40
37,86,23,nearest,21
37,87,40,nearest,9
37,88,46,nearest,48
37,89,48,nearest,89
37,90,46,nearest,54
37,91,31,nearest,16
37,92,31,nearest,13
37,93,31,nearest,13
37,94,31,nearest,11
37,95,31,nearest,8
37,96,31,nearest,11
37,97,31,nearest,11
37,98,31,nearest,13
37,99,31,nearest,16
37,100,31,nearest,13
37,101,32,nearest,67
37,102,1,inner_exact,0
37,103,1,inner_exact,0
37,104,90,nearest,3
37,105,91,inner_exact,0
37,106,91,inner_exact,0
37,107,91,inner_exact,0
37,108,71,nearest,24
37,109,101,nearest,15
37,110,101,nearest,15
37,111,101,nearest,22
37,112,101,nearest,25
37,113,101,nearest,22
37,114,101,nearest,24
37,115,101,nearest,15
38,0,91,inner_exact,0
38,1,91,inner_exact,0
38,2,73,nearest,108
38,3,73,nearest,79
38,4,76,nearest,85
38,5,1,inner_exact,0
38,6,33,inner_exact,0
38,7,2,nearest,2
38,8,2,nearest,3
38,9,2,nearest,1
38,10,18,nearest,3
38,11,1,inner_exact,0
38,12,30,nearest,64
38,13,31,nearest,17
38,14,31,nearest,19
38,15,31,nearest,19
38,16,31,nearest,19
38,17,31,nearest,19
38,18,31,nearest,16
38,19,31,nearest,19
38,20,31,nearest,19
38,21,31,nearest,19
38,22,31,nearest,22
38,23,32,nearest,78
38,24,1,inner_exact,0
38,25,1,inner_exact,0
38,26,38,nearest,11
38,27,40,nearest,13
38,28,61,nearest,14
38,29,61,nearest,14
38,30,38,nearest,13
38,31,39,nearest,42
38,32,39,nearest,42
38,33,23,nearest,48
38,34,23,nearest,45
38,35,23,nearest,60
38,36,24,nearest,69
38,37,46,nearest,62
38,38,31,nearest,19
38,39,31,nearest,19
38,40,31,nearest,19
38,41,31,nearest,19
38,42,31,nearest,19
38,43,31,nearest,19
38,44,31,nearest,19
38,45,31,nearest,22
38,46,31,nearest,19
38,47,31,nearest,18
38,48,31,nearest,19
38,49,31,nearest,17
38,50,31,nearest,19
38,51,31,nearest,20
38,52,31,nearest,19
38,53,31,nearest,21
38,54,31,nearest,19
38,55,31,nearest,21
38,56,31,nearest,19
38,57,31,nearest,19
38,58,31,nearest,19
38,59,31,nearest,17
38,60,31,nearest,19
38,61,31,nearest,21
38,62,31,nearest,19
38,63,31,nearest,19
38,64,31,nearest,19
38,65,31,nearest,19
38,66,31,nearest,19
38,67,31,nearest,19
38,68,31,nearest,22
38,69,31,nearest,19
38,70,31,nearest,19
38,71,31,nearest,19
38,72,16,nearest,92
38,73,1,inner_exact,0
38,74,33,nearest,1
38,75,2,nearest,3
38,76,18,inner_exact,0
38,77,38,nearest,15
38,78,23,nearest,57
38,79,23,nearest,48
38,80,40,nearest,16
38,81,1,inner_exact,0
38,82,1,inner_exact,0
38,83,38,nearest,9
38,84,39,nearest,54
38,85,39,nearest,42
38,86,40,nearest,16
38,87,1,inner_exact,0
38,88,1,inner_exact,0
38,89,1,inner_exact,0
38,90,1,inner_exact,0
38,91,30,nearest,68
38,92,31,nearest,19
38,93,31,nearest,19
38,94,31,nearest,19
38,95,31,nearest,17
38,96,31,nearest,19
38,97,31,nearest,19
38,98,31,nearest,19
38,99,31,nearest,22
38,100,31,nearest,19
38,101,32,nearest,76
38,102,1,inner_exact,0
38,103,1,inner_exact,0
38,104,90,nearest,2
38,105,91,inner_exact,0
38,106,91,inner_exact,0
38,107,91,inner_exact,0
38,108,91,inner_exact,0
38,109,91,inner_exact,0
38,110,91,inner_exact,0
38,111,71,nearest,25
38,112,101,nearest,27
38,113,101,nearest,29
38,114,101,nearest,31
38,115,101,nearest,20
39,0,91,inner_exact,0
39,1,91,inner_exact,0
39,2,73,nearest,63
39,3,73,nearest,34
39,4,73,nearest,36
39,5,76,nearest,25
39,6,1,inner_exact,0
39,7,33,inner_exact,0
39,8,2,inner_exact,0
39,9,2,inner_exact,0
39,10,34,inner_exact,0
39,11,1,inner_exact,0
39,12,30,nearest,46
39,13,31,nearest,6
39,14,31,nearest,8
39,15,31,nearest,8
39,16,31,nearest,8
39,17,31,nearest,6
39,18,31,nearest,3
39,19,31,nearest,6
39,20,31,nearest,6
39,21,31,nearest,8
39,22,31,nearest,11
39,23,31,nearest,8
39,24,16,nearest,77
39,25,1,inner_exact,0
39,26,1,inner_exact,0
39,27,1,inner_exact,0
39,28,59,nearest,3
39,29,26,nearest,4
39,30,11,nearest,18
39,31,12,nearest,18
39,32,13,nearest,14
39,33,38,nearest,11
39,34,39,nearest,6
39,35,23,nearest,23
39,36,24,nearest,46
39,37,1,inner_exact,0
39,38,30,nearest,41
39,39,31,nearest,8
39,40,31,nearest,6
39,41,31,nearest,6
39,42,31,nearest,6
39,43,31,nearest,6
39,44,31,nearest,8
39,45,31,nearest,11
39,46,31,nearest,8
39,47,31,nearest,5
39,48,31,nearest,6
39,49,31,nearest,4
39,50,31,nearest,6
39,51,31,nearest,9
39,52,31,nearest,8
39,53,31,nearest,10
39,54,31,nearest,8
39,55,31,nearest,8
39,56,31,nearest,6
39,57,31,nearest,4
39,58,31,nearest,6
39,59,31,nearest,6
39,60,31,nearest,8
39,61,31,nearest,10
39,62,31,nearest,8
39,63,31,nearest,6
39,64,31,nearest,6
39,65,31,nearest,6
39,66,31,nearest,6
39,67,31,nearest,8
39,68,31,nearest,11
39,69,31,nearest,8
39,70,31,nearest,8
39,71,31,nearest,6
39,72,32,nearest,51
39,73,1,inner_exact,0
39,74,1,inner_exact,0
39,75,33,inner_exact,0
39,76,2,inner_exact,0
39,77,18,inner_exact,0
39,78,38,nearest,11
39,79,40,nearest,6
39,80,1,inner_exact,0
39,81,1,inner_exact,0
39,82,1,inner_exact,0
39,83,1,inner_exact,0
39,84,1,inner_exact,0
39,85,1,inner_exact,0
39,86,1,inner_exact,0
39,87,1,inner_exact,0
39,88,1,inner_exact,0
39,89,1,inner_exact,0
39,90,14,nearest,41
39,91,31,nearest,11
39,92,31,nearest,8
39,93,31,nearest,8
39,94,31,nearest,6
39,95,31,nearest,4
39,96,31,nearest,6
39,97,31,nearest,9
39,98,31,nearest,8
39,99,31,nearest,11
39,100,31,nearest,8
39,101,32,nearest,67
39,102,1,inner_exact,0
39,103,1,inner_exact,0
39,104,1,inner_exact,0
39,105,106,nearest,16
39,106,91,inner_exact,0
39,107,91,inner_exact,0
39,108,91,inner_exact,0
39,109,91,inner_exact,0
39,110,91,inner_exact,0
39,111,91,inner_exact,0
39,112,71,nearest,19
39,113,101,nearest,15
39,114,101,nearest,17
39,115,101,nearest,8
40,0,91,inner_exact,0
40,1,91,inner_exact,0
40,2,85,nearest,82
40,3,73,nearest,76
40,4,73,nearest,78
40,5,73,nearest,70
40,6,92,nearest,6
40,7,17,nearest,2
40,8,2,nearest,2
40,9,2,nearest,1
40,10,18,nearest,2
40,11,1,inner_exact,0
40,12,46,nearest,56
40,13,47,nearest,29
40,14,31,nearest,19
40,15,31,nearest,19
40,16,31,nearest,19
40,17,31,nearest,19
40,18,31,nearest,16
40,19,31,nearest,19
40,20,31,nearest,19
40,21,31,nearest,19
40,22,31,nearest,22
40,23,31,nearest,19
40,24,31,nearest,18
40,25,16,nearest,98
40,26,84,inner_exact,0
40,27,84,inner_exact,0
40,28,59,nearest,9
40,29,1,inner_exact,0
40,30,27,nearest,21
40,31,28,nearest,30
40,32,28,nearest,32
40,33,12,nearest,46
40,34,13,nearest,13
40,35,38,nearest,20
40,36,40,nearest,15
40,37,1,inner_exact,0
40,38,46,nearest,63
40,39,31,nearest,19
40,40,31,nearest,19
40,41,31,nearest,19
40,42,31,nearest,19
40,43,31,nearest,19
40,44,31,nearest,19
40,45,31,nearest,22
40,46,31,nearest,19
40,47,31,nearest,18
40,48,31,nearest,19
40,49,31,nearest,17
40,50,31,nearest,19
40,51,31,nearest,20
40,52,31,nearest,19
40,53,31,nearest,21
40,54,31,nearest,19
40,55,31,nearest,18
40,56,31,nearest,19
40,57,31,nearest,17
40,58,31,nearest,19
40,59,31,nearest,17
40,60,31,nearest,19
40,61,31,nearest,21
40,62,31,nearest,19
40,63,31,nearest,19
40,64,31,nearest,19
40,65,31,nearest,19
40,66,31,nearest,19
40,67,31,nearest,19
40,68,31,nearest,22
40,69,31,nearest,19
40,70,31,nearest,19
40,71,31,nearest,19
40,72,31,nearest,16
40,73,16,nearest,107
40,74,1,inner_exact,0
40,75,1,inner_exact,0
40,76,33,nearest,1
40,77,34,nearest,1
40,78,1,inner_exact,0
40,79,1,inner_exact,0
40,80,6,nearest,12
40,81,8,nearest,41
40,82,1,inner_exact,0
40,83,1,inner_exact,0
40,84,1,inner_exact,0
40,85,1,inner_exact,0
40,86,1,inner_exact,0
40,87,1,inner_exact,0
40,88,14,nearest,62
40,89,15,nearest,47
40,90,31,nearest,19
40,91,31,nearest,22
40,92,31,nearest,19
40,93,31,nearest,19
40,94,31,nearest,19
40,95,31,nearest,17
40,96,31,nearest,19
40,97,31,nearest,20
40,98,31,nearest,19
40,99,31,nearest,22
40,100,31,nearest,19
40,101,32,nearest,79
40,102,1,inner_exact,0
40,103,1,inner_exact,0
40,104,1,inner_exact,0
40,105,90,nearest,5
40,106,91,inner_exact,0
40,107,91,inner_exact,0
40,108,91,inner_exact,0
40,109,91,inner_exact,0
40,110,91,inner_exact,0
40,111,91,inner_exact,0
40,112,91,inner_exact,0
40,113,71,nearest,35
40,114,101,nearest,33
40,115,101,nearest,22
41,0,91,inner_exact,0
41,1,91,inner_exact,0
41,2,91,inner_exact,0
41,3,85,nearest,16
41,4,73,nearest,65
41,5,73,nearest,55
41,6,92,nearest,4
41,7,33,nearest,1
41,8,2,nearest,2
41,9,2,nearest,1
41,10,2,nearest,3
41,11,18,nearest,1
41,12,1,inner_exact,0
41,13,1,inner_exact,0
41,14,46,nearest,57
41,15,31,nearest,14
41,16,31,nearest,14
41,17,31,nearest,12
41,18,31,nearest,9
41,19,31,nearest,12
41,20,31,nearest,12
41,21,31,nearest,14
41,22,31,nearest,17
41,23,31,nearest,14
41,24,31,nearest,11
41,25,31,nearest,12
41,26,67,nearest,10
41,27,67,nearest,8
41,28,26,nearest,15
41,29,1,inner_exact,0
41,30,27,nearest,26
41,31,28,nearest,27
41,32,79,nearest,24
41,33,79,nearest,19
41,34,29,nearest,23
41,35,1,inner_exact,0
41,36,1,inner_exact,0
41,37,1,inner_exact,0
41,38,14,nearest,55
41,39,31,nearest,14
41,40,31,nearest,12
41,41,31,nearest,12
41,42,31,nearest,12
41,43,31,nearest,12
41,44,31,nearest,14
41,45,31,nearest,17
41,46,31,nearest,14
41,47,31,nearest,11
41,48,31,nearest,12
41,49,31,nearest,10
41,50,31,nearest,12
41,51,31,nearest,15
41,52,31,nearest,14
41,53,31,nearest,16
41,54,31,nearest,14
41,55,31,nearest,11
41,56,31,nearest,12
41,57,31,nearest,10
41,58,31,nearest,12
41,59,31,nearest,12
41,60,31,nearest,14
41,61,31,nearest,16
41,62,31,nearest,14
41,63,31,nearest,12
41,64,31,nearest,12
41,65,31,nearest,12
41,66,31,nearest,12
41,67,31,nearest,14
41,68,31,nearest,17
41,69,31,nearest,14
41,70,31,nearest,14
41,71,31,nearest,12
41,72,31,nearest,9
41,73,31,nearest,12
41,74,15,nearest,28
41,75,16,nearest,99
41,76,1,inner_exact,0
41,77,1,inner_exact,0
41,78,123,nearest,116
41,79,6,nearest,15
41,80,65,nearest,47
41,81,23,nearest,40
41,82,8,nearest,38
41,83,1,inner_exact,0
41,84,1,inner_exact,0
41,85,1,inner_exact,0
41,86,1,inner_exact,0
41,87,14,nearest,56
41,88,31,nearest,12
41,89,31,nearest,12
41,90,31,nearest,14
41,91,31,nearest,17
41,92,31,nearest,14
41,93,31,nearest,14
41,94,31,nearest,12
41,95,31,nearest,10
41,96,31,nearest,12
41,97,31,nearest,15
41,98,31,nearest,14
41,99,31,nearest,17
41,100,31,nearest,14
41,101,32,nearest,73
41,102,1,inner_exact,0
41,103,1,inner_exact,0
41,104,1,inner_exact,0
41,105,1,inner_exact,0
41,106,106,nearest,20
41,107,91,inner_exact,0
41,108,91,inner_exact,0
41,109,91,inner_exact,0
41,110,91,inner_exact,0
41,111,91,inner_exact,0
41,112,91,inner_exact,0
41,113,91,inner_exact,0
41,114,101,nearest,24
41,115,101,nearest,15
42,0,70,nearest,15
42,1,91,inner_exact,0
42,2,91,inner_exact,0
42,3,91,inner_exact,0
42,4,85,nearest,60
42,5,73,nearest,42
42,6,92,nearest,4
42,7,1,inner_exact,0
42,8,33,nearest,2
42,9,2,nearest,1
42,10,2,nearest,1
42,11,34,inner_exact,0
42,12,1,inner_exact,0
42,13,1,inner_exact,0
42,14,1,inner_exact,0
42,15,30,nearest,47
42,16,31,nearest,13
42,17,31,nearest,11
42,18,31,nearest,8
42,19,31,nearest,11
42,20,31,nearest,11
42,21,31,nearest,13
42,22,31,nearest,16
42,23,31,nearest,13
42,24,31,nearest,10
42,25,32,nearest,68
42,26,83,inner_exact,0
42,27,83,inner_exact,0
42,28,1,inner_exact,0
42,29,1,inner_exact,0
42,30,43,nearest,16
42,31,28,nearest,18
42,32,79,nearest,26
42,33,79,nearest,21
42,34,29,nearest,21
42,35,6,nearest,2
42,36,8,nearest,28
42,37,1,inner_exact,0
42,38,30,nearest,47
42,39,31,nearest,13
42,40,31,nearest,11
42,41,31,nearest,11
42,42,31,nearest,11
42,43,31,nearest,11
42,44,31,nearest,13
42,45,31,nearest,16
42,46,31,nearest,13
42,47,31,nearest,10
42,48,31,nearest,11
42,49,31,nearest,9
42,50,31,nearest,11
42,51,31,nearest,14
42,52,31,nearest,13
42,53,31,nearest,15
42,54,31,nearest,13
42,55,31,nearest,10
42,56,31,nearest,11
42,57,31,nearest,9
42,58,31,nearest,11
42,59,31,nearest,11
42,60,31,nearest,13
42,61,31,nearest,15
42,62,31,nearest,13
42,63,31,nearest,11
42,64,31,nearest,11
42,65,31,nearest,11
42,66,31,nearest,11
42,67,31,nearest,13
42,68,31,nearest,16
42,69,31,nearest,13
42,70,31,nearest,13
42,71,31,nearest,11
42,72,31,nearest,8
42,73,31,nearest,11
42,74,31,nearest,14
42,75,32,nearest,57
42,76,1,inner_exact,0
42,77,1,inner_exact,0
42,78,6,nearest,6
42,79,23,nearest,21
42,80,65,nearest,39
42,81,23,nearest,36
42,82,23,nearest,55
42,83,8,nearest,28
42,84,1,inner_exact,0
42,85,14,nearest,51
42,86,15,nearest,33
42,87,31,nearest,11
42,88,31,nearest,11
42,89,31,nearest,11
42,90,31,nearest,13
42,91,31,nearest,16
42,92,31,nearest,13
42,93,31,nearest,13
42,94,31,nearest,11
42,95,31,nearest,9
42,96,31,nearest,11
42,97,31,nearest,14
42,98,31,nearest,13
42,99,31,nearest,16
42,100,31,nearest,13
42,101,32,nearest,70
42,102,1,inner_exact,0
42,103,1,inner_exact,0
42,104,1,inner_exact,0
42,105,1,inner_exact,0
42,106,1,inner_exact,0
42,107,106,nearest,38
42,108,91,inner_exact,0
42,109,91,inner_exact,0
42,110,91,inner_exact,0
42,111,91,inner_exact,0
42,112,91,inner_exact,0
42,113,91,inner_exact,0
42,114,71,nearest,29
42,115,101,nearest,15
43,0,101,nearest,20
43,1,70,nearest,30
43,2,91,inner_exact,0
43,3,91,inner_exact,0
43,4,91,inner_exact,0
43,5,73,nearest,73
43,6,92,nearest,6
43,7,1,inner_exact,0
43,8,1,inner_exact,0
43,9,33,nearest,1
43,10,34,nearest,1
43,11,1,inner_exact,0
43,12,1,inner_exact,0
43,13,1,inner_exact,0
43,14,14,nearest,58
43,15,31,nearest,19
43,16,31,nearest,19
43,17,31,nearest,19
43,18,31,nearest,16
43,19,31,nearest,19
43,20,31,nearest,19
43,21,31,nearest,19
43,22,31,nearest,22
43,23,31,nearest,19
43,24,31,nearest,18
43,25,48,nearest,92
43,26,1,inner_exact,0
43,27,1,inner_exact,0
43,28,6,nearest,25
43,29,7,nearest,53
43,30,8,nearest,40
43,31,43,nearest,31
43,32,44,nearest,40
43,33,44,nearest,40
43,34,45,nearest,13
43,35,22,nearest,32
43,36,24,nearest,69
43,37,1,inner_exact,0
43,38,46,nearest,65
43,39,31,nearest,19
43,40,31,nearest,19
43,41,31,nearest,19
43,42,31,nearest,19
43,43,31,nearest,19
43,44,31,nearest,19
43,45,31,nearest,22
43,46,31,nearest,19
43,47,31,nearest,18
43,48,31,nearest,19
43,49,31,nearest,17
43,50,31,nearest,19
43,51,31,nearest,20
43,52,31,nearest,19
43,53,31,nearest,21
43,54,31,nearest,19
43,55,31,nearest,18
43,56,31,nearest,19
43,57,31,nearest,17
43,58,31,nearest,19
43,59,31,nearest,17
43,60,31,nearest,19
43,61,31,nearest,21
43,62,31,nearest,19
43,63,31,nearest,19
43,64,31,nearest,19
43,65,31,nearest,19
43,66,31,nearest,19
43,67,31,nearest,19
43,68,31,nearest,22
43,69,31,nearest,19
43,70,31,nearest,19
43,71,31,nearest,19
43,72,31,nearest,16
43,73,31,nearest,19
43,74,31,nearest,20
43,75,31,nearest,19
43,76,16,nearest,95
43,77,1,inner_exact,0
43,78,38,nearest,15
43,79,23,nearest,48
43,80,65,nearest,60
43,81,23,nearest,60
43,82,23,nearest,76
43,83,40,nearest,13
43,84,1,inner_exact,0
43,85,30,nearest,57
43,86,31,nearest,19
43,87,31,nearest,19
43,88,31,nearest,19
43,89,31,nearest,19
43,90,31,nearest,19
43,91,31,nearest,22
43,92,31,nearest,19
43,93,31,nearest,19
43,94,31,nearest,19
43,95,31,nearest,17
43,96,31,nearest,19
43,97,31,nearest,20
43,98,31,nearest,19
43,99,31,nearest,22
43,100,31,nearest,19
43,101,32,nearest,79
43,102,1,inner_exact,0
43,103,1,inner_exact,0
43,104,1,inner_exact,0
43,105,1,inner_exact,0
43,106,1,inner_exact,0
43,107,1,inner_exact,0
43,108,106,nearest,24
43,109,91,inner_exact,0
43,110,91,inner_exact,0
43,111,91,inner_exact,0
43,112,91,inner_exact,0
43,113,91,inner_exact,0
43,114,91,inner_exact,0
43,115,101,nearest,20
44,0,101,nearest,8
44,1,101,nearest,5
44,2,70,nearest,9
44,3,91,inner_exact,0
44,4,91,inner_exact,0
44,5,85,nearest,30
44,6,76,nearest,52
44,7,1,inner_exact,0
44,8,1,inner_exact,0
44,9,1,inner_exact,0
44,10,1,inner_exact,0
44,11,1,inner_exact,0
44,12,14,nearest,42
44,13,15,nearest,19
44,14,31,nearest,8
44,15,48,nearest,80
44,16,46,nearest,49
44,17,31,nearest,6
44,18,31,nearest,3
44,19,31,nearest,6
44,20,31,nearest,6
44,21,31,nearest,8
44,22,31,nearest,11
44,23,31,nearest,8
44,24,32,nearest,64
44,25,1,inner_exact,0
44,26,1,inner_exact,0
44,27,1,inner_exact,0
44,28,22,nearest,15
44,29,23,nearest,42
44,30,23,nearest,45
44,31,7,nearest,20
44,32,7,nearest,12
44,33,7,nearest,6
44,34,7,nearest,3
44,35,23,nearest,23
44,36,24,nearest,46
44,37,1,inner_exact,0
44,38,1,inner_exact,0
44,39,30,nearest,41
44,40,31,nearest,6
44,41,31,nearest,6
44,42,31,nearest,6
44,43,31,nearest,6
44,44,31,nearest,8
44,45,31,nearest,11
44,46,31,nearest,8
44,47,31,nearest,5
44,48,31,nearest,6
44,49,31,nearest,3
44,50,31,nearest,6
44,51,31,nearest,9
44,52,31,nearest,8
44,53,31,nearest,10
44,54,31,nearest,8
44,55,31,nearest,5
44,56,31,nearest,6
44,57,31,nearest,4
44,58,31,nearest,6
44,59,31,nearest,6
44,60,31,nearest,8
44,61,31,nearest,10
44,62,31,nearest,8
44,63,31,nearest,6
44,64,31,nearest,6
44,65,48,nearest,83
44,66,30,nearest,46
44,67,31,nearest,8
44,68,31,nearest,11
44,69,31,nearest,8
44,70,31,nearest,8
44,71,31,nearest,6
44,72,31,nearest,3
44,73,31,nearest,6
44,74,31,nearest,9
44,75,31,nearest,8
44,76,32,nearest,68
44,77,1,inner_exact,0
44,78,1,inner_exact,0
44,79,38,nearest,11
44,80,97,nearest,21
44,81,39,nearest,16
44,82,40,nearest,4
44,83,1,inner_exact,0
44,84,1,inner_exact,0
44,85,30,nearest,41
44,86,31,nearest,6
44,87,31,nearest,6
44,88,31,nearest,6
44,89,31,nearest,6
44,90,31,nearest,8
44,91,31,nearest,11
44,92,31,nearest,8
44,93,31,nearest,8
44,94,31,nearest,6
44,95,31,nearest,4
44,96,31,nearest,6
44,97,31,nearest,9
44,98,31,nearest,8
44,99,31,nearest,11
44,100,31,nearest,8
44,101,31,nearest,8
44,102,16,nearest,78
44,103,1,inner_exact,0
44,104,1,inner_exact,0
44,105,1,inner_exact,0
44,106,1,inner_exact,0
44,107,1,inner_exact,0
44,108,1,inner_exact,0
44,109,106,nearest,11
44,110,91,inner_exact,0
44,111,91,inner_exact,0
44,112,91,inner_exact,0
44,113,91,inner_exact,0
44,114,91,inner_exact,0
44,115,101,nearest,8
45,0,101,nearest,22
45,1,101,nearest,19
45,2,101,nearest,20
45,3,70,nearest,22
45,4,91,inner_exact,0
45,5,91,inner_exact,0
45,6,73,nearest,92
45,7,92,nearest,6
45,8,1,inner_exact,0
45,9,1,inner_exact,0
45,10,1,inner_exact,0
45,11,1,inner_exact,0
45,12,30,nearest,63
45,13,31,nearest,17
45,14,32,nearest,66
45,15,1,inner_exact,0
45,16,1,inner_exact,0
45,17,30,nearest,55
45,18,31,nearest,16
45,19,31,nearest,19
45,20,31,nearest,19
45,21,31,nearest,19
45,22,31,nearest,22
45,23,31,nearest,19
45,24,31,nearest,18
45,25,16,nearest,98
45,26,1,inner_exact,0
45,27,1,inner_exact,0
45,28,38,nearest,17
45,29,23,nearest,78
45,30,23,nearest,78
45,31,23,nearest,65
45,32,23,nearest,61
45,33,23,nearest,49
45,34,23,nearest,47
45,35,23,nearest,62
45,36,40,nearest,15
45,37,1,inner_exact,0
45,38,1,inner_exact,0
45,39,30,nearest,56
45,40,31,nearest,19
45,41,31,nearest,19
45,42,31,nearest,19
45,43,31,nearest,19
45,44,31,nearest,19
45,45,31,nearest,22
45,46,31,nearest,19
45,47,31,nearest,18
45,48,31,nearest,19
45,49,31,nearest,16
45,50,31,nearest,19
45,51,31,nearest,20
45,52,31,nearest,19
45,53,31,nearest,21
45,54,31,nearest,19
45,55,31,nearest,18
45,56,31,nearest,19
45,57,31,nearest,17
45,58,31,nearest,19
45,59,31,nearest,17
45,60,31,nearest,19
45,61,31,nearest,21
45,62,31,nearest,19
45,63,47,nearest,31
45,64,48,nearest,91
45,65,1,inner_exact,0
45,66,46,nearest,56
45,67,47,nearest,32
45,68,47,nearest,38
45,69,47,nearest,35
45,70,47,nearest,35
45,71,47,nearest,31
45,72,31,nearest,16
45,73,31,nearest,19
45,74,31,nearest,20
45,75,31,nearest,19
45,76,32,nearest,80
45,77,1,inner_exact,0
45,78,1,inner_exact,0
45,79,1,inner_exact,0
45,80,1,inner_exact,0
45,81,1,inner_exact,0
45,82,1,inner_exact,0
45,83,1,inner_exact,0
45,84,1,inner_exact,0
45,85,30,nearest,56
45,86,31,nearest,19
45,87,31,nearest,19
45,88,31,nearest,19
45,89,31,nearest,19
45,90,31,nearest,19
45,91,31,nearest,22
45,92,31,nearest,19
45,93,31,nearest,19
45,94,31,nearest,19
45,95,31,nearest,17
45,96,31,nearest,19
45,97,31,nearest,20
45,98,31,nearest,19
45,99,31,nearest,22
45,100,31,nearest,19
45,101,31,nearest,21
45,102,31,nearest,19
45,103,16,nearest,107
45,104,1,inner_exact,0
45,105,1,inner_exact,0
45,106,1,inner_exact,0
45,107,1,inner_exact,0
45,108,1,inner_exact,0
45,109,90,nearest,12
45,110,91,inner_exact,0
45,111,91,inner_exact,0
45,112,91,inner_exact,0
45,113,91,inner_exact,0
45,114,69,nearest,21
45,115,101,nearest,22
46,0,101,nearest,15
46,1,101,nearest,12
46,2,101,nearest,15
46,3,101,nearest,13
46,4,91,inner_exact,0
46,5,91,inner_exact,0
46,6,73,nearest,80
46,7,76,nearest,72
46,8,1,inner_exact,0
46,9,1,inner_exact,0
46,10,1,inner_exact,0
46,11,1,inner_exact,0
46,12,46,nearest,51
46,13,47,nearest,38
46,14,48,nearest,97
46,15,1,inner_exact,0
46,16,1,inner_exact,0
46,17,30,nearest,51
46,18,31,nearest,9
46,19,31,nearest,12
46,20,31,nearest,12
46,21,31,nearest,14
46,22,31,nearest,17
46,23,31,nearest,14
46,24,31,nearest,11
46,25,31,nearest,12
46,26,15,nearest,16
46,27,16,nearest,99
46,28,1,inner_exact,0
46,29,38,nearest,5
46,30,39,nearest,24
46,31,39,nearest,19
46,32,39,nearest,19
46,33,39,nearest,12
46,34,23,nearest,21
46,35,24,nearest,41
46,36,1,inner_exact,0
46,37,1,inner_exact,0
46,38,1,inner_exact,0
46,39,46,nearest,60
46,40,31,nearest,12
46,41,31,nearest,12
46,42,31,nearest,12
46,43,31,nearest,12
46,44,31,nearest,14
46,45,31,nearest,14
46,46,31,nearest,14
46,47,31,nearest,11
46,48,31,nearest,12
46,49,31,nearest,9
46,50,31,nearest,12
46,51,31,nearest,15
46,52,31,nearest,14
46,53,31,nearest,16
46,54,31,nearest,14
46,55,31,nearest,11
46,56,31,nearest,12
46,57,31,nearest,10
46,58,31,nearest,12
46,59,31,nearest,12
46,60,31,nearest,14
46,61,31,nearest,16
46,62,48,nearest,90
46,63,1,inner_exact,0
46,64,54,nearest,160
46,65,55,nearest,140
46,66,1,inner_exact,0
46,67,1,inner_exact,0
46,68,1,inner_exact,0
46,69,1,inner_exact,0
46,70,1,inner_exact,0
46,71,1,inner_exact,0
46,72,46,nearest,52
46,73,31,nearest,12
46,74,31,nearest,15
46,75,31,nearest,14
46,76,31,nearest,16
46,77,16,nearest,90
46,78,1,inner_exact,0
46,79,1,inner_exact,0
46,80,1,inner_exact,0
46,81,1,inner_exact,0
46,82,1,inner_exact,0
46,83,1,inner_exact,0
46,84,14,nearest,59
46,85,31,nearest,14
46,86,31,nearest,12
46,87,31,nearest,12
46,88,31,nearest,12
46,89,31,nearest,12
46,90,31,nearest,14
46,91,31,nearest,17
46,92,31,nearest,14
46,93,31,nearest,14
46,94,31,nearest,12
46,95,31,nearest,10
46,96,31,nearest,12
46,97,31,nearest,15
46,98,31,nearest,14
46,99,31,nearest,17
46,100,31,nearest,14
46,101,31,nearest,14
46,102,31,nearest,12
46,103,32,nearest,59
46,104,1,inner_exact,0
46,105,1,inner_exact,0
46,106,1,inner_exact,0
46,107,1,inner_exact,0
46,108,1,inner_exact,0
46,109,90,nearest,7
46,110,91,inner_exact,0
46,111,91,inner_exact,0
46,112,91,inner_exact,0
46,113,69,nearest,16
46,114,101,nearest,24
46,115,101,nearest,15
47,0,101,nearest,19
47,1,101,nearest,16
47,2,101,nearest,17
47,3,101,nearest,15
47,4,70,nearest,19
47,5,91,inner_exact,0
47,6,85,nearest,88
47,7,73,nearest,81
47,8,76,nearest,53
47,9,1,inner_exact,0
47,10,1,inner_exact,0
47,11,1,inner_exact,0
47,12,1,inner_exact,0
47,13,1,inner_exact,0
47,14,1,inner_exact,0
47,15,1,inner_exact,0
47,16,1,inner_exact,0
47,17,30,nearest,45
47,18,31,nearest,10
47,19,31,nearest,13
47,20,31,nearest,13
47,21,31,nearest,15
47,22,31,nearest,18
47,23,31,nearest,15
47,24,31,nearest,12
47,25,31,nearest,13
47,26,31,nearest,10
47,27,31,nearest,13
47,28,16,nearest,99
47,29,1,inner_exact,0
47,30,14,nearest,55
47,31,15,nearest,36
47,32,15,nearest,37
47,33,16,nearest,91
47,34,38,nearest,16
47,35,23,nearest,50
47,36,8,nearest,32
47,37,1,inner_exact,0
47,38,1,inner_exact,0
47,39,14,nearest,52
47,40,31,nearest,13
47,41,31,nearest,13
47,42,31,nearest,13
47,43,31,nearest,13
47,44,31,nearest,15
47,45,31,nearest,15
47,46,31,nearest,15
47,47,31,nearest,12
47,48,31,nearest,13
47,49,31,nearest,10
47,50,31,nearest,13
47,51,31,nearest,16
47,52,31,nearest,15
47,53,31,nearest,17
47,54,31,nearest,15
47,55,31,nearest,12
47,56,31,nearest,13
47,57,31,nearest,11
47,58,31,nearest,13
47,59,31,nearest,13
47,60,31,nearest,15
47,61,32,nearest,76
47,62,1,inner_exact,0
47,63,1,inner_exact,0
47,64,98,nearest,81
47,65,99,nearest,82
47,66,1,inner_exact,0
47,67,1,inner_exact,0
47,68,1,inner_exact,0
47,69,1,inner_exact,0
47,70,1,inner_exact,0
47,71,1,inner_exact,0
47,72,1,inner_exact,0
47,73,46,nearest,52
47,74,31,nearest,16
47,75,31,nearest,15
47,76,31,nearest,17
47,77,32,nearest,74
47,78,1,inner_exact,0
47,79,1,inner_exact,0
47,80,1,inner_exact,0
47,81,1,inner_exact,0
47,82,1,inner_exact,0
47,83,14,nearest,54
47,84,31,nearest,17
47,85,31,nearest,15
47,86,31,nearest,13
47,87,31,nearest,13
47,88,31,nearest,13
47,89,31,nearest,13
47,90,31,nearest,15
47,91,31,nearest,18
47,92,31,nearest,15
47,93,31,nearest,15
47,94,31,nearest,13
47,95,31,nearest,11
47,96,31,nearest,13
47,97,31,nearest,16
47,98,31,nearest,15
47,99,31,nearest,18
47,100,31,nearest,15
47,101,31,nearest,15
47,102,31,nearest,13
47,103,48,nearest,99
47,104,6,nearest,2
47,105,8,nearest,32
47,106,1,inner_exact,0
47,107,1,inner_exact,0
47,108,1,inner_exact,0
47,109,90,nearest,10
47,110,91,inner_exact,0
47,111,91,inner_exact,0
47,112,91,inner_exact,0
47,113,101,nearest,28
47,114,101,nearest,30
47,115,101,nearest,19
48,0,101,nearest,20
48,1,101,nearest,17
48,2,101,nearest,18
48,3,101,nearest,16
48,4,101,nearest,27
48,5,91,inner_exact,0
48,6,91,inner_exact,0
48,7,73,nearest,111
48,8,73,nearest,125
48,9,76,nearest,58
48,10,1,inner_exact,0
48,11,1,inner_exact,0
48,12,1,inner_exact,0
48,13,1,inner_exact,0
48,14,1,inner_exact,0
48,15,1,inner_exact,0
48,16,1,inner_exact,0
48,17,30,nearest,56
48,18,31,nearest,16
48,19,31,nearest,19
48,20,31,nearest,19
48,21,31,nearest,19
48,22,31,nearest,22
48,23,31,nearest,19
48,24,31,nearest,18
48,25,31,nearest,19
48,26,31,nearest,16
48,27,31,nearest,19
48,28,31,nearest,17
48,29,15,nearest,30
48,30,31,nearest,21
48,31,31,nearest,19
48,32,31,nearest,21
48,33,32,nearest,77
48,34,1,inner_exact,0
48,35,22,nearest,32
48,36,24,nearest,69
48,37,1,inner_exact,0
48,38,1,inner_exact,0
48,39,30,nearest,57
48,40,31,nearest,19
48,41,31,nearest,19
48,42,31,nearest,19
48,43,31,nearest,19
48,44,31,nearest,19
48,45,31,nearest,19
48,46,31,nearest,19
48,47,31,nearest,18
48,48,31,nearest,19
48,49,31,nearest,16
48,50,31,nearest,19
48,51,31,nearest,20
48,52,31,nearest,19
48,53,31,nearest,21
48,54,31,nearest,19
48,55,31,nearest,18
48,56,31,nearest,19
48,57,31,nearest,17
48,58,31,nearest,19
48,59,31,nearest,17
48,60,31,nearest,19
48,61,31,nearest,21
48,62,16,nearest,94
48,63,1,inner_exact,0
48,64,1,inner_exact,0
48,65,1,inner_exact,0
48,66,1,inner_exact,0
48,67,1,inner_exact,0
48,68,14,nearest,60
48,69,15,nearest,25
48,70,15,nearest,25
48,71,16,nearest,94
48,72,1,inner_exact,0
48,73,1,inner_exact,0
48,74,46,nearest,62
48,75,31,nearest,19
48,76,31,nearest,21
48,77,32,nearest,78
48,78,1,inner_exact,0
48,79,1,inner_exact,0
48,80,1,inner_exact,0
48,81,1,inner_exact,0
48,82,14,nearest,58
48,83,31,nearest,19
48,84,31,nearest,21
48,85,47,nearest,49
48,86,47,nearest,45
48,87,31,nearest,19
48,88,31,nearest,19
48,89,31,nearest,19
48,90,31,nearest,19
48,91,31,nearest,22
48,92,31,nearest,19
48,93,31,nearest,19
48,94,31,nearest,19
48,95,31,nearest,17
48,96,31,nearest,19
48,97,31,nearest,20
48,98,31,nearest,19
48,99,31,nearest,22
48,100,31,nearest,19
48,101,47,nearest,48
48,102,48,nearest,92
48,103,6,nearest,16
48,104,23,nearest,60
48,105,24,nearest,69
48,106,1,inner_exact,0
48,107,1,inner_exact,0
48,108,1,inner_exact,0
48,109,1,inner_exact,0
48,110,106,nearest,18
48,111,91,inner_exact,0
48,112,91,inner_exact,0
48,113,71,nearest,29
48,114,101,nearest,31
48,115,101,nearest,20
49,0,101,nearest,8
49,1,101,nearest,5
49,2,101,nearest,8
49,3,101,nearest,6
49,4,101,nearest,15
49,5,70,nearest,10
49,6,91,inner_exact,0
49,7,73,nearest,63
49,8,73,nearest,78
49,9,73,nearest,46
49,10,75,nearest,33
49,11,75,nearest,29
49,12,75,nearest,45
49,13,75,nearest,45
49,14,76,nearest,52
49,15,1,inner_exact,0
49,16,1,inner_exact,0
49,17,46,nearest,43
49,18,47,nearest,11
49,19,31,nearest,6
49,20,31,nearest,6
49,21,31,nearest,8
49,22,31,nearest,11
49,23,31,nearest,8
49,24,31,nearest,5
49,25,31,nearest,6
49,26,31,nearest,3
49,27,31,nearest,6
49,28,31,nearest,6
49,29,31,nearest,8
49,30,31,nearest,10
49,31,31,nearest,8
49,32,31,nearest,8
49,33,31,nearest,6
49,34,16,nearest,86
49,35,38,nearest,6
49,36,40,nearest,4
49,37,1,inner_exact,0
49,38,1,inner_exact,0
49,39,30,nearest,41
49,40,31,nearest,6
49,41,31,nearest,6
49,42,31,nearest,4
49,43,31,nearest,6
49,44,31,nearest,8
49,45,31,nearest,8
49,46,31,nearest,8
49,47,31,nearest,5
49,48,31,nearest,6
49,49,31,nearest,3
49,50,31,nearest,6
49,51,31,nearest,9
49,52,31,nearest,8
49,53,31,nearest,10
49,54,31,nearest,8
49,55,31,nearest,5
49,56,31,nearest,6
49,57,31,nearest,4
49,58,31,nearest,6
49,59,31,nearest,6
49,60,31,nearest,8
49,61,31,nearest,10
49,62,31,nearest,8
49,63,15,nearest,13
49,64,15,nearest,13
49,65,15,nearest,20
49,66,15,nearest,20
49,67,15,nearest,20
49,68,31,nearest,11
49,69,31,nearest,8
49,70,31,nearest,8
49,71,32,nearest,65
49,72,1,inner_exact,0
49,73,1,inner_exact,0
49,74,1,inner_exact,0
49,75,30,nearest,49
49,76,31,nearest,10
49,77,31,nearest,8
49,78,16,nearest,79
49,79,1,inner_exact,0
49,80,1,inner_exact,0
49,81,14,nearest,42
49,82,31,nearest,8
49,83,31,nearest,8
49,84,48,nearest,87
49,85,1,inner_exact,0
49,86,1,inner_exact,0
49,87,46,nearest,43
49,88,31,nearest,6
49,89,31,nearest,6
49,90,31,nearest,8
49,91,31,nearest,11
49,92,31,nearest,8
49,93,31,nearest,8
49,94,31,nearest,6
49,95,31,nearest,4
49,96,31,nearest,6
49,97,31,nearest,9
49,98,31,nearest,8
49,99,47,nearest,28
49,100,48,nearest,80
49,101,1,inner_exact,0
49,102,1,inner_exact,0
49,103,38,nearest,9
49,104,23,nearest,23
49,105,24,nearest,46
49,106,1,inner_exact,0
49,107,1,inner_exact,0
49,108,1,inner_exact,0
49,109,1,inner_exact,0
49,110,90,nearest,7
49,111,91,inner_exact,0
49,112,91,inner_exact,0
49,113,91,inner_exact,0
49,114,71,nearest,21
49,115,101,nearest,8
50,0,101,nearest,27
50,1,101,nearest,24
50,2,101,nearest,25
50,3,101,nearest,23
50,4,101,nearest,34
50,5,101,nearest,36
50,6,70,nearest,32
50,7,85,nearest,92
50,8,73,nearest,127
50,9,73,nearest,96
50,10,73,nearest,113
50,11,73,nearest,84
50,12,73,nearest,86
50,13,73,nearest,78
50,14,73,nearest,100
50,15,92,nearest,2
50,16,1,inner_exact,0
50,17,1,inner_exact,0
50,18,1,inner_exact,0
50,19,46,nearest,60
50,20,31,nearest,20
50,21,31,nearest,20
50,22,31,nearest,23
50,23,31,nearest,20
50,24,31,nearest,19
50,25,31,nearest,20
50,26,31,nearest,17
50,27,31,nearest,20
50,28,31,nearest,18
50,29,31,nearest,20
50,30,31,nearest,22
50,31,31,nearest,20
50,32,31,nearest,22
50,33,31,nearest,20
50,34,32,nearest,65
50,35,1,inner_exact,0
50,36,1,inner_exact,0
50,37,1,inner_exact,0
50,38,14,nearest,63
50,39,31,nearest,20
50,40,31,nearest,20
50,41,31,nearest,20
50,42,31,nearest,18
50,43,31,nearest,20
50,44,31,nearest,20
50,45,31,nearest,20
50,46,31,nearest,20
50,47,31,nearest,19
50,48,31,nearest,20
50,49,31,nearest,17
50,50,31,nearest,20
50,51,31,nearest,21
50,52,31,nearest,20
50,53,31,nearest,22
50,54,31,nearest,20
50,55,31,nearest,19
50,56,31,nearest,20
50,57,31,nearest,18
50,58,31,nearest,20
50,59,31,nearest,18
50,60,31,nearest,20
50,61,31,nearest,22
50,62,31,nearest,20
50,63,48,nearest,91
50,64,46,nearest,63
50,65,47,nearest,32
50,66,47,nearest,32
50,67,47,nearest,36
50,68,48,nearest,104
50,69,46,nearest,67
50,70,31,nearest,20
50,71,31,nearest,20
50,72,16,nearest,99
50,73,1,inner_exact,0
50,74,1,inner_exact,0
50,75,46,nearest,64
50,76,31,nearest,22
50,77,31,nearest,20
50,78,32,nearest,81
50,79,1,inner_exact,0
50,80,1,inner_exact,0
50,81,46,nearest,60
50,82,31,nearest,20
50,83,32,nearest,68
50,84,1,inner_exact,0
50,85,1,inner_exact,0
50,86,1,inner_exact,0
50,87,1,inner_exact,0
50,88,30,nearest,66
50,89,31,nearest,20
50,90,31,nearest,20
50,91,31,nearest,23
50,92,31,nearest,20
50,93,31,nearest,20
50,94,31,nearest,20
50,95,31,nearest,18
50,96,31,nearest,20
50,97,31,nearest,21
50,98,48,nearest,102
50,99,1,inner_exact,0
50,100,1,inner_exact,0
50,101,1,inner_exact,0
50,102,1,inner_exact,0
50,103,1,inner_exact,0
50,104,22,nearest,38
50,105,24,nearest,86
50,106,1,inner_exact,0
50,107,1,inner_exact,0
50,108,1,inner_exact,0
50,109,1,inner_exact,0
50,110,90,nearest,12
50,111,91,inner_exact,0
50,112,91,inner_exact,0
50,113,91,inner_exact,0
50,114,91,inner_exact,0
50,115,71,nearest,29
51,0,101,nearest,15
51,1,101,nearest,12
51,2,101,nearest,15
51,3,101,nearest,13
51,4,101,nearest,22
51,5,101,nearest,22
51,6,101,nearest,22
51,7,91,inner_exact,0
51,8,85,nearest,33
51,9,73,nearest,75
51,10,73,nearest,92
51,11,73,nearest,63
51,12,73,nearest,65
51,13,73,nearest,55
51,14,73,nearest,80
51,15,76,nearest,74
51,16,1,inner_exact,0
51,17,1,inner_exact,0
51,18,1,inner_exact,0
51,19,1,inner_exact,0
51,20,46,nearest,51
51,21,31,nearest,14
51,22,31,nearest,17
51,23,31,nearest,14
51,24,31,nearest,11
51,25,31,nearest,12
51,26,31,nearest,9
51,27,31,nearest,12
51,28,31,nearest,12
51,29,31,nearest,14
51,30,31,nearest,16
51,31,31,nearest,14
51,32,31,nearest,14
51,33,47,nearest,38
51,34,48,nearest,86
51,35,1,inner_exact,0
51,36,1,inner_exact,0
51,37,1,inner_exact,0
51,38,30,nearest,54
51,39,31,nearest,14
51,40,31,nearest,12
51,41,31,nearest,12
51,42,31,nearest,10
51,43,31,nearest,12
51,44,31,nearest,14
51,45,31,nearest,14
51,46,31,nearest,14
51,47,31,nearest,11
51,48,31,nearest,12
51,49,31,nearest,9
51,50,31,nearest,12
51,51,31,nearest,15
51,52,31,nearest,14
51,53,31,nearest,16
51,54,31,nearest,14
51,55,31,nearest,11
51,56,31,nearest,12
51,57,31,nearest,10
51,58,31,nearest,12
51,59,31,nearest,12
51,60,31,nearest,14
51,61,31,nearest,16
51,62,32,nearest,72
51,63,1,inner_exact,0
51,64,11,nearest,29
51,65,12,nearest,36
51,66,12,nearest,36
51,67,13,nearest,23
51,68,1,inner_exact,0
51,69,1,inner_exact,0
51,70,46,nearest,60
51,71,31,nearest,12
51,72,48,nearest,84
51,73,1,inner_exact,0
51,74,1,inner_exact,0
51,75,1,inner_exact,0
51,76,46,nearest,56
51,77,47,nearest,44
51,78,48,nearest,90
51,79,1,inner_exact,0
51,80,1,inner_exact,0
51,81,1,inner_exact,0
51,82,30,nearest,62
51,83,31,nearest,14
51,84,16,nearest,91
51,85,1,inner_exact,0
51,86,1,inner_exact,0
51,87,1,inner_exact,0
51,88,30,nearest,59
51,89,31,nearest,12
51,90,31,nearest,14
51,91,31,nearest,17
51,92,31,nearest,14
51,93,31,nearest,14
51,94,31,nearest,12
51,95,31,nearest,10
51,96,31,nearest,12
51,97,32,nearest,61
51,98,1,inner_exact,0
51,99,1,inner_exact,0
51,100,1,inner_exact,0
51,101,1,inner_exact,0
51,102,124,nearest,35
51,103,124,nearest,32
51,104,22,nearest,25
51,105,23,nearest,56
51,106,8,nearest,38
51,107,1,inner_exact,0
51,108,1,inner_exact,0
51,109,1,inner_exact,0
51,110,1,inner_exact,0
51,111,106,nearest,14
51,112,91,inner_exact,0
51,113,91,inner_exact,0
51,114,91,inner_exact,0
51,115,91,inner_exact,0
52,0,101,nearest,19
52,1,101,nearest,16
52,2,101,nearest,17
52,3,101,nearest,15
52,4,101,nearest,26
52,5,101,nearest,28
52,6,101,nearest,28
52,7,70,nearest,19
52,8,91,inner_exact,0
52,9,85,nearest,67
52,10,86,nearest,91
52,11,86,nearest,85
52,12,86,nearest,96
52,13,73,nearest,47
52,14,73,nearest,69
52,15,73,nearest,95
52,16,92,nearest,1
52,17,1,inner_exact,0
52,18,1,inner_exact,0
52,19,1,inner_exact,0
52,20,1,inner_exact,0
52,21,30,nearest,56
52,22,31,nearest,18
52,23,31,nearest,15
52,24,31,nearest,12
52,25,31,nearest,13
52,26,31,nearest,10
52,27,31,nearest,13
52,28,31,nearest,13
52,29,31,nearest,15
52,30,31,nearest,17
52,31,31,nearest,15
52,32,48,nearest,91
52,33,1,inner_exact,0
52,34,1,inner_exact,0
52,35,1,inner_exact,0
52,36,1,inner_exact,0
52,37,1,inner_exact,0
52,38,46,nearest,61
52,39,47,nearest,30
52,40,47,nearest,24
52,41,31,nearest,13
52,42,31,nearest,11
52,43,31,nearest,13
52,44,31,nearest,15
52,45,31,nearest,15
52,46,31,nearest,15
52,47,31,nearest,12
52,48,31,nearest,13
52,49,31,nearest,10
52,50,31,nearest,13
52,51,31,nearest,16
52,52,31,nearest,15
52,53,31,nearest,17
52,54,31,nearest,15
52,55,31,nearest,12
52,56,31,nearest,13
52,57,31,nearest,11
52,58,31,nearest,13
52,59,31,nearest,13
52,60,31,nearest,15
52,61,31,nearest,17
52,62,31,nearest,15
52,63,16,nearest,91
52,64,27,nearest,17
52,65,28,nearest,25
52,66,28,nearest,25
52,67,28,nearest,29
52,68,13,nearest,19
52,69,1,inner_exact,0
52,70,14,nearest,52
52,71,31,nearest,13
52,72,16,nearest,89
52,73,1,inner_exact,0
52,74,1,inner_exact,0
52,75,6,nearest,13
52,76,7,nearest,51
52,77,7,nearest,34
52,78,8,nearest,29
52,79,1,inner_exact,0
52,80,1,inner_exact,0
52,81,1,inner_exact,0
52,82,30,nearest,56
52,83,31,nearest,15
52,84,48,nearest,98
52,85,1,inner_exact,0
52,86,1,inner_exact,0
52,87,1,inner_exact,0
52,88,30,nearest,53
52,89,31,nearest,13
52,90,31,nearest,15
52,91,31,nearest,18
52,92,31,nearest,15
52,93,31,nearest,15
52,94,31,nearest,13
52,95,31,nearest,11
52,96,31,nearest,13
52,97,48,nearest,97
52,98,1,inner_exact,0
52,99,1,inner_exact,0
52,100,1,inner_exact,0
52,101,1,inner_exact,0
52,102,1,inner_exact,0
52,103,124,nearest,38
52,104,22,nearest,21
52,105,23,nearest,69
52,106,24,nearest,76
52,107,1,inner_exact,0
52,108,1,inner_exact,0
52,109,1,inner_exact,0
52,110,1,inner_exact,0
52,111,90,nearest,3
52,112,91,inner_exact,0
52,113,91,inner_exact,0
52,114,91,inner_exact,0
52,115,69,nearest,15
53,0,101,nearest,20
53,1,101,nearest,17
53,2,101,nearest,18
53,3,101,nearest,16
53,4,101,nearest,27
53,5,101,nearest,29
53,6,101,nearest,29
53,7,101,nearest,27
53,8,70,nearest,32
53,9,91,inner_exact,0
53,10,91,inner_exact,0
53,11,91,inner_exact,0
53,12,91,inner_exact,0
53,13,85,nearest,56
53,14,73,nearest,98
53,15,73,nearest,125
53,16,92,nearest,2
53,17,1,inner_exact,0
53,18,1,inner_exact,0
53,19,1,inner_exact,0
53,20,1,inner_exact,0
53,21,30,nearest,65
53,22,31,nearest,22
53,23,31,nearest,19
53,24,31,nearest,18
53,25,31,nearest,19
53,26,31,nearest,16
53,27,31,nearest,19
53,28,31,nearest,17
53,29,31,nearest,19
53,30,31,nearest,21
53,31,48,nearest,96
53,32,1,inner_exact,0
53,33,1,inner_exact,0
53,34,1,inner_exact,0
53,35,1,inner_exact,0
53,36,1,inner_exact,0
53,37,1,inner_exact,0
53,38,1,inner_exact,0
53,39,1,inner_exact,0
53,40,1,inner_exact,0
53,41,46,nearest,61
53,42,31,nearest,17
53,43,31,nearest,19
53,44,31,nearest,19
53,45,31,nearest,19
53,46,31,nearest,19
53,47,31,nearest,18
53,48,31,nearest,19
53,49,31,nearest,16
53,50,31,nearest,19
53,51,31,nearest,20
53,52,31,nearest,19
53,53,31,nearest,21
53,54,31,nearest,19
53,55,31,nearest,18
53,56,31,nearest,19
53,57,31,nearest,17
53,58,31,nearest,19
53,59,31,nearest,17
53,60,31,nearest,19
53,61,31,nearest,21
53,62,31,nearest,19
53,63,48,nearest,92
53,64,27,nearest,30
53,65,28,nearest,43
53,66,28,nearest,43
53,67,28,nearest,42
53,68,45,nearest,24
53,69,14,nearest,56
53,70,31,nearest,19
53,71,31,nearest,19
53,72,32,nearest,63
53,73,1,inner_exact,0
53,74,6,nearest,26
53,75,23,nearest,76
53,76,23,nearest,77
53,77,23,nearest,64
53,78,23,nearest,57
53,79,7,nearest,30
53,80,7,nearest,28
53,81,8,nearest,48
53,82,30,nearest,65
53,83,32,nearest,66
53,84,1,inner_exact,0
53,85,1,inner_exact,0
53,86,1,inner_exact,0
53,87,1,inner_exact,0
53,88,30,nearest,64
53,89,31,nearest,19
53,90,31,nearest,19
53,91,31,nearest,22
53,92,31,nearest,19
53,93,31,nearest,19
53,94,31,nearest,19
53,95,31,nearest,17
53,96,31,nearest,19
53,97,16,nearest,104
53,98,1,inner_exact,0
53,99,1,inner_exact,0
53,100,1,inner_exact,0
53,101,1,inner_exact,0
53,102,1,inner_exact,0
53,103,1,inner_exact,0
53,104,22,nearest,32
53,105,23,nearest,76
53,106,24,nearest,69
53,107,1,inner_exact,0
53,108,1,inner_exact,0
53,109,1,inner_exact,0
53,110,1,inner_exact,0
53,111,90,nearest,2
53,112,91,inner_exact,0
53,113,91,inner_exact,0
53,114,69,nearest,24
53,115,101,nearest,20
54,0,101,nearest,8
54,1,101,nearest,5
54,2,101,nearest,8
54,3,101,nearest,6
54,4,101,nearest,15
54,5,101,nearest,15
54,6,101,nearest,15
54,7,101,nearest,13
54,8,101,nearest,8
54,9,70,nearest,5
54,10,91,inner_exact,0
54,11,91,inner_exact,0
54,12,91,inner_exact,0
54,13,91,inner_exact,0
54,14,85,nearest,35
54,15,73,nearest,78
54,16,92,inner_exact,0
54,17,1,inner_exact,0
54,18,1,inner_exact,0
54,19,1,inner_exact,0
54,20,1,inner_exact,0
54,21,30,nearest,49
54,22,31,nearest,11
54,23,31,nearest,8
54,24,31,nearest,5
54,25,31,nearest,6
54,26,31,nearest,3
54,27,31,nearest,6
54,28,31,nearest,6
54,29,31,nearest,8
54,30,32,nearest,68
54,31,1,inner_exact,0
54,32,1,inner_exact,0
54,33,1,inner_exact,0
54,34,1,inner_exact,0
54,35,1,inner_exact,0
54,36,1,inner_exact,0
54,37,1,inner_exact,0
54,38,1,inner_exact,0
54,39,1,inner_exact,0
54,40,1,inner_exact,0
54,41,1,inner_exact,0
54,42,30,nearest,36
54,43,31,nearest,6
54,44,31,nearest,8
54,45,31,nearest,8
54,46,31,nearest,8
54,47,31,nearest,5
54,48,31,nearest,6
54,49,31,nearest,3
54,50,31,nearest,6
54,51,31,nearest,9
54,52,31,nearest,8
54,53,31,nearest,10
54,54,31,nearest,8
54,55,31,nearest,5
54,56,31,nearest,6
54,57,31,nearest,4
54,58,31,nearest,6
54,59,31,nearest,6
54,60,31,nearest,8
54,61,31,nearest,10
54,62,32,nearest,66
54,63,11,nearest,12
54,64,28,nearest,7
54,65,28,nearest,13
54,66,28,nearest,13
54,67,45,nearest,12
54,68,14,nearest,43
54,69,31,nearest,8
54,70,31,nearest,8
54,71,31,nearest,6
54,72,32,nearest,51
54,73,1,inner_exact,0
54,74,22,nearest,18
54,75,23,nearest,42
54,76,23,nearest,45
54,77,23,nearest,29
54,78,23,nearest,22
54,79,23,nearest,10
54,80,23,nearest,7
54,81,24,nearest,33
54,82,46,nearest,46
54,83,48,nearest,87
54,84,1,inner_exact,0
54,85,1,inner_exact,0
54,86,1,inner_exact,0
54,87,1,inner_exact,0
54,88,30,nearest,46
54,89,31,nearest,6
54,90,31,nearest,8
54,91,31,nearest,11
54,92,31,nearest,8
54,93,31,nearest,8
54,94,31,nearest,6
54,95,31,nearest,4
54,96,31,nearest,6
54,97,32,nearest,55
54,98,1,inner_exact,0
54,99,1,inner_exact,0
54,100,1,inner_exact,0
54,101,1,inner_exact,0
54,102,1,inner_exact,0
54,103,6,nearest,2
54,104,23,nearest,23
54,105,23,nearest,42
54,106,24,nearest,46
54,107,1,inner_exact,0
54,108,1,inner_exact,0
54,109,1,inner_exact,0
54,110,1,inner_exact,0
54,111,90,inner_exact,0
54,112,91,inner_exact,0
54,113,69,nearest,10
54,114,101,nearest,17
54,115,101,nearest,8
55,0,101,nearest,27
55,1,101,nearest,24
55,2,101,nearest,25
55,3,101,nearest,23
55,4,101,nearest,34
55,5,101,nearest,36
55,6,101,nearest,36
55,7,101,nearest,34
55,8,101,nearest,27
55,9,101,nearest,24
55,10,91,inner_exact,0
55,11,91,inner_exact,0
55,12,91,inner_exact,0
55,13,91,inner_exact,0
55,14,91,inner_exact,0
55,15,73,nearest,127
55,16,92,nearest,2
55,17,17,nearest,3
55,18,18,nearest,3
55,19,1,inner_exact,0
55,20,1,inner_exact,0
55,21,30,nearest,67
55,22,31,nearest,23
55,23,31,nearest,20
55,24,31,nearest,19
55,25,31,nearest,20
55,26,31,nearest,17
55,27,31,nearest,20
55,28,31,nearest,18
55,29,31,nearest,20
55,30,32,nearest,82
55,31,1,inner_exact,0
55,32,1,inner_exact,0
55,33,14,nearest,66
55,34,15,nearest,45
55,35,16,nearest,110
55,36,1,inner_exact,0
55,37,1,inner_exact,0
55,38,1,inner_exact,0
55,39,1,inner_exact,0
55,40,1,inner_exact,0
55,41,1,inner_exact,0
55,42,46,nearest,58
55,43,47,nearest,32
55,44,47,nearest,36
55,45,47,nearest,36
55,46,47,nearest,39
55,47,31,nearest,19
55,48,31,nearest,20
55,49,31,nearest,17
55,50,47,nearest,32
55,51,47,nearest,35
55,52,47,nearest,36
55,53,47,nearest,42
55,54,31,nearest,20
55,55,31,nearest,19
55,56,31,nearest,20
55,57,31,nearest,18
55,58,31,nearest,20
55,59,31,nearest,18
55,60,31,nearest,20
55,61,31,nearest,22
55,62,32,nearest,80
55,63,27,nearest,27
55,64,28,nearest,37
55,65,28,nearest,47
55,66,45,nearest,22
55,67,14,nearest,65
55,68,31,nearest,23
55,69,31,nearest,20
55,70,31,nearest,20
55,71,31,nearest,20
55,72,32,nearest,65
55,73,1,inner_exact,0
55,74,38,nearest,23
55,75,115,nearest,156
55,76,39,nearest,56
55,77,23,nearest,72
55,78,23,nearest,68
55,79,23,nearest,59
55,80,23,nearest,60
55,81,24,nearest,77
55,82,1,inner_exact,0
55,83,11,nearest,53
55,84,12,nearest,58
55,85,13,nearest,26
55,86,1,inner_exact,0
55,87,14,nearest,66
55,88,31,nearest,20
55,89,31,nearest,20
55,90,31,nearest,20
55,91,31,nearest,23
55,92,31,nearest,20
55,93,31,nearest,20
55,94,31,nearest,20
55,95,31,nearest,18
55,96,31,nearest,20
55,97,31,nearest,21
55,98,16,nearest,110
55,99,1,inner_exact,0
55,100,1,inner_exact,0
55,101,1,inner_exact,0
55,102,1,inner_exact,0
55,103,38,nearest,21
55,104,39,nearest,53
55,105,23,nearest,86
55,106,24,nearest,86
55,107,1,inner_exact,0
55,108,1,inner_exact,0
55,109,1,inner_exact,0
55,110,1,inner_exact,0
55,111,90,nearest,5
55,112,69,nearest,19
55,113,101,nearest,36
55,114,101,nearest,38
55,115,101,nearest,27
56,0,101,nearest,15
56,1,101,nearest,12
56,2,101,nearest,15
56,3,101,nearest,13
56,4,101,nearest,22
56,5,101,nearest,22
56,6,101,nearest,22
56,7,101,nearest,20
56,8,101,nearest,15
56,9,72,nearest,17
56,10,91,inner_exact,0
56,11,91,inner_exact,0
56,12,91,inner_exact,0
56,13,91,inner_exact,0
56,14,91,inner_exact,0
56,15,73,nearest,107
56,16,92,inner_exact,0
56,17,17,nearest,2
56,18,2,nearest,3
56,19,18,nearest,1
56,20,1,inner_exact,0
56,21,30,nearest,62
56,22,31,nearest,17
56,23,31,nearest,14
56,24,31,nearest,11
56,25,31,nearest,12
56,26,31,nearest,9
56,27,31,nearest,12
56,28,31,nearest,12
56,29,31,nearest,14
56,30,31,nearest,16
56,31,16,nearest,90
56,32,14,nearest,53
56,33,31,nearest,12
56,34,31,nearest,10
56,35,32,nearest,59
56,36,1,inner_exact,0
56,37,1,inner_exact,0
56,38,1,inner_exact,0
56,39,1,inner_exact,0
56,40,1,inner_exact,0
56,41,1,inner_exact,0
56,42,1,inner_exact,0
56,43,1,inner_exact,0
56,44,1,inner_exact,0
56,45,1,inner_exact,0
56,46,1,inner_exact,0
56,47,46,nearest,54
56,48,31,nearest,12
56,49,31,nearest,9
56,50,16,nearest,99
56,51,1,inner_exact,0
56,52,1,inner_exact,0
56,53,1,inner_exact,0
56,54,46,nearest,60
56,55,31,nearest,11
56,56,31,nearest,12
56,57,31,nearest,10
56,58,31,nearest,12
56,59,31,nearest,12
56,60,31,nearest,14
56,61,47,nearest,49
56,62,48,nearest,90
56,63,43,nearest,17
56,64,44,nearest,25
56,65,45,nearest,10
56,66,1,inner_exact,0
56,67,46,nearest,57
56,68,47,nearest,47
56,69,47,nearest,44
56,70,47,nearest,44
56,71,47,nearest,38
56,72,48,nearest,84
56,73,1,inner_exact,0
56,74,1,inner_exact,0
56,75,1,inner_exact,0
56,76,1,inner_exact,0
56,77,22,nearest,32
56,78,23,nearest,35
56,79,23,nearest,26
56,80,23,nearest,24
56,81,24,nearest,41
56,82,1,inner_exact,0
56,83,27,nearest,30
56,84,79,nearest,28
56,85,29,nearest,34
56,86,1,inner_exact,0
56,87,30,nearest,51
56,88,31,nearest,12
56,89,31,nearest,12
56,90,31,nearest,14
56,91,31,nearest,17
56,92,31,nearest,14
56,93,31,nearest,14
56,94,31,nearest,12
56,95,31,nearest,10
56,96,31,nearest,12
56,97,31,nearest,15
56,98,31,nearest,14
56,99,15,nearest,29
56,100,16,nearest,90
56,101,14,nearest,60
56,102,15,nearest,19
56,103,15,nearest,26
56,104,16,nearest,99
56,105,38,nearest,5
56,106,40,nearest,6
56,107,1,inner_exact,0
56,108,1,inner_exact,0
56,109,1,inner_exact,0
56,110,1,inner_exact,0
56,111,90,inner_exact,0
56,112,101,nearest,25
56,113,101,nearest,22
56,114,101,nearest,24
56,115,101,nearest,15
57,0,101,nearest,19
57,1,101,nearest,16
57,2,101,nearest,17
57,3,101,nearest,15
57,4,101,nearest,26
57,5,101,nearest,28
57,6,101,nearest,28
57,7,101,nearest,26
57,8,72,nearest,27
57,9,91,inner_exact,0
57,10,91,inner_exact,0
57,11,91,inner_exact,0
57,12,91,inner_exact,0
57,13,91,inner_exact,0
57,14,91,inner_exact,0
57,15,85,nearest,88
57,16,92,nearest,1
57,17,33,nearest,3
57,18,2,inner_exact,0
57,19,34,nearest,1
57,20,1,inner_exact,0
57,21,30,nearest,56
57,22,31,nearest,18
57,23,31,nearest,15
57,24,31,nearest,12
57,25,31,nearest,13
57,26,31,nearest,10
57,27,31,nearest,13
57,28,31,nearest,13
57,29,31,nearest,15
57,30,31,nearest,17
57,31,31,nearest,15
57,32,31,nearest,12
57,33,31,nearest,13
57,34,31,nearest,11
57,35,48,nearest,94
57,36,1,inner_exact,0
57,37,1,inner_exact,0
57,38,1,inner_exact,0
57,39,1,inner_exact,0
57,40,1,inner_exact,0
57,41,1,inner_exact,0
57,42,1,inner_exact,0
57,43,1,inner_exact,0
57,44,1,inner_exact,0
57,45,1,inner_exact,0
57,46,1,inner_exact,0
57,47,1,inner_exact,0
57,48,46,nearest,55
57,49,47,nearest,18
57,50,48,nearest,94
57,51,1,inner_exact,0
57,52,1,inner_exact,0
57,53,124,nearest,57
57,54,1,inner_exact,0
57,55,46,nearest,55
57,56,47,nearest,24
57,57,47,nearest,16
57,58,47,nearest,21
57,59,47,nearest,24
57,60,48,nearest,98
57,61,1,inner_exact,0
57,62,1,inner_exact,0
57,63,1,inner_exact,0
57,64,1,inner_exact,0
57,65,1,inner_exact,0
57,66,1,inner_exact,0
57,67,1,inner_exact,0
57,68,1,inner_exact,0
57,69,1,inner_exact,0
57,70,6,nearest,17
57,71,7,nearest,18
57,72,7,nearest,14
57,73,7,nearest,32
57,74,7,nearest,42
57,75,7,nearest,48
57,76,7,nearest,51
57,77,23,nearest,54
57,78,23,nearest,47
57,79,23,nearest,35
57,80,23,nearest,34
57,81,23,nearest,50
57,82,8,nearest,32
57,83,43,nearest,28
57,84,44,nearest,23
57,85,45,nearest,18
57,86,14,nearest,53
57,87,31,nearest,13
57,88,31,nearest,13
57,89,31,nearest,13
57,90,31,nearest,15
57,91,31,nearest,18
57,92,31,nearest,15
57,93,31,nearest,15
57,94,31,nearest,13
57,95,31,nearest,11
57,96,31,nearest,13
57,97,31,nearest,16
57,98,31,nearest,15
57,99,31,nearest,18
57,100,31,nearest,15
57,101,31,nearest,15
57,102,31,nearest,13
57,103,31,nearest,13
57,104,32,nearest,61
57,105,1,inner_exact,0
57,106,1,inner_exact,0
57,107,1,inner_exact,0
57,108,1,inner_exact,0
57,109,1,inner_exact,0
57,110,1,inner_exact,0
57,111,74,nearest,29
57,112,71,nearest,33
57,113,101,nearest,28
57,114,101,nearest,30
57,115,101,nearest,19
58,0,101,nearest,20
58,1,101,nearest,17
58,2,101,nearest,18
58,3,101,nearest,16
58,4,101,nearest,27
58,5,101,nearest,29
58,6,72,nearest,30
58,7,91,inner_exact,0
58,8,91,inner_exact,0
58,9,91,inner_exact,0
58,10,91,inner_exact,0
58,11,91,inner_exact,0
58,12,91,inner_exact,0
58,13,91,inner_exact,0
58,14,91,inner_exact,0
58,15,91,inner_exact,0
58,16,92,nearest,2
58,17,17,nearest,3
58,18,2,nearest,3
58,19,18,nearest,2
58,20,1,inner_exact,0
58,21,46,nearest,62
58,22,31,nearest,22
58,23,31,nearest,19
58,24,31,nearest,18
58,25,31,nearest,19
58,26,31,nearest,16
58,27,31,nearest,19
58,28,31,nearest,16
58,29,31,nearest,19
58,30,31,nearest,21
58,31,31,nearest,19
58,32,31,nearest,18
58,33,31,nearest,19
58,34,32,nearest,63
58,35,1,inner_exact,0
58,36,1,inner_exact,0
58,37,19,nearest,53
58,38,3,nearest,30
58,39,3,nearest,30
58,40,3,nearest,30
58,41,3,nearest,30
58,42,3,nearest,24
58,43,3,nearest,27
58,44,3,nearest,27
58,45,20,nearest,50
58,46,1,inner_exact,0
58,47,1,inner_exact,0
58,48,1,inner_exact,0
58,49,1,inner_exact,0
58,50,1,inner_exact,0
58,51,1,inner_exact,0
58,52,1,inner_exact,0
58,53,124,nearest,68
58,54,124,nearest,68
58,55,6,nearest,17
58,56,7,nearest,30
58,57,7,nearest,27
58,58,7,nearest,40
58,59,7,nearest,48
58,60,7,nearest,53
58,61,7,nearest,56
58,62,8,nearest,31
58,63,1,inner_exact,0
58,64,1,inner_exact,0
58,65,1,inner_exact,0
58,66,1,inner_exact,0
58,67,1,inner_exact,0
58,68,1,inner_exact,0
58,69,6,nearest,28
58,70,23,nearest,64
58,71,23,nearest,48
58,72,23,nearest,42
58,73,23,nearest,60
58,74,23,nearest,68
58,75,23,nearest,76
58,76,23,nearest,77
58,77,23,nearest,64
58,78,23,nearest,57
58,79,23,nearest,48
58,80,23,nearest,47
58,81,23,nearest,60
58,82,23,nearest,76
58,83,8,nearest,45
58,84,1,inner_exact,0
58,85,1,inner_exact,0
58,86,30,nearest,56
58,87,31,nearest,19
58,88,31,nearest,19
58,89,31,nearest,19
58,90,31,nearest,19
58,91,31,nearest,22
58,92,31,nearest,19
58,93,31,nearest,19
58,94,31,nearest,19
58,95,31,nearest,17
58,96,31,nearest,19
58,97,31,nearest,20
58,98,31,nearest,19
58,99,31,nearest,22
58,100,31,nearest,19
58,101,31,nearest,21
58,102,31,nearest,19
58,103,31,nearest,19
58,104,32,nearest,65
58,105,1,inner_exact,0
58,106,1,inner_exact,0
58,107,1,inner_exact,0
58,108,1,inner_exact,0
58,109,1,inner_exact,0
58,110,90,nearest,9
58,111,73,nearest,81
58,112,91,inner_exact,0
58,113,71,nearest,29
58,114,101,nearest,31
58,115,101,nearest,20
59,0,101,nearest,10
59,1,101,nearest,7
59,2,101,nearest,10
59,3,101,nearest,8
59,4,101,nearest,17
59,5,72,nearest,16
59,6,91,inner_exact,0
59,7,91,inner_exact,0
59,8,107,nearest,7
59,9,107,nearest,7
59,10,107,nearest,7
59,11,107,inner_exact,0
59,12,107,nearest,2
59,13,107,nearest,2
59,14,107,nearest,2
59,15,108,nearest,28
59,16,17,inner_exact,0
59,17,2,inner_exact,0
59,18,2,inner_exact,0
59,19,34,nearest,1
59,20,1,inner_exact,0
59,21,14,nearest,47
59,22,31,nearest,12
59,23,31,nearest,9
59,24,31,nearest,6
59,25,31,nearest,7
59,26,31,nearest,4
59,27,31,nearest,7
59,28,31,nearest,4
59,29,31,nearest,9
59,30,31,nearest,11
59,31,31,nearest,9
59,32,31,nearest,6
59,33,31,nearest,7
59,34,48,nearest,78
59,35,1,inner_exact,0
59,36,1,inner_exact,0
59,37,3,nearest,12
59,38,3,nearest,15
59,39,3,nearest,15
59,40,3,nearest,12
59,41,3,nearest,12
59,42,3,nearest,9
59,43,3,nearest,9
59,44,3,nearest,12
59,45,3,nearest,12
59,46,3,nearest,15
59,47,3,nearest,12
59,48,3,nearest,12
59,49,3,nearest,12
59,50,20,nearest,22
59,51,1,inner_exact,0
59,52,1,inner_exact,0
59,53,1,inner_exact,0
59,54,1,inner_exact,0
59,55,38,nearest,10
59,56,23,nearest,18
59,57,23,nearest,12
59,58,23,nearest,31
59,59,23,nearest,38
59,60,23,nearest,50
59,61,23,nearest,56
59,62,23,nearest,37
59,63,7,nearest,13
59,64,7,nearest,13
59,65,7,nearest,25
59,66,8,nearest,27
59,67,1,inner_exact,0
59,68,6,nearest,14
59,69,23,nearest,37
59,70,23,nearest,37
59,71,23,nearest,18
59,72,23,nearest,12
59,73,23,nearest,31
59,74,23,nearest,39
59,75,23,nearest,50
59,76,23,nearest,53
59,77,23,nearest,37
59,78,23,nearest,30
59,79,39,nearest,16
59,80,39,nearest,19
59,81,23,nearest,31
59,82,23,nearest,50
59,83,24,nearest,55
59,84,1,inner_exact,0
59,85,1,inner_exact,0
59,86,46,nearest,45
59,87,47,nearest,18
59,88,47,nearest,15
59,89,47,nearest,15
59,90,31,nearest,9
59,91,31,nearest,12
59,92,31,nearest,9
59,93,31,nearest,9
59,94,31,nearest,7
59,95,31,nearest,5
59,96,31,nearest,7
59,97,31,nearest,10
59,98,31,nearest,9
59,99,31,nearest,12
59,100,31,nearest,9
59,101,31,nearest,9
59,102,31,nearest,7
59,103,31,nearest,7
59,104,48,nearest,85
59,105,1,inner_exact,0
59,106,1,inner_exact,0
59,107,1,inner_exact,0
59,108,1,inner_exact,0
59,109,1,inner_exact,0
59,110,90,nearest,7
59,111,73,nearest,47
59,112,91,inner_exact,0
59,113,91,inner_exact,0
59,114,71,nearest,25
59,115,101,nearest,10
60,0,101,nearest,27
60,1,101,nearest,24
60,2,101,nearest,25
60,3,101,nearest,23
60,4,101,nearest,34
60,5,91,inner_exact,0
60,6,91,inner_exact,0
60,7,108,nearest,43
60,8,1,inner_exact,0
60,9,1,inner_exact,0
60,10,1,inner_exact,0
60,11,1,inner_exact,0
60,12,1,inner_exact,0
60,13,1,inner_exact,0
60,14,1,inner_exact,0
60,15,17,nearest,3
60,16,2,nearest,3
60,17,2,nearest,3
60,18,34,inner_exact,0
60,19,1,inner_exact,0
60,20,1,inner_exact,0
60,21,30,nearest,67
60,22,31,nearest,23
60,23,31,nearest,20
60,24,31,nearest,19
60,25,31,nearest,20
60,26,31,nearest,17
60,27,31,nearest,20
60,28,31,nearest,17
60,29,31,nearest,20
60,30,31,nearest,22
60,31,31,nearest,20
60,32,31,nearest,19
60,33,48,nearest,91
60,34,1,inner_exact,0
60,35,1,inner_exact,0
60,36,1,inner_exact,0
60,37,3,nearest,36
60,38,3,nearest,39
60,39,3,nearest,39
60,40,3,nearest,36
60,41,3,nearest,36
60,42,3,nearest,30
60,43,3,nearest,33
60,44,3,nearest,36
60,45,3,nearest,36
60,46,3,nearest,39
60,47,3,nearest,36
60,48,3,nearest,36
60,49,3,nearest,33
60,50,3,nearest,33
60,51,20,nearest,57
60,52,1,inner_exact,0
60,53,1,inner_exact,0
60,54,17,nearest,3
60,55,18,nearest,1
60,56,38,nearest,23
60,57,23,nearest,58
60,58,23,nearest,73
60,59,23,nearest,77
60,60,23,nearest,86
60,61,23,nearest,87
60,62,23,nearest,72
60,63,23,nearest,59
60,64,23,nearest,59
60,65,23,nearest,73
60,66,23,nearest,73
60,67,7,nearest,62
60,68,23,nearest,90
60,69,23,nearest,72
60,70,23,nearest,72
60,71,23,nearest,59
60,72,23,nearest,55
60,73,23,nearest,73
60,74,115,nearest,156
60,75,39,nearest,59
60,76,39,nearest,56
60,77,39,nearest,48
60,78,40,nearest,22
60,79,11,nearest,38
60,80,13,nearest,21
60,81,38,nearest,20
60,82,39,nearest,59
60,83,23,nearest,86
60,84,8,nearest,40
60,85,1,inner_exact,0
60,86,1,inner_exact,0
60,87,1,inner_exact,0
60,88,11,nearest,47
60,89,13,nearest,21
60,90,46,nearest,64
60,91,31,nearest,23
60,92,31,nearest,20
60,93,31,nearest,20
60,94,31,nearest,20
60,95,31,nearest,18
60,96,31,nearest,20
60,97,31,nearest,21
60,98,31,nearest,20
60,99,31,nearest,23
60,100,31,nearest,20
60,101,31,nearest,22
60,102,31,nearest,20
60,103,48,nearest,103
60,104,1,inner_exact,0
60,105,1,inner_exact,0
60,106,1,inner_exact,0
60,107,1,inner_exact,0
60,108,1,inner_exact,0
60,109,1,inner_exact,0
60,110,74,nearest,70
60,111,73,nearest,86
60,112,91,inner_exact,0
60,113,91,inner_exact,0
60,114,91,inner_exact,0
60,115,101,nearest,27
61,0,101,nearest,15
61,1,101,nearest,12
61,2,101,nearest,15
61,3,101,nearest,13
61,4,72,nearest,19
61,5,91,inner_exact,0
61,6,108,nearest,25
61,7,1,inner_exact,0
61,8,11,nearest,34
61,9,13,nearest,22
61,10,1,inner_exact,0
61,11,11,nearest,32
61,12,12,nearest,36
61,13,13,nearest,21
61,14,17,nearest,2
61,15,2,nearest,2
61,16,2,nearest,2
61,17,2,nearest,3
61,18,2,nearest,3
61,19,18,nearest,1
61,20,1,inner_exact,0
61,21,30,nearest,62
61,22,31,nearest,14
61,23,31,nearest,14
61,24,31,nearest,11
61,25,31,nearest,12
61,26,31,nearest,9
61,27,31,nearest,12
61,28,31,nearest,9
61,29,31,nearest,14
61,30,31,nearest,16
61,31,31,nearest,14
61,32,32,nearest,70
61,33,1,inner_exact,0
61,34,1,inner_exact,0
61,35,1,inner_exact,0
61,36,19,nearest,40
61,37,3,nearest,24
61,38,3,nearest,24
61,39,3,nearest,24
61,40,3,nearest,24
61,41,3,nearest,24
61,42,3,nearest,21
61,43,3,nearest,24
61,44,3,nearest,24
61,45,3,nearest,24
61,46,3,nearest,24
61,47,3,nearest,21
61,48,3,nearest,24
61,49,3,nearest,24
61,50,3,nearest,24
61,51,3,nearest,27
61,52,20,nearest,42
61,53,1,inner_exact,0
61,54,33,nearest,1
61,55,2,nearest,1
61,56,18,nearest,2
61,57,38,nearest,5
61,58,39,nearest,20
61,59,23,nearest,47
61,60,23,nearest,56
61,61,23,nearest,61
61,62,23,nearest,42
61,63,23,nearest,26
61,64,23,nearest,26
61,65,23,nearest,40
61,66,23,nearest,40
61,67,23,nearest,56
61,68,23,nearest,62
61,69,23,nearest,42
61,70,23,nearest,42
61,71,23,nearest,26
61,72,23,nearest,20
61,73,40,nearest,5
61,74,1,inner_exact,0
61,75,11,nearest,39
61,76,12,nearest,30
61,77,12,nearest,32
61,78,12,nearest,38
61,79,28,nearest,25
61,80,12,nearest,38
61,81,13,nearest,21
61,82,1,inner_exact,0
61,83,22,nearest,31
61,84,23,nearest,61
61,85,8,nearest,23
61,86,1,inner_exact,0
61,87,1,inner_exact,0
61,88,27,nearest,32
61,89,28,nearest,33
61,90,13,nearest,23
61,91,30,nearest,65
61,92,31,nearest,14
61,93,31,nearest,14
61,94,31,nearest,12
61,95,31,nearest,10
61,96,31,nearest,12
61,97,31,nearest,15
61,98,31,nearest,14
61,99,31,nearest,17
61,100,31,nearest,14
61,101,31,nearest,14
61,102,48,nearest,86
61,103,1,inner_exact,0
61,104,1,inner_exact,0
61,105,1,inner_exact,0
61,106,1,inner_exact,0
61,107,1,inner_exact,0
61,108,1,inner_exact,0
61,109,74,nearest,75
61,110,73,nearest,92
61,111,87,nearest,20
61,112,91,inner_exact,0
61,113,91,inner_exact,0
61,114,91,inner_exact,0
61,115,101,nearest,15
62,0,101,nearest,19
62,1,101,nearest,16
62,2,101,nearest,17
62,3,72,nearest,17
62,4,91,inner_exact,0
62,5,108,nearest,34
62,6,1,inner_exact,0
62,7,1,inner_exact,0
62,8,27,nearest,18
62,9,28,nearest,15
62,10,12,nearest,33
62,11,28,nearest,20
62,12,28,nearest,25
62,13,29,nearest,33
62,14,1,inner_exact,0
62,15,33,nearest,2
62,16,2,nearest,2
62,17,2,nearest,1
62,18,2,inner_exact,0
62,19,34,nearest,1
62,20,1,inner_exact,0
62,21,30,nearest,56
62,22,31,nearest,15
62,23,31,nearest,15
62,24,31,nearest,12
62,25,31,nearest,13
62,26,31,nearest,10
62,27,31,nearest,13
62,28,31,nearest,10
62,29,31,nearest,15
62,30,31,nearest,17
62,31,31,nearest,15
62,32,48,nearest,88
62,33,1,inner_exact,0
62,34,19,nearest,31
62,35,3,nearest,18
62,36,3,nearest,18
62,37,3,nearest,21
62,38,3,nearest,27
62,39,3,nearest,27
62,40,3,nearest,24
62,41,3,nearest,24
62,42,3,nearest,18
62,43,3,nearest,18
62,44,3,nearest,21
62,45,3,nearest,21
62,46,3,nearest,27
62,47,3,nearest,24
62,48,3,nearest,24
62,49,3,nearest,21
62,50,3,nearest,18
62,51,3,nearest,21
62,52,3,nearest,21
62,53,1,inner_exact,0
62,54,17,nearest,1
62,55,2,nearest,2
62,56,2,nearest,1
62,57,18,nearest,1
62,58,1,inner_exact,0
62,59,22,nearest,25
62,60,23,nearest,69
62,61,23,nearest,72
62,62,23,nearest,54
62,63,23,nearest,35
62,64,23,nearest,35
62,65,23,nearest,50
62,66,23,nearest,50
62,67,23,nearest,69
62,68,23,nearest,73
62,69,39,nearest,39
62,70,39,nearest,39
62,71,39,nearest,33
62,72,40,nearest,13
62,73,1,inner_exact,0
62,74,1,inner_exact,0
62,75,43,nearest,28
62,76,28,nearest,26
62,77,28,nearest,23
62,78,12,nearest,36
62,79,28,nearest,19
62,80,28,nearest,22
62,81,29,nearest,32
62,82,1,inner_exact,0
62,83,22,nearest,25
62,84,23,nearest,72
62,85,24,nearest,51
62,86,1,inner_exact,0
62,87,11,nearest,19
62,88,28,nearest,25
62,89,28,nearest,25
62,90,29,nearest,37
62,91,30,nearest,59
62,92,31,nearest,15
62,93,31,nearest,15
62,94,31,nearest,13
62,95,31,nearest,11
62,96,31,nearest,13
62,97,31,nearest,16
62,98,31,nearest,15
62,99,31,nearest,18
62,100,31,nearest,15
62,101,32,nearest,75
62,102,1,inner_exact,0
62,103,1,inner_exact,0
62,104,1,inner_exact,0
62,105,1,inner_exact,0
62,106,1,inner_exact,0
62,107,1,inner_exact,0
62,108,74,nearest,55
62,109,73,nearest,105
62,110,73,nearest,83
62,111,91,inner_exact,0
62,112,91,inner_exact,0
62,113,91,inner_exact,0
62,114,91,inner_exact,0
62,115,101,nearest,19
63,0,101,nearest,20
63,1,101,nearest,17
63,2,101,nearest,18
63,3,70,nearest,26
63,4,108,nearest,21
63,5,1,inner_exact,0
63,6,1,inner_exact,0
63,7,11,nearest,43
63,8,28,nearest,34
63,9,28,nearest,31
63,10,28,nearest,35
63,11,28,nearest,38
63,12,28,nearest,43
63,13,28,nearest,41
63,14,13,nearest,28
63,15,1,inner_exact,0
63,16,1,inner_exact,0
63,17,33,nearest,2
63,18,34,nearest,1
63,19,1,inner_exact,0
63,20,1,inner_exact,0
63,21,30,nearest,65
63,22,31,nearest,19
63,23,31,nearest,19
63,24,31,nearest,18
63,25,31,nearest,19
63,26,31,nearest,16
63,27,31,nearest,19
63,28,31,nearest,16
63,29,31,nearest,19
63,30,47,nearest,52
63,31,48,nearest,96
63,32,1,inner_exact,0
63,33,19,nearest,46
63,34,3,nearest,24
63,35,3,nearest,27
63,36,3,nearest,27
63,37,3,nearest,27
63,38,3,nearest,30
63,39,3,nearest,30
63,40,3,nearest,30
63,41,3,nearest,30
63,42,3,nearest,24
63,43,3,nearest,27
63,44,3,nearest,27
63,45,3,nearest,27
63,46,3,nearest,30
63,47,3,nearest,27
63,48,3,nearest,30
63,49,3,nearest,27
63,50,3,nearest,27
63,51,3,nearest,30
63,52,3,nearest,27
63,53,20,nearest,50
63,54,33,nearest,1
63,55,2,nearest,2
63,56,2,nearest,3
63,57,34,nearest,1
63,58,1,inner_exact,0
63,59,38,nearest,9
63,60,39,nearest,51
63,61,39,nearest,54
63,62,39,nearest,42
63,63,39,nearest,35
63,64,23,nearest,48
63,65,23,nearest,60
63,66,23,nearest,60
63,67,23,nearest,76
63,68,40,nearest,13
63,69,11,nearest,43
63,70,12,nearest,43
63,71,13,nearest,28
63,72,1,inner_exact,0
63,73,1,inner_exact,0
63,74,1,inner_exact,0
63,75,11,nearest,48
63,76,28,nearest,38
63,77,28,nearest,34
63,78,28,nearest,36
63,79,28,nearest,35
63,80,28,nearest,39
63,81,45,nearest,18
63,82,6,nearest,26
63,83,23,nearest,76
63,84,23,nearest,79
63,85,24,nearest,46
63,86,11,nearest,37
63,87,28,nearest,35
63,88,28,nearest,43
63,89,29,nearest,41
63,90,29,nearest,41
63,91,46,nearest,64
63,92,47,nearest,49
63,93,31,nearest,19
63,94,31,nearest,19
63,95,31,nearest,17
63,96,31,nearest,19
63,97,31,nearest,20
63,98,31,nearest,19
63,99,31,nearest,22
63,100,31,nearest,19
63,101,32,nearest,79
63,102,1,inner_exact,0
63,103,1,inner_exact,0
63,104,1,inner_exact,0
63,105,1,inner_exact,0
63,106,1,inner_exact,0
63,107,74,nearest,91
63,108,73,nearest,125
63,109,73,nearest,133
63,110,87,nearest,41
63,111,91,inner_exact,0
63,112,91,inner_exact,0
63,113,91,inner_exact,0
63,114,69,nearest,24
63,115,101,nearest,20
64,0,101,nearest,10
64,1,101,nearest,7
64,2,101,nearest,10
64,3,102,nearest,8
64,4,92,nearest,4
64,5,1,inner_exact,0
64,6,11,nearest,24
64,7,28,nearest,17
64,8,28,nearest,14
64,9,28,nearest,6
64,10,28,nearest,9
64,11,28,nearest,11
64,12,28,nearest,16
64,13,28,nearest,17
64,14,28,nearest,21
64,15,13,nearest,16
64,16,1,inner_exact,0
64,17,1,inner_exact,0
64,18,1,inner_exact,0
64,19,1,inner_exact,0
64,20,14,nearest,48
64,21,31,nearest,9
64,22,31,nearest,9
64,23,31,nearest,9
64,24,31,nearest,6
64,25,31,nearest,7
64,26,31,nearest,4
64,27,31,nearest,7
64,28,31,nearest,4
64,29,48,nearest,89
64,30,1,inner_exact,0
64,31,1,inner_exact,0
64,32,1,inner_exact,0
64,33,3,nearest,12
64,34,3,nearest,9
64,35,3,nearest,9
64,36,3,nearest,9
64,37,3,nearest,12
64,38,3,nearest,15
64,39,3,nearest,15
64,40,3,nearest,12
64,41,3,nearest,12
64,42,3,nearest,9
64,43,3,nearest,9
64,44,3,nearest,12
64,45,3,nearest,12
64,46,3,nearest,15
64,47,3,nearest,12
64,48,3,nearest,12
64,49,3,nearest,12
64,50,3,nearest,9
64,51,3,nearest,12
64,52,3,nearest,12
64,53,3,nearest,9
64,54,1,inner_exact,0
64,55,33,inner_exact,0
64,56,34,inner_exact,0
64,57,1,inner_exact,0
64,58,84,inner_exact,0
64,59,14,nearest,43
64,60,15,nearest,36
64,61,15,nearest,34
64,62,15,nearest,29
64,63,16,nearest,84
64,64,38,nearest,15
64,65,39,nearest,24
64,66,39,nearest,24
64,67,40,nearest,4
64,68,11,nearest,31
64,69,28,nearest,14
64,70,28,nearest,14
64,71,29,nearest,15
64,72,1,inner_exact,0
64,73,1,inner_exact,0
64,74,1,inner_exact,0
64,75,27,nearest,18
64,76,28,nearest,17
64,77,28,nearest,14
64,78,28,nearest,13
64,79,28,nearest,9
64,80,29,nearest,14
64,81,6,nearest,2
64,82,23,nearest,50
64,83,23,nearest,50
64,84,23,nearest,56
64,85,24,nearest,29
64,86,27,nearest,13
64,87,28,nearest,9
64,88,28,nearest,16
64,89,28,nearest,16
64,90,28,nearest,21
64,91,13,nearest,16
64,92,1,inner_exact,0
64,93,46,nearest,51
64,94,31,nearest,7
64,95,31,nearest,5
64,96,31,nearest,7
64,97,31,nearest,10
64,98,31,nearest,9
64,99,31,nearest,12
64,100,31,nearest,9
64,101,48,nearest,82
64,102,1,inner_exact,0
64,103,1,inner_exact,0
64,104,1,inner_exact,0
64,105,1,inner_exact,0
64,106,90,inner_exact,0
64,107,73,nearest,88
64,108,73,nearest,86
64,109,87,nearest,58
64,110,91,inner_exact,0
64,111,91,inner_exact,0
64,112,91,inner_exact,0
64,113,69,nearest,10
64,114,101,nearest,19
64,115,101,nearest,10
65,0,101,nearest,27
65,1,101,nearest,24
65,2,101,nearest,25
65,3,72,nearest,23
65,4,92,nearest,6
65,5,11,nearest,53
65,6,28,nearest,45
65,7,28,nearest,40
65,8,28,nearest,35
65,9,28,nearest,32
65,10,28,nearest,37
65,11,28,nearest,42
65,12,28,nearest,47
65,13,28,nearest,44
65,14,28,nearest,45
65,15,29,nearest,49
65,16,1,inner_exact,0
65,17,1,inner_exact,0
65,18,1,inner_exact,0
65,19,14,nearest,64
65,20,31,nearest,20
65,21,31,nearest,20
65,22,31,nearest,20
65,23,31,nearest,20
65,24,31,nearest,19
65,25,31,nearest,20
65,26,31,nearest,17
65,27,31,nearest,20
65,28,31,nearest,17
65,29,16,nearest,110
65,30,1,inner_exact,0
65,31,1,inner_exact,0
65,32,1,inner_exact,0
65,33,35,nearest,45
65,34,3,nearest,30
65,35,3,nearest,33
65,36,3,nearest,33
65,37,3,nearest,36
65,38,3,nearest,39
65,39,3,nearest,39
65,40,3,nearest,36
65,41,3,nearest,36
65,42,3,nearest,30
65,43,3,nearest,33
65,44,3,nearest,36
65,45,3,nearest,36
65,46,3,nearest,39
65,47,3,nearest,36
65,48,3,nearest,36
65,49,3,nearest,33
65,50,3,nearest,33
65,51,3,nearest,36
65,52,3,nearest,36
65,53,36,nearest,55
65,54,1,inner_exact,0
65,55,1,inner_exact,0
65,56,14,nearest,66
65,57,15,nearest,45
65,58,31,nearest,20
65,59,31,nearest,18
65,60,31,nearest,20
65,61,31,nearest,22
65,62,31,nearest,20
65,63,31,nearest,20
65,64,15,nearest,43
65,65,16,nearest,110
65,66,1,inner_exact,0
65,67,11,nearest,53
65,68,28,nearest,47
65,69,28,nearest,35
65,70,28,nearest,35
65,71,45,nearest,20
65,72,1,inner_exact,0
65,73,1,inner_exact,0
65,74,1,inner_exact,0
65,75,43,nearest,39
65,76,28,nearest,40
65,77,28,nearest,35
65,78,28,nearest,38
65,79,28,nearest,37
65,80,45,nearest,20
65,81,22,nearest,38
65,82,23,nearest,86
65,83,23,nearest,86
65,84,23,nearest,87
65,85,24,nearest,64
65,86,43,nearest,37
65,87,28,nearest,37
65,88,28,nearest,47
65,89,28,nearest,47
65,90,28,nearest,45
65,91,28,nearest,47
65,92,12,nearest,54
65,93,13,nearest,26
65,94,30,nearest,58
65,95,31,nearest,18
65,96,31,nearest,20
65,97,31,nearest,21
65,98,31,nearest,20
65,99,31,nearest,23
65,100,31,nearest,20
65,101,16,nearest,102
65,102,1,inner_exact,0
65,103,1,inner_exact,0
65,104,1,inner_exact,0
65,105,1,inner_exact,0
65,106,90,nearest,5
65,107,73,nearest,129
65,108,87,nearest,92
65,109,91,inner_exact,0
65,110,91,inner_exact,0
65,111,91,inner_exact,0
65,112,91,inner_exact,0
65,113,101,nearest,36
65,114,101,nearest,38
65,115,101,nearest,27
66,0,101,nearest,15
66,1,101,nearest,12
66,2,72,nearest,18
66,3,91,inner_exact,0
66,4,92,nearest,4
66,5,27,nearest,30
66,6,28,nearest,35
66,7,28,nearest,31
66,8,28,nearest,27
66,9,28,nearest,22
66,10,28,nearest,25
66,11,28,nearest,28
66,12,45,nearest,10
66,13,43,nearest,17
66,14,28,nearest,35
66,15,29,nearest,33
66,16,13,nearest,26
66,17,1,inner_exact,0
66,18,1,inner_exact,0
66,19,30,nearest,49
66,20,31,nearest,12
66,21,31,nearest,14
66,22,31,nearest,14
66,23,31,nearest,14
66,24,31,nearest,11
66,25,31,nearest,12
66,26,31,nearest,9
66,27,31,nearest,12
66,28,31,nearest,9
66,29,31,nearest,14
66,30,15,nearest,24
66,31,16,nearest,90
66,32,1,inner_exact,0
66,33,1,inner_exact,0
66,34,3,nearest,21
66,35,3,nearest,24
66,36,3,nearest,24
66,37,3,nearest,24
66,38,3,nearest,24
66,39,3,nearest,24
66,40,3,nearest,24
66,41,3,nearest,24
66,42,3,nearest,21
66,43,3,nearest,24
66,44,3,nearest,24
66,45,3,nearest,24
66,46,3,nearest,24
66,47,3,nearest,21
66,48,3,nearest,24
66,49,3,nearest,24
66,50,3,nearest,24
66,51,3,nearest,27
66,52,36,nearest,38
66,53,1,inner_exact,0
66,54,1,inner_exact,0
66,55,1,inner_exact,0
66,56,30,nearest,51
66,57,31,nearest,10
66,58,31,nearest,12
66,59,31,nearest,12
66,60,31,nearest,14
66,61,31,nearest,16
66,62,31,nearest,14
66,63,31,nearest,12
66,64,31,nearest,12
66,65,31,nearest,12
66,66,16,nearest,99
66,67,43,nearest,19
66,68,44,nearest,26
66,69,44,nearest,22
66,70,45,nearest,14
66,71,14,nearest,56
66,72,15,nearest,16
66,73,16,nearest,99
66,74,1,inner_exact,0
66,75,1,inner_exact,0
66,76,43,nearest,16
66,77,28,nearest,27
66,78,28,nearest,28
66,79,29,nearest,29
66,80,1,inner_exact,0
66,81,22,nearest,25
66,82,23,nearest,56
66,83,23,nearest,56
66,84,23,nearest,61
66,85,40,nearest,10
66,86,1,inner_exact,0
66,87,43,nearest,17
66,88,44,nearest,25
66,89,28,nearest,33
66,90,28,nearest,35
66,91,28,nearest,36
66,92,28,nearest,27
66,93,45,nearest,14
66,94,30,nearest,51
66,95,31,nearest,10
66,96,31,nearest,12
66,97,31,nearest,15
66,98,31,nearest,14
66,99,31,nearest,17
66,100,31,nearest,14
66,101,32,nearest,73
66,102,1,inner_exact,0
66,103,1,inner_exact,0
66,104,1,inner_exact,0
66,105,1,inner_exact,0
66,106,90,inner_exact,0
66,107,87,nearest,35
66,108,91,inner_exact,0
66,109,91,inner_exact,0
66,110,91,inner_exact,0
66,111,91,inner_exact,0
66,112,69,nearest,13
66,113,101,nearest,22
66,114,101,nearest,24
66,115,101,nearest,15
67,0,101,nearest,20
67,1,101,nearest,17
67,2,91,inner_exact,0
67,3,91,inner_exact,0
67,4,76,nearest,61
67,5,43,nearest,35
67,6,44,nearest,26
67,7,44,nearest,28
67,8,28,nearest,25
67,9,28,nearest,19
67,10,28,nearest,23
67,11,29,nearest,34
67,12,1,inner_exact,0
67,13,1,inner_exact,0
67,14,43,nearest,37
67,15,44,nearest,23
67,16,28,nearest,25
67,17,13,nearest,18
67,18,1,inner_exact,0
67,19,46,nearest,53
67,20,31,nearest,18
67,21,31,nearest,18
67,22,31,nearest,18
67,23,31,nearest,18
67,24,31,nearest,17
67,25,31,nearest,18
67,26,31,nearest,15
67,27,31,nearest,18
67,28,31,nearest,15
67,29,31,nearest,18
67,30,31,nearest,20
67,31,31,nearest,18
67,32,16,nearest,91
67,33,1,inner_exact,0
67,34,3,nearest,18
67,35,3,nearest,18
67,36,3,nearest,18
67,37,3,nearest,21
67,38,3,nearest,27
67,39,3,nearest,27
67,40,3,nearest,24
67,41,3,nearest,24
67,42,3,nearest,18
67,43,3,nearest,18
67,44,3,nearest,21
67,45,3,nearest,21
67,46,3,nearest,27
67,47,3,nearest,24
67,48,3,nearest,24
67,49,3,nearest,21
67,50,36,nearest,43
67,51,83,inner_exact,0
67,52,1,inner_exact,0
67,53,1,inner_exact,0
67,54,1,inner_exact,0
67,55,14,nearest,52
67,56,31,nearest,18
67,57,31,nearest,16
67,58,31,nearest,18
67,59,31,nearest,16
67,60,31,nearest,18
67,61,31,nearest,20
67,62,31,nearest,18
67,63,31,nearest,18
67,64,31,nearest,18
67,65,31,nearest,18
67,66,31,nearest,18
67,67,15,nearest,44
67,68,15,nearest,47
67,69,15,nearest,39
67,70,15,nearest,39
67,71,31,nearest,18
67,72,31,nearest,15
67,73,31,nearest,18
67,74,15,nearest,46
67,75,16,nearest,101
67,76,1,inner_exact,0
67,77,27,nearest,18
67,78,79,nearest,36
67,79,29,nearest,38
67,80,6,nearest,5
67,81,23,nearest,56
67,82,23,nearest,75
67,83,23,nearest,75
67,84,24,nearest,74
67,85,1,inner_exact,0
67,86,1,inner_exact,0
67,87,1,inner_exact,0
67,88,1,inner_exact,0
67,89,43,nearest,41
67,90,28,nearest,31
67,91,28,nearest,35
67,92,29,nearest,40
67,93,14,nearest,52
67,94,31,nearest,18
67,95,31,nearest,16
67,96,31,nearest,18
67,97,31,nearest,19
67,98,31,nearest,18
67,99,31,nearest,21
67,100,31,nearest,18
67,101,31,nearest,20
67,102,16,nearest,92
67,103,1,inner_exact,0
67,104,1,inner_exact,0
67,105,1,inner_exact,0
67,106,1,inner_exact,0
67,107,106,nearest,42
67,108,91,inner_exact,0
67,109,91,inner_exact,0
67,110,91,inner_exact,0
67,111,69,nearest,13
67,112,101,nearest,30
67,113,101,nearest,29
67,114,101,nearest,31
67,115,101,nearest,20
68,0,101,nearest,20
68,1,72,nearest,23
68,2,91,inner_exact,0
68,3,91,inner_exact,0
68,4,73,nearest,81
68,5,92,nearest,6
68,6,1,inner_exact,0
68,7,1,inner_exact,0
68,8,43,nearest,31
68,9,28,nearest,31
68,10,28,nearest,35
68,11,45,nearest,13
68,12,11,nearest,42
68,13,12,nearest,42
68,14,13,nearest,28
68,15,1,inner_exact,0
68,16,43,nearest,31
68,17,29,nearest,42
68,18,1,inner_exact,0
68,19,1,inner_exact,0
68,20,30,nearest,64
68,21,31,nearest,19
68,22,31,nearest,19
68,23,31,nearest,19
68,24,31,nearest,18
68,25,31,nearest,19
68,26,31,nearest,16
68,27,31,nearest,19
68,28,31,nearest,16
68,29,31,nearest,19
68,30,47,nearest,52
68,31,47,nearest,49
68,32,48,nearest,93
68,33,1,inner_exact,0
68,34,3,nearest,24
68,35,3,nearest,27
68,36,3,nearest,27
68,37,3,nearest,27
68,38,3,nearest,30
68,39,3,nearest,30
68,40,3,nearest,30
68,41,3,nearest,30
68,42,3,nearest,24
68,43,3,nearest,27
68,44,3,nearest,27
68,45,3,nearest,27
68,46,3,nearest,30
68,47,3,nearest,27
68,48,3,nearest,30
68,49,3,nearest,27
68,50,1,inner_exact,0
68,51,14,nearest,61
68,52,15,nearest,30
68,53,15,nearest,28
68,54,15,nearest,25
68,55,31,nearest,18
68,56,31,nearest,19
68,57,31,nearest,17
68,58,31,nearest,19
68,59,31,nearest,17
68,60,31,nearest,19
68,61,31,nearest,21
68,62,31,nearest,19
68,63,31,nearest,19
68,64,31,nearest,19
68,65,31,nearest,19
68,66,31,nearest,19
68,67,31,nearest,19
68,68,31,nearest,22
68,69,31,nearest,19
68,70,31,nearest,19
68,71,31,nearest,19
68,72,31,nearest,16
68,73,31,nearest,19
68,74,31,nearest,20
68,75,31,nearest,19
68,76,16,nearest,95
68,77,43,nearest,31
68,78,44,nearest,40
68,79,45,nearest,17
68,80,22,nearest,31
68,81,23,nearest,60
68,82,23,nearest,76
68,83,39,nearest,51
68,84,23,nearest,79
68,85,8,nearest,31
68,86,1,inner_exact,0
68,87,1,inner_exact,0
68,88,1,inner_exact,0
68,89,1,inner_exact,0
68,90,27,nearest,33
68,91,28,nearest,43
68,92,29,nearest,42
68,93,30,nearest,57
68,94,31,nearest,19
68,95,31,nearest,17
68,96,31,nearest,19
68,97,31,nearest,20
68,98,31,nearest,19
68,99,31,nearest,22
68,100,31,nearest,19
68,101,31,nearest,21
68,102,32,nearest,77
68,103,1,inner_exact,0
68,104,1,inner_exact,0
68,105,1,inner_exact,0
68,106,1,inner_exact,0
68,107,1,inner_exact,0
68,108,106,nearest,24
68,109,91,inner_exact,0
68,110,91,inner_exact,0
68,111,101,nearest,27
68,112,101,nearest,30
68,113,101,nearest,29
68,114,101,nearest,31
68,115,101,nearest,20
69,0,72,nearest,18
69,1,91,inner_exact,0
69,2,91,inner_exact,0
69,3,91,inner_exact,0
69,4,73,nearest,47
69,5,92,nearest,4
69,6,1,inner_exact,0
69,7,124,nearest,31
69,8,1,inner_exact,0
69,9,27,nearest,10
69,10,29,nearest,15
69,11,1,inner_exact,0
69,12,27,nearest,17
69,13,79,nearest,12
69,14,29,nearest,24
69,15,1,inner_exact,0
69,16,11,nearest,19
69,17,29,nearest,15
69,18,1,inner_exact,0
69,19,1,inner_exact,0
69,20,46,nearest,42
69,21,31,nearest,9
69,22,31,nearest,9
69,23,47,nearest,24
69,24,47,nearest,19
69,25,31,nearest,7
69,26,31,nearest,4
69,27,47,nearest,15
69,28,47,nearest,13
69,29,48,nearest,89
69,30,1,inner_exact,0
69,31,1,inner_exact,0
69,32,1,inner_exact,0
69,33,19,nearest,23
69,34,3,nearest,9
69,35,3,nearest,9
69,36,3,nearest,9
69,37,3,nearest,12
69,38,3,nearest,15
69,39,3,nearest,15
69,40,3,nearest,12
69,41,3,nearest,12
69,42,3,nearest,9
69,43,3,nearest,9
69,44,3,nearest,12
69,45,3,nearest,12
69,46,3,nearest,15
69,47,3,nearest,12
69,48,3,nearest,12
69,49,3,nearest,12
69,50,1,inner_exact,0
69,51,46,nearest,48
69,52,31,nearest,9
69,53,31,nearest,11
69,54,31,nearest,9
69,55,31,nearest,6
69,56,31,nearest,7
69,57,31,nearest,5
69,58,31,nearest,7
69,59,31,nearest,7
69,60,31,nearest,9
69,61,31,nearest,11
69,62,31,nearest,9
69,63,31,nearest,7
69,64,31,nearest,7
69,65,31,nearest,7
69,66,31,nearest,7
69,67,31,nearest,9
69,68,31,nearest,12
69,69,31,nearest,9
69,70,31,nearest,9
69,71,31,nearest,7
69,72,31,nearest,4
69,73,31,nearest,7
69,74,31,nearest,10
69,75,31,nearest,9
69,76,31,nearest,11
69,77,16,nearest,84
69,78,1,inner_exact,0
69,79,6,nearest,6
69,80,23,nearest,15
69,81,23,nearest,31
69,82,24,nearest,55
69,83,1,inner_exact,0
69,84,22,nearest,24
69,85,24,nearest,29
69,86,1,inner_exact,0
69,87,1,inner_exact,0
69,88,1,inner_exact,0
69,89,11,nearest,18
69,90,28,nearest,21
69,91,28,nearest,24
69,92,29,nearest,22
69,93,30,nearest,43
69,94,31,nearest,7
69,95,31,nearest,5
69,96,31,nearest,7
69,97,31,nearest,10
69,98,31,nearest,9
69,99,31,nearest,12
69,100,31,nearest,9
69,101,31,nearest,9
69,102,32,nearest,65
69,103,1,inner_exact,0
69,104,1,inner_exact,0
69,105,1,inner_exact,0
69,106,1,inner_exact,0
69,107,1,inner_exact,0
69,108,90,nearest,7
69,109,91,inner_exact,0
69,110,91,inner_exact,0
69,111,101,nearest,17
69,112,101,nearest,20
69,113,101,nearest,17
69,114,101,nearest,19
69,115,101,nearest,10
70,0,91,inner_exact,0
70,1,91,inner_exact,0
70,2,91,inner_exact,0
70,3,91,inner_exact,0
70,4,85,nearest,82
70,5,92,nearest,6
70,6,124,nearest,75
70,7,124,nearest,78
70,8,1,inner_exact,0
70,9,27,nearest,24
70,10,28,nearest,37
70,11,13,nearest,16
70,12,43,nearest,43
70,13,44,nearest,29
70,14,45,nearest,24
70,15,1,inner_exact,0
70,16,27,nearest,26
70,17,29,nearest,49
70,18,1,inner_exact,0
70,19,1,inner_exact,0
70,20,1,inner_exact,0
70,21,46,nearest,64
70,22,48,nearest,102
70,23,1,inner_exact,0
70,24,1,inner_exact,0
70,25,46,nearest,63
70,26,48,nearest,89
70,27,1,inner_exact,0
70,28,1,inner_exact,0
70,29,1,inner_exact,0
70,30,1,inner_exact,0
70,31,19,nearest,57
70,32,3,nearest,36
70,33,3,nearest,36
70,34,3,nearest,30
70,35,3,nearest,33
70,36,3,nearest,33
70,37,3,nearest,36
70,38,3,nearest,39
70,39,3,nearest,39
70,40,3,nearest,36
70,41,3,nearest,36
70,42,3,nearest,30
70,43,3,nearest,33
70,44,3,nearest,36
70,45,3,nearest,36
70,46,3,nearest,39
70,47,3,nearest,36
70,48,3,nearest,36
70,49,3,nearest,33
70,50,1,inner_exact,0
70,51,1,inner_exact,0
70,52,30,nearest,67
70,53,31,nearest,22
70,54,31,nearest,20
70,55,31,nearest,19
70,56,31,nearest,20
70,57,31,nearest,18
70,58,31,nearest,20
70,59,31,nearest,18
70,60,31,nearest,20
70,61,31,nearest,22
70,62,31,nearest,20
70,63,31,nearest,20
70,64,31,nearest,20
70,65,31,nearest,20
70,66,31,nearest,20
70,67,31,nearest,20
70,68,31,nearest,23
70,69,31,nearest,20
70,70,31,nearest,20
70,71,31,nearest,20
70,72,31,nearest,17
70,73,31,nearest,20
70,74,31,nearest,21
70,75,31,nearest,20
70,76,31,nearest,22
70,77,32,nearest,80
70,78,6,nearest,18
70,79,23,nearest,59
70,80,23,nearest,60
70,81,23,nearest,73
70,82,24,nearest,86
70,83,1,inner_exact,0
70,84,22,nearest,41
70,85,24,nearest,64
70,86,11,nearest,38
70,87,12,nearest,54
70,88,12,nearest,63
70,89,28,nearest,47
70,90,28,nearest,45
70,91,28,nearest,47
70,92,29,nearest,49
70,93,30,nearest,59
70,94,31,nearest,20
70,95,31,nearest,18
70,96,31,nearest,20
70,97,31,nearest,21
70,98,31,nearest,20
70,99,31,nearest,23
70,100,31,nearest,20
70,101,31,nearest,22
70,102,32,nearest,79
70,103,1,inner_exact,0
70,104,1,inner_exact,0
70,105,1,inner_exact,0
70,106,1,inner_exact,0
70,107,1,inner_exact,0
70,108,90,nearest,12
70,109,91,inner_exact,0
70,110,91,inner_exact,0
70,111,71,nearest,32
70,112,101,nearest,37
70,113,101,nearest,36
70,114,101,nearest,38
70,115,101,nearest,27
71,0,91,inner_exact,0
71,1,91,inner_exact,0
71,2,91,inner_exact,0
71,3,91,inner_exact,0
71,4,108,nearest,18
71,5,1,inner_exact,0
71,6,1,inner_exact,0
71,7,1,inner_exact,0
71,8,1,inner_exact,0
71,9,27,nearest,24
71,10,28,nearest,25
71,11,28,nearest,23
71,12,13,nearest,21
71,13,1,inner_exact,0
71,14,1,inner_exact,0
71,15,11,nearest,32
71,16,28,nearest,27
71,17,45,nearest,9
71,18,1,inner_exact,0
71,19,1,inner_exact,0
71,20,1,inner_exact,0
71,21,1,inner_exact,0
71,22,1,inner_exact,0
71,23,1,inner_exact,0
71,24,1,inner_exact,0
71,25,1,inner_exact,0
71,26,1,inner_exact,0
71,27,1,inner_exact,0
71,28,1,inner_exact,0
71,29,1,inner_exact,0
71,30,1,inner_exact,0
71,31,3,nearest,24
71,32,3,nearest,21
71,33,3,nearest,24
71,34,3,nearest,21
71,35,3,nearest,24
71,36,3,nearest,24
71,37,3,nearest,24
71,38,3,nearest,24
71,39,3,nearest,24
71,40,3,nearest,24
71,41,3,nearest,24
71,42,3,nearest,21
71,43,3,nearest,24
71,44,3,nearest,24
71,45,3,nearest,24
71,46,3,nearest,24
71,47,3,nearest,21
71,48,3,nearest,24
71,49,36,nearest,28
71,50,1,inner_exact,0
71,51,1,inner_exact,0
71,52,46,nearest,57
71,53,31,nearest,16
71,54,31,nearest,14
71,55,31,nearest,11
71,56,31,nearest,12
71,57,31,nearest,10
71,58,31,nearest,12
71,59,31,nearest,12
71,60,31,nearest,14
71,61,31,nearest,16
71,62,31,nearest,14
71,63,31,nearest,12
71,64,31,nearest,12
71,65,31,nearest,12
71,66,31,nearest,12
71,67,31,nearest,14
71,68,31,nearest,17
71,69,31,nearest,14
71,70,31,nearest,14
71,71,31,nearest,12
71,72,31,nearest,9
71,73,31,nearest,12
71,74,31,nearest,15
71,75,31,nearest,14
71,76,31,nearest,16
71,77,32,nearest,72
71,78,22,nearest,26
71,79,23,nearest,26
71,80,23,nearest,24
71,81,118,nearest,28
71,82,40,nearest,6
71,83,1,inner_exact,0
71,84,22,nearest,36
71,85,24,nearest,25
71,86,27,nearest,28
71,87,79,nearest,19
71,88,28,nearest,33
71,89,28,nearest,33
71,90,28,nearest,35
71,91,28,nearest,36
71,92,29,nearest,34
71,93,30,nearest,54
71,94,31,nearest,12
71,95,31,nearest,10
71,96,31,nearest,12
71,97,31,nearest,15
71,98,31,nearest,14
71,99,31,nearest,17
71,100,31,nearest,14
71,101,31,nearest,14
71,102,32,nearest,71
71,103,1,inner_exact,0
71,104,1,inner_exact,0
71,105,11,nearest,39
71,106,12,nearest,35
71,107,13,nearest,29
71,108,1,inner_exact,0
71,109,106,nearest,15
71,110,91,inner_exact,0
71,111,91,inner_exact,0
71,112,71,nearest,23
71,113,101,nearest,22
71,114,101,nearest,24
71,115,101,nearest,15
72,0,91,inner_exact,0
72,1,91,inner_exact,0
72,2,91,inner_exact,0
72,3,91,inner_exact,0
72,4,92,nearest,6
72,5,1,inner_exact,0
72,6,1,inner_exact,0
72,7,1,inner_exact,0
72,8,11,nearest,31
72,9,28,nearest,19
72,10,28,nearest,23
72,11,28,nearest,17
72,12,28,nearest,29
72,13,12,nearest,46
72,14,12,nearest,49
72,15,28,nearest,23
72,16,29,nearest,40
72,17,1,inner_exact,0
72,18,1,inner_exact,0
72,19,1,inner_exact,0
72,20,1,inner_exact,0
72,21,1,inner_exact,0
72,22,1,inner_exact,0
72,23,1,inner_exact,0
72,24,1,inner_exact,0
72,25,1,inner_exact,0
72,26,1,inner_exact,0
72,27,1,inner_exact,0
72,28,1,inner_exact,0
72,29,1,inner_exact,0
72,30,19,nearest,39
72,31,3,nearest,27
72,32,3,nearest,24
72,33,3,nearest,24
72,34,3,nearest,18
72,35,3,nearest,18
72,36,3,nearest,18
72,37,3,nearest,21
72,38,3,nearest,27
72,39,3,nearest,27
72,40,3,nearest,24
72,41,3,nearest,24
72,42,3,nearest,18
72,43,3,nearest,18
72,44,3,nearest,21
72,45,3,nearest,21
72,46,3,nearest,27
72,47,36,nearest,42
72,48,83,inner_exact,0
72,49,1,inner_exact,0
72,50,1,inner_exact,0
72,51,1,inner_exact,0
72,52,14,nearest,54
72,53,31,nearest,20
72,54,31,nearest,18
72,55,31,nearest,17
72,56,31,nearest,18
72,57,31,nearest,16
72,58,31,nearest,18
72,59,31,nearest,16
72,60,31,nearest,18
72,61,31,nearest,20
72,62,31,nearest,18
72,63,31,nearest,18
72,64,31,nearest,18
72,65,31,nearest,18
72,66,31,nearest,18
72,67,31,nearest,18
72,68,31,nearest,21
72,69,31,nearest,18
72,70,31,nearest,18
72,71,31,nearest,18
72,72,31,nearest,15
72,73,31,nearest,18
72,74,31,nearest,19
72,75,31,nearest,18
72,76,31,nearest,20
72,77,32,nearest,75
72,78,22,nearest,22
72,79,23,nearest,43
72,80,24,nearest,56
72,81,1,inner_exact,0
72,82,1,inner_exact,0
72,83,6,nearest,15
72,84,23,nearest,77
72,85,24,nearest,59
72,86,27,nearest,16
72,87,28,nearest,23
72,88,28,nearest,29
72,89,28,nearest,29
72,90,28,nearest,31
72,91,28,nearest,35
72,92,45,nearest,21
72,93,30,nearest,50
72,94,31,nearest,18
72,95,31,nearest,16
72,96,31,nearest,18
72,97,31,nearest,19
72,98,31,nearest,18
72,99,31,nearest,21
72,100,31,nearest,18
72,101,31,nearest,20
72,102,32,nearest,74
72,103,1,inner_exact,0
72,104,11,nearest,31
72,105,28,nearest,31
72,106,28,nearest,31
72,107,28,nearest,30
72,108,13,nearest,22
72,109,1,inner_exact,0
72,110,106,nearest,31
72,111,91,inner_exact,0
72,112,91,inner_exact,0
72,113,71,nearest,33
72,114,101,nearest,31
72,115,101,nearest,20
73,0,70,nearest,32
73,1,91,inner_exact,0
73,2,91,inner_exact,0
73,3,91,inner_exact,0
73,4,92,nearest,6
73,5,1,inner_exact,0
73,6,1,inner_exact,0
73,7,1,inner_exact,0
73,8,27,nearest,29
73,9,28,nearest,31
73,10,28,nearest,35
73,11,28,nearest,33
73,12,28,nearest,43
73,13,28,nearest,41
73,14,29,nearest,41
73,15,28,nearest,33
73,16,29,nearest,42
73,17,1,inner_exact,0
73,18,1,inner_exact,0
73,19,1,inner_exact,0
73,20,1,inner_exact,0
73,21,1,inner_exact,0
73,22,1,inner_exact,0
73,23,1,inner_exact,0
73,24,1,inner_exact,0
73,25,1,inner_exact,0
73,26,1,inner_exact,0
73,27,1,inner_exact,0
73,28,1,inner_exact,0
73,29,1,inner_exact,0
73,30,35,nearest,45
73,31,3,nearest,30
73,32,3,nearest,27
73,33,3,nearest,30
73,34,3,nearest,24
73,35,3,nearest,27
73,36,3,nearest,27
73,37,3,nearest,27
73,38,3,nearest,30
73,39,3,nearest,30
73,40,36,nearest,48
73,41,35,nearest,43
73,42,3,nearest,24
73,43,3,nearest,27
73,44,3,nearest,27
73,45,3,nearest,27
73,46,36,nearest,51
73,47,1,inner_exact,0
73,48,1,inner_exact,0
73,49,1,inner_exact,0
73,50,1,inner_exact,0
73,51,14,nearest,61
73,52,31,nearest,19
73,53,31,nearest,21
73,54,31,nearest,19
73,55,31,nearest,18
73,56,31,nearest,19
73,57,31,nearest,17
73,58,31,nearest,19
73,59,31,nearest,17
73,60,31,nearest,19
73,61,31,nearest,21
73,62,31,nearest,19
73,63,31,nearest,19
73,64,31,nearest,19
73,65,31,nearest,19
73,66,31,nearest,19
73,67,31,nearest,19
73,68,31,nearest,22
73,69,31,nearest,19
73,70,31,nearest,19
73,71,31,nearest,19
73,72,31,nearest,16
73,73,31,nearest,19
73,74,31,nearest,20
73,75,31,nearest,19
73,76,47,nearest,52
73,77,48,nearest,96
73,78,22,nearest,32
73,79,23,nearest,48
73,80,23,nearest,47
73,81,7,nearest,40
73,82,7,nearest,53
73,83,23,nearest,76
73,84,23,nearest,79
73,85,24,nearest,46
73,86,43,nearest,33
73,87,28,nearest,35
73,88,28,nearest,43
73,89,28,nearest,43
73,90,28,nearest,42
73,91,45,nearest,24
73,92,14,nearest,56
73,93,31,nearest,19
73,94,31,nearest,19
73,95,31,nearest,17
73,96,31,nearest,19
73,97,31,nearest,20
73,98,31,nearest,19
73,99,31,nearest,22
73,100,31,nearest,19
73,101,31,nearest,21
73,102,32,nearest,77
73,103,1,inner_exact,0
73,104,27,nearest,34
73,105,28,nearest,42
73,106,28,nearest,42
73,107,28,nearest,39
73,108,28,nearest,34
73,109,13,nearest,31
73,110,1,inner_exact,0
73,111,106,nearest,18
73,112,91,inner_exact,0
73,113,91,inner_exact,0
73,114,71,nearest,29
73,115,101,nearest,20
74,0,101,nearest,10
74,1,70,nearest,11
74,2,91,inner_exact,0
74,3,91,inner_exact,0
74,4,76,nearest,42
74,5,1,inner_exact,0
74,6,1,inner_exact,0
74,7,1,inner_exact,0
74,8,27,nearest,14
74,9,28,nearest,6
74,10,28,nearest,9
74,11,28,nearest,4
74,12,28,nearest,16
74,13,28,nearest,17
74,14,28,nearest,21
74,15,28,nearest,12
74,16,45,nearest,13
74,17,17,inner_exact,0
74,18,18,inner_exact,0
74,19,1,inner_exact,0
74,20,1,inner_exact,0
74,21,1,inner_exact,0
74,22,14,nearest,47
74,23,15,nearest,29
74,24,15,nearest,27
74,25,15,nearest,29
74,26,15,nearest,26
74,27,16,nearest,93
74,28,1,inner_exact,0
74,29,1,inner_exact,0
74,30,1,inner_exact,0
74,31,35,nearest,22
74,32,3,nearest,12
74,33,3,nearest,12
74,34,3,nearest,9
74,35,36,nearest,22
74,36,83,inner_exact,0
74,37,83,inner_exact,0
74,38,83,inner_exact,0
74,39,83,inner_exact,0
74,40,1,inner_exact,0
74,41,1,inner_exact,0
74,42,35,nearest,17
74,43,3,nearest,9
74,44,3,nearest,12
74,45,36,nearest,27
74,46,1,inner_exact,0
74,47,1,inner_exact,0
74,48,14,nearest,46
74,49,15,nearest,26
74,50,15,nearest,36
74,51,31,nearest,10
74,52,31,nearest,9
74,53,31,nearest,11
74,54,31,nearest,9
74,55,31,nearest,6
74,56,31,nearest,7
74,57,31,nearest,5
74,58,31,nearest,7
74,59,31,nearest,7
74,60,31,nearest,9
74,61,31,nearest,11
74,62,31,nearest,9
74,63,31,nearest,7
74,64,31,nearest,7
74,65,31,nearest,7
74,66,31,nearest,7
74,67,47,nearest,21
74,68,47,nearest,27
74,69,47,nearest,24
74,70,47,nearest,24
74,71,47,nearest,18
74,72,47,nearest,12
74,73,47,nearest,15
74,74,47,nearest,20
74,75,48,nearest,89
74,76,1,inner_exact,0
74,77,1,inner_exact,0
74,78,22,nearest,15
74,79,23,nearest,18
74,80,23,nearest,15
74,81,23,nearest,31
74,82,23,nearest,50
74,83,23,nearest,50
74,84,23,nearest,56
74,85,23,nearest,37
74,86,8,nearest,12
74,87,43,nearest,16
74,88,44,nearest,16
74,89,44,nearest,16
74,90,45,nearest,15
74,91,14,nearest,49
74,92,31,nearest,9
74,93,31,nearest,9
74,94,31,nearest,7
74,95,31,nearest,5
74,96,31,nearest,7
74,97,31,nearest,10
74,98,31,nearest,9
74,99,31,nearest,12
74,100,31,nearest,9
74,101,31,nearest,9
74,102,32,nearest,65
74,103,1,inner_exact,0
74,104,27,nearest,17
74,105,28,nearest,21
74,106,28,nearest,21
74,107,28,nearest,19
74,108,28,nearest,14
74,109,28,nearest,13
74,110,13,nearest,13
74,111,90,inner_exact,0
74,112,91,inner_exact,0
74,113,91,inner_exact,0
74,114,91,inner_exact,0
74,115,91,inner_exact,0
75,0,101,nearest,27
75,1,101,nearest,24
75,2,91,inner_exact,0
75,3,91,inner_exact,0
75,4,73,nearest,97
75,5,76,nearest,73
75,6,1,inner_exact,0
75,7,1,inner_exact,0
75,8,27,nearest,30
75,9,28,nearest,36
75,10,28,nearest,41
75,11,28,nearest,38
75,12,28,nearest,49
75,13,28,nearest,46
75,14,44,nearest,40
75,15,45,nearest,21
75,16,17,nearest,4
75,17,2,nearest,4
75,18,18,nearest,3
75,19,1,inner_exact,0
75,20,1,inner_exact,0
75,21,14,nearest,70
75,22,31,nearest,24
75,23,31,nearest,24
75,24,31,nearest,23
75,25,31,nearest,24
75,26,31,nearest,21
75,27,32,nearest,68
75,28,1,inner_exact,0
75,29,1,inner_exact,0
75,30,1,inner_exact,0
75,31,1,inner_exact,0
75,32,83,inner_exact,0
75,33,83,inner_exact,0
75,34,83,inner_exact,0
75,35,1,inner_exact,0
75,36,1,inner_exact,0
75,37,1,inner_exact,0
75,38,1,inner_exact,0
75,39,1,inner_exact,0
75,40,1,inner_exact,0
75,41,1,inner_exact,0
75,42,1,inner_exact,0
75,43,83,inner_exact,0
75,44,83,inner_exact,0
75,45,1,inner_exact,0
75,46,1,inner_exact,0
75,47,14,nearest,68
75,48,31,nearest,24
75,49,31,nearest,21
75,50,31,nearest,24
75,51,31,nearest,25
75,52,31,nearest,24
75,53,31,nearest,26
75,54,31,nearest,24
75,55,31,nearest,23
75,56,31,nearest,24
75,57,31,nearest,22
75,58,31,nearest,24
75,59,31,nearest,22
75,60,31,nearest,24
75,61,31,nearest,26
75,62,31,nearest,24
75,63,31,nearest,24
75,64,31,nearest,24
75,65,31,nearest,24
75,66,48,nearest,105
75,67,1,inner_exact,0
75,68,1,inner_exact,0
75,69,1,inner_exact,0
75,70,1,inner_exact,0
75,71,1,inner_exact,0
75,72,1,inner_exact,0
75,73,1,inner_exact,0
75,74,1,inner_exact,0
75,75,1,inner_exact,0
75,76,1,inner_exact,0
75,77,1,inner_exact,0
75,78,22,nearest,36
75,79,23,nearest,59
75,80,23,nearest,60
75,81,23,nearest,73
75,82,23,nearest,89
75,83,23,nearest,89
75,84,23,nearest,90
75,85,23,nearest,75
75,86,23,nearest,59
75,87,7,nearest,41
75,88,7,nearest,52
75,89,7,nearest,52
75,90,8,nearest,49
75,91,30,nearest,74
75,92,31,nearest,24
75,93,31,nearest,24
75,94,31,nearest,24
75,95,31,nearest,22
75,96,31,nearest,24
75,97,31,nearest,25
75,98,31,nearest,24
75,99,31,nearest,27
75,100,31,nearest,24
75,101,31,nearest,26
75,102,48,nearest,98
75,103,1,inner_exact,0
75,104,43,nearest,45
75,105,28,nearest,47
75,106,28,nearest,47
75,107,28,nearest,44
75,108,28,nearest,39
75,109,28,nearest,42
75,110,29,nearest,55
75,111,90,nearest,5
75,112,91,inner_exact,0
75,113,91,inner_exact,0
75,114,91,inner_exact,0
75,115,91,inner_exact,0
