tile_id,atlas_row,atlas_column,category,source_tileset,source_row,source_column
0,0,0,black,TILESET - Airship.png,2,0
1,0,1,black,TILESET - World_of_Darkness1.png,3,12
2,0,2,black,TILESET - World_of_Darkness1.png,3,13
3,0,3,black,TILESET - World_of_Darkness1.png,3,14
4,0,4,black,TILESET - Canaan-NobleHouse.png,5,15
5,0,5,black,TILESET - Canaan-Inn_ItemShop.png,5,15
6,0,6,black,TILESET - Canaan-Inn_ItemShop.png,4,8
7,0,7,black,TILESET - Canaan-CidHouse_2F.png,4,8
8,0,8,black,TILESET - Canaan-CidHouse_1F.png,4,8
9,0,9,black,TILESET - Canaan-Shrine.png,4,8
10,0,10,black,TILESET - Canaan-Magic_WeaponShop.png,4,8
11,0,11,black,TILESET - Canaan-ArmorShop.png,4,8
12,0,12,black,TILESET - Canaan-CidHouse_1F.png,5,8
13,0,13,black,TILESET - World_of_Darkness-Crystal_Room.png,3,0
14,0,14,black,TILESET - World_of_Darkness1.png,3,10
15,0,15,black,TILESET - Crystal_Tower_1F.png,2,6
16,1,0,black,TILESET - World_of_Darkness1.png,3,7
17,1,1,black,TILESET - World_of_Darkness1.png,3,1
18,1,2,black,TILESET - Inn_ItemShop.png,0,12
19,1,3,black,TILESET - Molten_CaveB1.png,3,0
20,1,4,black,TILESET - Nepto_Temple1F.png,7,4
21,1,5,black,TILESET - Saronia_Castle-Gate.png,1,7
22,1,6,black,TILESET - Canaan-CidHouse_2F.png,7,14
23,1,7,black,TILESET - Canaan-CidHouse_2F.png,6,8
24,1,8,black,TILESET - World_of_Darkness-Crystal_Room.png,6,9
25,1,9,black,TILESET - Dwarven_Hollow-Inn_ItemShop.png,1,12
26,1,10,black,TILESET - Canaan-Inn_ItemShop.png,4,15
27,1,11,black,TILESET - Canaan-NobleHouse.png,4,8
28,1,12,black,TILESET - Heins_Castle1.png,2,13
29,1,13,black,TILESET - Heins_Castle1.png,3,0
30,1,14,black,TILESET - Saronia_Castle-Gate.png,1,4
31,1,15,black,TILESET - Chocobos_Forest.png,5,4
32,2,0,black,TILESET - Retrieval_Forest.png,5,4
33,2,1,black,TILESET - Canaan-Inn_ItemShop.png,5,14
34,2,2,black,TILESET - Canaan-Shrine.png,5,14
35,2,3,black,TILESET - Canaan-CidHouse_2F.png,5,14
36,2,4,black,TILESET - Canaan-CidHouse_1F.png,3,10
37,2,5,black,TILESET - Canaan-ArmorShop.png,3,10
38,2,6,black,TILESET - Canaan-Magic_WeaponShop.png,3,10
39,2,7,black,TILESET - Canaan-CidHouse_1F.png,6,0
40,2,8,black,TILESET - Canaan-CidHouse_2F.png,6,0
41,2,9,black,TILESET - Canaan-CidHouse_2F.png,3,10
42,2,10,black,TILESET - Amur-ArmorShop.png,3,10
43,2,11,black,TILESET - Amur-House.png,3,10
44,2,12,black,TILESET - Inn_ItemShop.png,5,14
45,2,13,black,TILESET - Ur_EldersHouse.png,5,14
46,2,14,black,TILESET - Shop_1.png,5,14
47,2,15,black,TILESET - Shop_1.png,3,10
48,3,0,black,TILESET - Ur_EldersHouse.png,3,10
49,3,1,black,TILESET - Inn_ItemShop.png,3,10
50,3,2,black,TILESET - Inn_ItemShop.png,6,0
51,3,3,black,TILESET - Ur_EldersHouse.png,6,0
52,3,4,black,TILESET - Canaan-Magic_WeaponShop.png,6,0
53,3,5,black,TILESET - Tozus-Inn_ItemShop.png,3,10
54,3,6,black,TILESET - Canaan-Inn_ItemShop.png,3,10
55,3,7,black,TILESET - Canaan-Inn_ItemShop.png,6,0
56,3,8,black,TILESET - Canaan-NobleHouse.png,3,10
57,3,9,black,TILESET - Canaan-NobleHouse.png,5,14
58,3,10,black,TILESET - Castle_Sasune_Inner.png,3,10
59,3,11,black,TILESET - Castle_Argus-Tower.png,3,10
60,3,12,black,TILESET - Cave_of_Tides1.png,3,0
61,3,13,black,TILESET - Cave_of_Shadows1_1.png,3,0
62,3,14,black,TILESET - Saronia_Castle-Gate.png,2,1
63,3,15,black,TILESET - Castle_Argus.png,0,2
64,4,0,black,TILESET - Tower_of_Owen1F.png,0,1
65,4,1,black,TILESET - Tower_of_Owen6F.png,0,1
66,4,2,black,TILESET - Eureka_B6.png,4,3
67,4,3,black,TILESET - Bahamuts_Nest.png,1,9
68,4,4,black,TILESET - Eureka_B6.png,4,4
69,4,5,black,TILESET - Inn_ItemShop.png,3,3
70,4,6,black,TILESET - Sewers1.png,0,9
71,4,7,black,TILESET - Bahamuts_Nest.png,2,9
72,4,8,black,TILESET - Sewers1.png,1,14
73,4,9,black,TILESET - Tower_of_Owen1F.png,3,6
74,4,10,black,TILESET - Tower_of_Owen6F.png,3,6
75,4,11,black,TILESET - Tower_of_Owen10F.png,3,6
76,4,12,black,TILESET - Goldor_Manor1_1.png,4,7
77,4,13,black,TILESET - Dragons_Peak.png,2,2
78,4,14,black,TILESET - Chocobos_Forest.png,2,2
79,4,15,black,TILESET - Retrieval_Forest.png,2,2
80,5,0,black,TILESET - Castle_Sasune.png,2,4
81,5,1,black,TILESET - Castle_Argus.png,2,4
82,5,2,black,TILESET - Castle_Argus.png,2,5
83,5,3,black,TILESET - Dragons_Peak.png,4,0
84,5,4,black,TILESET - Bahamuts_Nest.png,4,0
85,5,5,furniture_object,TILESET - Ancients_Maze1.png,4,8
86,5,6,furniture_object,TILESET - The_Invincible.png,4,8
87,5,7,furniture_object,TILESET - Bahamuts_Nest.png,5,4
88,5,8,furniture_object,TILESET - Alter Cave.png,4,8
89,5,9,furniture_object,TILESET - SealedCave.png,4,8
90,5,10,furniture_object,TILESET - Dragons_Peak.png,5,4
91,5,11,furniture_object,TILESET - Castle_Argus-Tower.png,3,15
92,5,12,furniture_object,TILESET - Castle_Argus-Tower.png,2,4
93,5,13,furniture_object,TILESET - Castle_Argus-Tower.png,2,6
94,5,14,furniture_object,TILESET - Canaan-CidHouse_1F.png,0,7
95,5,15,furniture_object,TILESET - Canaan-CidHouse_1F.png,7,8
96,6,0,furniture_object,TILESET - Canaan-Shrine.png,0,7
97,6,1,furniture_object,TILESET - Canaan-ArmorShop.png,0,7
98,6,2,furniture_object,TILESET - Canaan-Magic_WeaponShop.png,0,7
99,6,3,furniture_object,TILESET - Canaan-Magic_WeaponShop.png,2,12
100,6,4,furniture_object,TILESET - Canaan-ArmorShop.png,2,12
101,6,5,furniture_object,TILESET - Canaan-Shrine.png,2,12
102,6,6,furniture_object,TILESET - Canaan-CidHouse_1F.png,2,12
103,6,7,furniture_object,TILESET - Canaan-Magic_WeaponShop.png,7,12
104,6,8,furniture_object,TILESET - Canaan-ArmorShop.png,7,12
105,6,9,furniture_object,TILESET - Goldor_Manor1_1.png,0,9
106,6,10,furniture_object,TILESET - Castle_Argus.png,0,12
107,6,11,furniture_object,TILESET - Sewers1.png,3,3
108,6,12,furniture_object,TILESET - Eureka_B7_1.png,1,11
109,6,13,furniture_object,TILESET - Canaan-CidHouse_2F.png,2,7
110,6,14,furniture_object,TILESET - Dwarven_HollowB1_B2.png,2,7
111,6,15,furniture_object,TILESET - Vikings_Cove-1.png,2,7
112,7,0,furniture_object,TILESET - Ur_EldersHouse.png,2,7
113,7,1,furniture_object,TILESET - Amur-Shrine.png,2,7
114,7,2,furniture_object,TILESET - Gulgan_Gulch1.png,2,7
115,7,3,furniture_object,TILESET - Ur_EldersHouse.png,1,13
116,7,4,furniture_object,TILESET - The_Invincible.png,0,1
117,7,5,furniture_object,TILESET - Mythril_Mine.png,2,9
118,7,6,furniture_object,TILESET - Alter Cave.png,2,9
119,7,7,furniture_object,TILESET - Mythril_Mine.png,1,6
120,7,8,furniture_object,TILESET - Alter Cave.png,1,6
121,7,9,furniture_object,TILESET - Eureka_B7_1.png,3,6
122,7,10,furniture_object,TILESET - Molten_CaveB1.png,3,6
123,7,11,furniture_object,TILESET - Ur_EldersHouse.png,1,6
124,7,12,furniture_object,TILESET - Canaan-CidHouse_2F.png,2,6
125,7,13,furniture_object,TILESET - Shop_1.png,3,3
126,7,14,furniture_object,TILESET - Ur_EldersHouse.png,3,3
127,7,15,furniture_object,TILESET - Ur_Shed.png,2,8
128,8,0,furniture_object,TILESET - Tower_of_Owen11F.png,1,15
129,8,1,furniture_object,TILESET - Mythril_Mine.png,1,15
130,8,2,furniture_object,TILESET - Kazus.png,6,15
131,8,3,furniture_object,TILESET - Saronia_Castle-Gate.png,4,0
132,8,4,furniture_object,TILESET - Alter Cave.png,2,7
133,8,5,furniture_object,TILESET - Mythril_Mine.png,2,7
134,8,6,furniture_object,TILESET - Ur_EldersHouse.png,2,8
135,8,7,furniture_object,TILESET - Amur.png,6,7
136,8,8,furniture_object,TILESET - Tozus.png,6,7
137,8,9,furniture_object,TILESET - Ur.png,6,15
138,8,10,furniture_object,TILESET - Canaan-Magic_WeaponShop.png,2,8
139,8,11,furniture_object,TILESET - Subterranean_Lake1.png,3,6
140,8,12,furniture_object,TILESET - Eureka_B1.png,3,6
141,8,13,furniture_object,TILESET - Eureka_B3.png,3,6
142,8,14,furniture_object,TILESET - Castle_Sasune_Inner.png,2,0
143,8,15,furniture_object,TILESET - Ancients_Maze1.png,2,6
144,9,0,furniture_object,TILESET - Castle_Argus-Tower.png,0,9
145,9,1,furniture_object,TILESET - Castle_Argus-Tower.png,6,0
146,9,2,furniture_object,TILESET - Castle_Sasune.png,0,14
147,9,3,furniture_object,TILESET - Amur.png,7,0
148,9,4,furniture_object,TILESET - Kazus.png,7,0
149,9,5,furniture_object,TILESET - Ur.png,7,0
150,9,6,furniture_object,TILESET - Bahamuts_Nest.png,7,12
151,9,7,furniture_object,TILESET - Dragons_Peak.png,7,12
152,9,8,furniture_object,TILESET - Tozus-Inn_ItemShop.png,7,12
153,9,9,furniture_object,TILESET - Shop_1.png,7,12
154,9,10,furniture_object,TILESET - Canaan-Shrine.png,7,12
155,9,11,furniture_object,TILESET - Retrieval_Forest.png,7,12
156,9,12,furniture_object,TILESET - Ancients_Maze1.png,7,12
157,9,13,furniture_object,TILESET - Saronia_Catacombs3.png,7,12
158,9,14,furniture_object,TILESET - Cave_of_Tides1.png,7,12
159,9,15,furniture_object,TILESET - Cave_of_the_Circle1.png,7,12
160,10,0,furniture_object,TILESET - Amur-ArmorShop.png,7,12
161,10,1,furniture_object,TILESET - Amur-House.png,7,12
162,10,2,furniture_object,TILESET - Canaan-Inn_ItemShop.png,2,12
163,10,3,furniture_object,TILESET - Canaan-NobleHouse.png,0,7
164,10,4,furniture_object,TILESET - Eureka_B1.png,1,11
165,10,5,furniture_object,TILESET - Eureka_B3.png,1,11
166,10,6,furniture_object,TILESET - Tower_of_Owen11F.png,3,1
167,10,7,furniture_object,TILESET - Canaan-NobleHouse.png,7,8
168,10,8,furniture_object,TILESET - SealedCave.png,0,14
169,10,9,furniture_object,TILESET - Canaan-CidHouse_2F.png,7,12
170,10,10,furniture_object,TILESET - Canaan-CidHouse_1F.png,7,12
171,10,11,furniture_object,TILESET - Saronia_Castle-Gate.png,1,8
172,10,12,furniture_object,TILESET - Sewers1.png,2,1
173,10,13,furniture_object,TILESET - Alter Cave.png,1,7
174,10,14,furniture_object,TILESET - Canaan-NobleHouse.png,2,12
175,10,15,furniture_object,TILESET - Ur_EldersHouse.png,7,12
176,11,0,furniture_object,TILESET - Canaan-Magic_WeaponShop.png,7,11
177,11,1,furniture_object,TILESET - Castle_Argus-Tower.png,7,12
178,11,2,furniture_object,TILESET - Castle_Sasune_Inner.png,7,12
179,11,3,furniture_object,TILESET - Castle_Sasune_Inner2.png,7,12
180,11,4,furniture_object,TILESET - Mythril_Mine.png,7,12
181,11,5,furniture_object,TILESET - Alter Cave.png,7,12
182,11,6,furniture_object,TILESET - Cave_of_Shadows3_2.png,7,12
183,11,7,furniture_object,TILESET - Tozus.png,4,6
184,11,8,furniture_object,TILESET - Shop_1.png,3,4
185,11,9,furniture_object,TILESET - Canaan-Inn_ItemShop.png,7,13
186,11,10,furniture_object,TILESET - Canaan-ArmorShop.png,7,13
187,11,11,furniture_object,TILESET - Canaan-CidHouse_1F.png,7,13
188,11,12,furniture_object,TILESET - Canaan-Magic_WeaponShop.png,7,13
189,11,13,furniture_object,TILESET - Tower_of_Owen10F.png,3,1
190,11,14,furniture_object,TILESET - Tower_of_Owen1F.png,0,2
191,11,15,furniture_object,TILESET - Ancients_Maze1.png,2,9
192,12,0,furniture_object,TILESET - Ancients_Maze1.png,1,9
193,12,1,furniture_object,TILESET - Chocobos_Forest.png,2,12
194,12,2,furniture_object,TILESET - Retrieval_Forest.png,2,12
195,12,3,furniture_object,TILESET - Saronia_Catacombs3.png,0,10
196,12,4,furniture_object,TILESET - Crystal_Tower_8F_1.png,1,3
197,12,5,furniture_object,TILESET - Ancients_Maze1.png,3,2
198,12,6,furniture_object,TILESET - Tower_of_Owen10F.png,1,15
199,12,7,furniture_object,TILESET - Castle_Argus.png,0,15
200,12,8,furniture_object,TILESET - Castle_Argus.png,1,9
201,12,9,furniture_object,TILESET - Castle_Argus.png,5,2
202,12,10,furniture_object,TILESET - Castle_Sasune.png,5,2
203,12,11,furniture_object,TILESET - Castle_Sasune.png,1,9
204,12,12,furniture_object,TILESET - Castle_Sasune.png,0,15
205,12,13,furniture_object,TILESET - Shop_1.png,3,7
206,12,14,furniture_object,TILESET - Amur-ArmorShop.png,3,7
207,12,15,furniture_object,TILESET - Amur-Magic_WeaponShop.png,3,7
208,13,0,furniture_object,TILESET - Amur-ArmorShop.png,3,4
209,13,1,furniture_object,TILESET - Amur-Magic_WeaponShop.png,3,4
210,13,2,furniture_object,TILESET - Amur-Magic_WeaponShop.png,2,2
211,13,3,furniture_object,TILESET - Amur-ArmorShop.png,2,2
212,13,4,furniture_object,TILESET - Shop_1.png,2,2
213,13,5,furniture_object,TILESET - Canaan-Inn_ItemShop.png,7,12
214,13,6,furniture_object,TILESET - Ur_Shed.png,7,8
215,13,7,furniture_object,TILESET - Tozus-Inn_ItemShop.png,2,12
216,13,8,furniture_object,TILESET - Subterranean_Lake1.png,1,3
217,13,9,furniture_object,TILESET - Eureka_B1.png,1,3
218,13,10,furniture_object,TILESET - Eureka_B3.png,1,3
219,13,11,furniture_object,TILESET - Eureka_B7_1.png,1,3
220,13,12,furniture_object,TILESET - Alter Cave.png,1,3
221,13,13,furniture_object,TILESET - Molten_CaveB1.png,1,3
222,13,14,furniture_object,TILESET - SealedCave.png,1,7
223,13,15,furniture_object,TILESET - Castle_Argus.png,2,1
224,14,0,furniture_object,TILESET - Castle_Argus.png,1,8
225,14,1,furniture_object,TILESET - Canaan-ArmorShop.png,5,4
226,14,2,furniture_object,TILESET - Canaan-Magic_WeaponShop.png,5,4
227,14,3,furniture_object,TILESET - SealedCave.png,1,3
228,14,4,furniture_object,TILESET - SealedCave.png,3,6
229,14,5,furniture_object,TILESET - Alter Cave.png,3,6
230,14,6,furniture_object,TILESET - Molten_CaveB1.png,4,12
231,14,7,furniture_object,TILESET - Molten_CaveB1.png,0,12
232,14,8,furniture_object,TILESET - Alter Cave.png,1,15
233,14,9,furniture_object,TILESET - Sewers1.png,2,14
234,14,10,furniture_object,TILESET - Tozus-Inn_ItemShop.png,0,7
235,14,11,furniture_object,TILESET - Chocobos_Forest.png,7,12
236,14,12,furniture_object,TILESET - Amur-ArmorShop.png,2,6
237,14,13,furniture_object,TILESET - Amur-Magic_WeaponShop.png,2,6
238,14,14,furniture_object,TILESET - Dwarven_HollowB1_B2.png,2,6
239,14,15,furniture_object,TILESET - Vikings_Cove-1.png,2,6
240,15,0,furniture_object,TILESET - Alter Cave.png,6,15
241,15,1,furniture_object,TILESET - Inn_ItemShop.png,0,15
242,15,2,furniture_object,TILESET - Ur.png,7,14
243,15,3,furniture_object,TILESET - Airship.png,6,9
244,15,4,furniture_object,TILESET - Shop_1.png,2,8
245,15,5,furniture_object,TILESET - Canaan-Inn_ItemShop.png,0,6
246,15,6,furniture_object,TILESET - Canaan-Magic_WeaponShop.png,0,9
247,15,7,furniture_object,TILESET - Canaan-ArmorShop.png,0,9
248,15,8,furniture_object,TILESET - Canaan-Shrine.png,0,9
249,15,9,furniture_object,TILESET - Amur-House.png,0,7
250,15,10,furniture_object,TILESET - Shop_1.png,7,8
251,15,11,furniture_object,TILESET - Saronia_NorthWest-Library.png,0,7
252,15,12,furniture_object,TILESET - Amur-ArmorShop.png,0,7
253,15,13,furniture_object,TILESET - Eureka_B7_1.png,0,1
254,15,14,furniture_object,TILESET - Saronia_Catacombs3.png,0,7
255,15,15,furniture_object,TILESET - Castle_Sasune.png,0,13
256,16,0,furniture_object,TILESET - Molten_CaveB1.png,1,11
257,16,1,furniture_object,TILESET - Molten_CaveB1.png,1,7
258,16,2,furniture_object,TILESET - Inn_ItemShop.png,7,8
259,16,3,furniture_object,TILESET - Canaan-Inn_ItemShop.png,0,9
260,16,4,furniture_object,TILESET - Canaan-ArmorShop.png,7,9
261,16,5,furniture_object,TILESET - Canaan-Shrine.png,7,9
262,16,6,furniture_object,TILESET - Amur-ArmorShop.png,2,12
263,16,7,furniture_object,TILESET - Saronia_NorthWest-Library.png,2,12
264,16,8,furniture_object,TILESET - Amur-House.png,2,12
265,16,9,furniture_object,TILESET - Canaan-ArmorShop.png,3,4
266,16,10,furniture_object,TILESET - Canaan-Magic_WeaponShop.png,3,4
267,16,11,furniture_object,TILESET - Canaan-Magic_WeaponShop.png,3,5
268,16,12,furniture_object,TILESET - Canaan-ArmorShop.png,3,5
269,16,13,furniture_object,TILESET - Canaan-CidHouse_1F.png,0,9
270,16,14,furniture_object,TILESET - Ur_Shed.png,0,7
271,16,15,furniture_object,TILESET - Inn_ItemShop.png,0,7
272,17,0,furniture_object,TILESET - Shop_1.png,2,12
273,17,1,furniture_object,TILESET - Ur_Shed.png,2,12
274,17,2,furniture_object,TILESET - Inn_ItemShop.png,2,12
275,17,3,furniture_object,TILESET - Falgabard-Inn_ItemShop.png,2,12
276,17,4,furniture_object,TILESET - Airship.png,1,8
277,17,5,furniture_object,TILESET - Canaan-ArmorShop.png,7,11
278,17,6,furniture_object,TILESET - Tozus-Magic_WeaponShop.png,0,4
279,17,7,furniture_object,TILESET - Shop_1.png,0,7
280,17,8,furniture_object,TILESET - Canaan-CidHouse_1F.png,1,13
281,17,9,furniture_object,TILESET - Shop_1.png,2,6
282,17,10,furniture_object,TILESET - Dragons_Peak.png,2,14
283,17,11,furniture_object,TILESET - Gulgan_Gulch1.png,2,6
284,17,12,furniture_object,TILESET - Amur-Shrine.png,2,6
285,17,13,furniture_object,TILESET - Saronia_Castle-Gate.png,1,15
286,17,14,furniture_object,TILESET - Eureka_B3.png,0,1
287,17,15,furniture_object,TILESET - Eureka_B1.png,0,1
288,18,0,furniture_object,TILESET - The_Invincible.png,1,8
289,18,1,furniture_object,TILESET - Canaan-ArmorShop.png,7,10
290,18,2,furniture_object,TILESET - Canaan-Magic_WeaponShop.png,7,10
291,18,3,furniture_object,TILESET - Canaan-Magic_WeaponShop.png,0,14
292,18,4,furniture_object,TILESET - Canaan-ArmorShop.png,0,14
293,18,5,furniture_object,TILESET - Canaan-NobleHouse.png,7,9
294,18,6,furniture_object,TILESET - SealedCave.png,1,5
295,18,7,furniture_object,TILESET - Amur-Inn_Pub.png,4,0
296,18,8,furniture_object,TILESET - Amur-ArmorShop.png,4,0
297,18,9,furniture_object,TILESET - Canaan-ArmorShop.png,4,0
298,18,10,furniture_object,TILESET - Canaan-Magic_WeaponShop.png,4,0
299,18,11,furniture_object,TILESET - Canaan-Inn_ItemShop.png,4,0
300,18,12,furniture_object,TILESET - Falgabard-Inn_ItemShop.png,4,0
301,18,13,furniture_object,TILESET - Ancients_Maze1.png,5,4
302,18,14,furniture_object,TILESET - Ancients_Maze1.png,1,7
303,18,15,furniture_object,TILESET - Eureka_B7_1.png,2,13
304,19,0,furniture_object,TILESET - Eureka_B7_1.png,0,15
305,19,1,furniture_object,TILESET - Cave_of_Shadows3_2.png,2,13
306,19,2,furniture_object,TILESET - Ancient_Ruins1.png,2,13
307,19,3,furniture_object,TILESET - Cave_of_the_Circle1.png,2,13
308,19,4,furniture_object,TILESET - Cave_of_Tides1.png,2,13
309,19,5,furniture_object,TILESET - Alter Cave.png,1,13
310,19,6,furniture_object,TILESET - Mythril_Mine.png,2,13
311,19,7,furniture_object,TILESET - Alter Cave.png,2,13
312,19,8,furniture_object,TILESET - SealedCave.png,0,15
313,19,9,furniture_object,TILESET - Alter Cave.png,0,15
314,19,10,furniture_object,TILESET - Molten_CaveB1.png,0,15
315,19,11,furniture_object,TILESET - Ancients_Maze1.png,1,10
316,19,12,furniture_object,TILESET - Ur_EldersHouse.png,2,6
317,19,13,furniture_object,TILESET - SealedCave.png,0,0
318,19,14,furniture_object,TILESET - Alter Cave.png,0,0
319,19,15,furniture_object,TILESET - Canaan-ArmorShop.png,2,6
320,20,0,furniture_object,TILESET - Canaan-Magic_WeaponShop.png,2,6
321,20,1,furniture_object,TILESET - Mythril_Mine.png,2,14
322,20,2,furniture_object,TILESET - Cave_of_Tides1.png,2,14
323,20,3,furniture_object,TILESET - Cave_of_the_Circle1.png,2,14
324,20,4,furniture_object,TILESET - Cave_of_Shadows3_2.png,2,14
325,20,5,furniture_object,TILESET - Ancient_Ruins1.png,2,14
326,20,6,furniture_object,TILESET - Alter Cave.png,2,14
327,20,7,furniture_object,TILESET - Ancient_Ruins1.png,3,4
328,20,8,furniture_object,TILESET - Cave_of_Shadows3_2.png,3,4
329,20,9,furniture_object,TILESET - Cave_of_the_Circle1.png,3,4
330,20,10,furniture_object,TILESET - Mythril_Mine.png,3,4
331,20,11,furniture_object,TILESET - Alter Cave.png,3,4
332,20,12,furniture_object,TILESET - Shop_1.png,0,14
333,20,13,furniture_object,TILESET - Canaan-NobleHouse.png,0,9
334,20,14,furniture_object,TILESET - Canaan-NobleHouse.png,1,13
335,20,15,furniture_object,TILESET - Goldor_Manor1_1.png,7,1
336,21,0,furniture_object,TILESET - Canaan-Magic_WeaponShop.png,3,8
337,21,1,furniture_object,TILESET - Canaan-ArmorShop.png,3,8
338,21,2,furniture_object,TILESET - Airship.png,3,10
339,21,3,furniture_object,TILESET - Amur.png,1,1
340,21,4,furniture_object,TILESET - Ur_Shed.png,2,7
341,21,5,furniture_object,TILESET - Canaan-CidHouse_1F.png,2,7
342,21,6,furniture_object,TILESET - Canaan-Shrine.png,2,7
343,21,7,furniture_object,TILESET - Canaan-NobleHouse.png,2,7
344,21,8,furniture_object,TILESET - Goldor_Manor1_1.png,2,11
345,21,9,furniture_object,TILESET - Canaan-Magic_WeaponShop.png,0,6
346,21,10,furniture_object,TILESET - Amur-ArmorShop.png,2,8
347,21,11,furniture_object,TILESET - Saronia_Castle-Gate.png,0,4
348,21,12,furniture_object,TILESET - Eureka_B7_1.png,1,7
349,21,13,furniture_object,TILESET - Eureka_B3.png,1,7
350,21,14,furniture_object,TILESET - Eureka_B1.png,1,7
351,21,15,furniture_object,TILESET - Subterranean_Lake1.png,1,7
352,22,0,furniture_object,TILESET - Shop_1.png,5,4
353,22,1,furniture_object,TILESET - Kazus.png,6,7
354,22,2,furniture_object,TILESET - Alter Cave.png,1,9
355,22,3,furniture_object,TILESET - SealedCave.png,1,9
356,22,4,furniture_object,TILESET - Goldor_Manor1_1.png,2,7
357,22,5,furniture_object,TILESET - SealedCave.png,6,15
358,22,6,furniture_object,TILESET - Saronia_NorthEast.png,4,6
359,22,7,furniture_object,TILESET - Tozus-Inn_ItemShop.png,0,9
360,22,8,furniture_object,TILESET - The_Invincible.png,1,3
361,22,9,furniture_object,TILESET - Saronia_NorthWest-Library.png,0,9
362,22,10,furniture_object,TILESET - Amur-ArmorShop.png,0,9
363,22,11,furniture_object,TILESET - Amur-House.png,0,9
364,22,12,furniture_object,TILESET - Alter Cave.png,6,14
365,22,13,furniture_object,TILESET - SealedCave.png,6,14
366,22,14,furniture_object,TILESET - Alter Cave.png,4,3
367,22,15,furniture_object,TILESET - SealedCave.png,4,3
368,23,0,furniture_object,TILESET - Ancients_Maze1.png,5,1
369,23,1,furniture_object,TILESET - Heins_Castle1.png,5,1
370,23,2,furniture_object,TILESET - Tower_of_Owen1F.png,1,7
371,23,3,furniture_object,TILESET - Molten_CaveB1.png,1,9
372,23,4,furniture_object,TILESET - Eureka_B7_1.png,1,9
373,23,5,furniture_object,TILESET - Falgabard-Inn_ItemShop.png,2,6
374,23,6,furniture_object,TILESET - Tozus-Inn_ItemShop.png,4,0
375,23,7,furniture_object,TILESET - Shop_1.png,4,0
376,23,8,furniture_object,TILESET - Canaan-CidHouse_1F.png,5,3
377,23,9,furniture_object,TILESET - Canaan-Shrine.png,5,3
378,23,10,furniture_object,TILESET - Canaan-Shrine.png,0,15
379,23,11,furniture_object,TILESET - Ancients_Maze1.png,2,11
380,23,12,furniture_object,TILESET - Alter Cave.png,1,5
381,23,13,furniture_object,TILESET - Mythril_Mine.png,2,10
382,23,14,furniture_object,TILESET - Alter Cave.png,2,10
383,23,15,furniture_object,TILESET - Crystal_Tower_8F_1.png,3,7
384,24,0,furniture_object,TILESET - Ancients_Maze1.png,3,4
385,24,1,furniture_object,TILESET - Chocobos_Forest.png,1,0
386,24,2,furniture_object,TILESET - Crystal_Tower_8F_1.png,4,15
387,24,3,furniture_object,TILESET - Airship.png,7,14
388,24,4,furniture_object,TILESET - Cave_of_Tides1.png,1,1
389,24,5,furniture_object,TILESET - Cave_of_the_Circle1.png,1,1
390,24,6,furniture_object,TILESET - Mythril_Mine.png,1,1
391,24,7,furniture_object,TILESET - Alter Cave.png,1,1
392,24,8,furniture_object,TILESET - Amur-ArmorShop.png,0,14
393,24,9,furniture_object,TILESET - Amur-Magic_WeaponShop.png,0,14
394,24,10,furniture_object,TILESET - Saronia_NorthWest-Library.png,0,6
395,24,11,furniture_object,TILESET - Castle_Sasune_Inner.png,0,9
396,24,12,furniture_object,TILESET - Castle_Argus.png,0,14
397,24,13,furniture_object,TILESET - Mythril_Mine.png,3,14
398,24,14,furniture_object,TILESET - Cave_of_Tides1.png,3,14
399,24,15,furniture_object,TILESET - Cave_of_the_Circle1.png,3,14
400,25,0,furniture_object,TILESET - Tower_of_Owen1F.png,1,3
401,25,1,furniture_object,TILESET - Sewers1.png,1,15
402,25,2,furniture_object,TILESET - Mythril_Mine.png,2,12
403,25,3,furniture_object,TILESET - Alter Cave.png,2,12
404,25,4,furniture_object,TILESET - Ancients_Maze1.png,2,15
405,25,5,furniture_object,TILESET - Amur-ArmorShop.png,1,6
406,25,6,furniture_object,TILESET - Amur-Magic_WeaponShop.png,1,6
407,25,7,furniture_object,TILESET - Shop_1.png,1,6
408,25,8,furniture_object,TILESET - Canaan-ArmorShop.png,1,6
409,25,9,furniture_object,TILESET - Canaan-Magic_WeaponShop.png,1,6
410,25,10,furniture_object,TILESET - Cave_of_Tides1.png,3,1
411,25,11,furniture_object,TILESET - Molten_CaveB1.png,0,2
412,25,12,furniture_object,TILESET - Saronia_NorthWest-Library.png,0,8
413,25,13,furniture_object,TILESET - Amur-Magic_WeaponShop.png,2,8
414,25,14,furniture_object,TILESET - Falgabard-Inn_ItemShop.png,2,8
415,25,15,furniture_object,TILESET - Canaan-ArmorShop.png,2,8
416,26,0,furniture_object,TILESET - Castle_Argus-Tower.png,1,0
417,26,1,furniture_object,TILESET - Canaan.png,6,15
418,26,2,furniture_object,TILESET - Ur.png,6,7
419,26,3,furniture_object,TILESET - Canaan.png,6,7
420,26,4,furniture_object,TILESET - Canaan-CidHouse_1F.png,2,3
421,26,5,furniture_object,TILESET - Canaan-Shrine.png,2,3
422,26,6,furniture_object,TILESET - Ancients_Maze1.png,0,9
423,26,7,furniture_object,TILESET - Tozus-Magic_WeaponShop.png,1,6
424,26,8,furniture_object,TILESET - Canaan-CidHouse_1F.png,0,15
425,26,9,furniture_object,TILESET - Tozus-Magic_WeaponShop.png,0,14
426,26,10,furniture_object,TILESET - Falgabard-Inn_ItemShop.png,0,14
427,26,11,furniture_object,TILESET - Inn_ItemShop.png,3,12
428,26,12,furniture_object,TILESET - Goldor_Manor1_1.png,5,4
429,26,13,furniture_object,TILESET - Inn_ItemShop.png,1,5
430,26,14,furniture_object,TILESET - Canaan-Inn_ItemShop.png,1,5
431,26,15,furniture_object,TILESET - Shop_1.png,7,10
432,27,0,furniture_object,TILESET - Castle_Argus.png,3,0
433,27,1,furniture_object,TILESET - Canaan-CidHouse_2F.png,7,13
434,27,2,furniture_object,TILESET - Dragons_Peak.png,7,13
435,27,3,furniture_object,TILESET - Tozus-Inn_ItemShop.png,7,13
436,27,4,furniture_object,TILESET - Bahamuts_Nest.png,7,13
437,27,5,furniture_object,TILESET - Chocobos_Forest.png,7,13
438,27,6,furniture_object,TILESET - Shop_1.png,0,6
439,27,7,furniture_object,TILESET - Castle_Sasune.png,3,0
440,27,8,furniture_object,TILESET - Castle_Argus-Tower.png,0,8
441,27,9,furniture_object,TILESET - Saronia_Catacombs3.png,0,8
442,27,10,furniture_object,TILESET - Airship.png,1,13
443,27,11,furniture_object,TILESET - Eureka_B3.png,1,9
444,27,12,furniture_object,TILESET - Eureka_B1.png,1,9
445,27,13,furniture_object,TILESET - Subterranean_Lake1.png,1,9
446,27,14,furniture_object,TILESET - Ur_Shed.png,0,9
447,27,15,furniture_object,TILESET - Inn_ItemShop.png,0,9
448,28,0,furniture_object,TILESET - Falgabard-Inn_ItemShop.png,3,4
449,28,1,furniture_object,TILESET - Falgabard-Inn_ItemShop.png,2,2
450,28,2,furniture_object,TILESET - Tozus-Magic_WeaponShop.png,2,2
451,28,3,furniture_object,TILESET - Castle_Argus3F.png,1,12
452,28,4,furniture_object,TILESET - Dragons_Peak.png,2,7
453,28,5,furniture_object,TILESET - Cave_of_Shadows3_2.png,1,1
454,28,6,furniture_object,TILESET - Ancient_Ruins1.png,1,1
455,28,7,furniture_object,TILESET - Eureka_B7_1.png,1,1
456,28,8,furniture_object,TILESET - Airship.png,2,1
457,28,9,furniture_object,TILESET - Airship.png,3,3
458,28,10,furniture_object,TILESET - Castle_Argus-Tower.png,0,1
459,28,11,furniture_object,TILESET - Castle_Argus-Tower.png,2,2
460,28,12,furniture_object,TILESET - Castle_Argus-Tower.png,2,0
461,28,13,furniture_object,TILESET - Castle_Argus-Tower.png,2,1
462,28,14,furniture_object,TILESET - Castle_Sasune_Inner.png,2,1
463,28,15,furniture_object,TILESET - Castle_Sasune_Inner.png,0,8
464,29,0,furniture_object,TILESET - Airship.png,0,15
465,29,1,furniture_object,TILESET - Ur_Shed.png,7,9
466,29,2,furniture_object,TILESET - Shop_1.png,7,9
467,29,3,furniture_object,TILESET - Shop_1.png,0,9
468,29,4,furniture_object,TILESET - Inn_ItemShop.png,7,9
469,29,5,furniture_object,TILESET - Saronia_Catacombs3.png,1,10
470,29,6,furniture_object,TILESET - Castle_Sasune_Inner2.png,1,10
471,29,7,furniture_object,TILESET - Canaan-Inn_ItemShop.png,2,5
472,29,8,furniture_object,TILESET - Amur-Inn_Pub.png,2,5
473,29,9,furniture_object,TILESET - Inn_ItemShop.png,2,5
474,29,10,furniture_object,TILESET - Goldor_Manor1_1.png,2,5
475,29,11,furniture_object,TILESET - Canaan-CidHouse_2F.png,0,5
476,29,12,furniture_object,TILESET - Dwarven_HollowB1_B2.png,0,5
477,29,13,furniture_object,TILESET - Ur_EldersHouse.png,0,5
478,29,14,furniture_object,TILESET - Village_of_Gysahl-Inn_ItemShop.png,2,5
479,29,15,furniture_object,TILESET - Ancients_Maze1.png,2,0
480,30,0,furniture_object,TILESET - Ancients_Maze1.png,1,3
481,30,1,furniture_object,TILESET - Ancients_Maze1.png,5,2
482,30,2,furniture_object,TILESET - Tower_of_Owen10F.png,2,8
483,30,3,furniture_object,TILESET - Tower_of_Owen11F.png,2,8
484,30,4,furniture_object,TILESET - Canaan-CidHouse_2F.png,2,3
485,30,5,furniture_object,TILESET - Ancients_Maze1.png,2,1
486,30,6,furniture_object,TILESET - Saronia_Castle-Gate.png,4,3
487,30,7,furniture_object,TILESET - Canaan-CidHouse_2F.png,3,6
488,30,8,furniture_object,TILESET - Alter Cave.png,3,14
489,30,9,furniture_object,TILESET - Ur_EldersHouse.png,3,6
490,30,10,furniture_object,TILESET - Alter Cave.png,3,13
491,30,11,furniture_object,TILESET - Amur-Shrine.png,3,9
492,30,12,furniture_object,TILESET - Canaan-CidHouse_2F.png,3,9
493,30,13,furniture_object,TILESET - Vikings_Cove-1.png,3,9
494,30,14,furniture_object,TILESET - Cave_of_Tides1.png,3,13
495,30,15,furniture_object,TILESET - Cave_of_the_Circle1.png,3,13
496,31,0,furniture_object,TILESET - Mythril_Mine.png,3,13
497,31,1,furniture_object,TILESET - Ur_EldersHouse.png,3,9
498,31,2,furniture_object,TILESET - Ur.png,2,9
499,31,3,furniture_object,TILESET - Saronia_Catacombs3.png,7,13
500,31,4,furniture_object,TILESET - Amur-ArmorShop.png,7,13
501,31,5,furniture_object,TILESET - Amur-House.png,7,13
502,31,6,furniture_object,TILESET - Cave_of_Shadows3_2.png,7,13
503,31,7,furniture_object,TILESET - Cave_of_the_Circle1.png,7,13
504,31,8,furniture_object,TILESET - Cave_of_Tides1.png,7,13
505,31,9,furniture_object,TILESET - Castle_Argus-Tower.png,7,13
506,31,10,furniture_object,TILESET - Tower_of_Owen11F.png,7,13
507,31,11,furniture_object,TILESET - Ancients_Maze1.png,7,13
508,31,12,furniture_object,TILESET - Alter Cave.png,7,13
509,31,13,furniture_object,TILESET - Castle_Sasune_Inner2.png,7,13
510,31,14,furniture_object,TILESET - Castle_Sasune_Inner.png,7,13
511,31,15,furniture_object,TILESET - Mythril_Mine.png,7,13
512,32,0,furniture_object,TILESET - Shop_1.png,7,13
513,32,1,furniture_object,TILESET - Ur_EldersHouse.png,7,13
514,32,2,furniture_object,TILESET - Retrieval_Forest.png,7,13
515,32,3,furniture_object,TILESET - Inn_ItemShop.png,7,13
516,32,4,furniture_object,TILESET - Canaan-NobleHouse.png,7,13
517,32,5,furniture_object,TILESET - Amur-Magic_WeaponShop.png,2,4
518,32,6,furniture_object,TILESET - Amur-ArmorShop.png,2,4
519,32,7,furniture_object,TILESET - Canaan-ArmorShop.png,2,4
520,32,8,furniture_object,TILESET - Canaan-Magic_WeaponShop.png,2,4
521,32,9,furniture_object,TILESET - Shop_1.png,2,4
522,32,10,furniture_object,TILESET - Inn_ItemShop.png,1,14
523,32,11,furniture_object,TILESET - Shop_1.png,1,14
524,32,12,furniture_object,TILESET - Canaan-Shrine.png,2,8
525,32,13,furniture_object,TILESET - Ur_EldersHouse.png,0,7
526,32,14,furniture_object,TILESET - Chocobos_Forest.png,2,13
527,32,15,furniture_object,TILESET - Retrieval_Forest.png,2,13
528,33,0,furniture_object,TILESET - Tower_of_Owen11F.png,1,14
529,33,1,furniture_object,TILESET - Bahamuts_Nest.png,2,8
530,33,2,furniture_object,TILESET - Cave_of_the_Circle1.png,2,10
531,33,3,furniture_object,TILESET - Cave_of_Tides1.png,2,10
532,33,4,furniture_object,TILESET - Inn_ItemShop.png,5,4
533,33,5,furniture_object,TILESET - Kazus.png,7,14
534,33,6,furniture_object,TILESET - Canaan-CidHouse_2F.png,0,15
535,33,7,furniture_object,TILESET - Canaan-Magic_WeaponShop.png,0,4
536,33,8,furniture_object,TILESET - Canaan-ArmorShop.png,0,4
537,33,9,furniture_object,TILESET - Canaan-Shrine.png,0,4
538,33,10,furniture_object,TILESET - Amur-ArmorShop.png,0,4
539,33,11,furniture_object,TILESET - Canaan-Inn_ItemShop.png,0,4
540,33,12,furniture_object,TILESET - Amur-Magic_WeaponShop.png,1,5
541,33,13,furniture_object,TILESET - Amur-ArmorShop.png,1,5
542,33,14,furniture_object,TILESET - Canaan-Magic_WeaponShop.png,1,5
543,33,15,furniture_object,TILESET - Canaan-ArmorShop.png,1,5
544,34,0,furniture_object,TILESET - Saronia_NorthWest-Library.png,0,4
545,34,1,furniture_object,TILESET - Amur-House.png,0,4
546,34,2,furniture_object,TILESET - Canaan-CidHouse_2F.png,5,3
547,34,3,furniture_object,TILESET - Canaan-CidHouse_1F.png,0,4
548,34,4,furniture_object,TILESET - Eureka_B6.png,4,15
549,34,5,furniture_object,TILESET - Molten_CaveB1.png,0,1
550,34,6,furniture_object,TILESET - Inn_ItemShop.png,0,14
551,34,7,furniture_object,TILESET - Ancients_Maze1.png,3,5
552,34,8,furniture_object,TILESET - Eureka_B7_1.png,0,2
553,34,9,furniture_object,TILESET - The_Invincible.png,1,4
554,34,10,furniture_object,TILESET - Airship.png,1,4
555,34,11,furniture_object,TILESET - Castle_Sasune.png,1,11
556,34,12,furniture_object,TILESET - Castle_Sasune.png,5,3
557,34,13,furniture_object,TILESET - Saronia_NorthWest-Library.png,2,1
558,34,14,furniture_object,TILESET - Canaan-CidHouse_1F.png,2,1
559,34,15,furniture_object,TILESET - Canaan-Shrine.png,2,1
560,35,0,furniture_object,TILESET - Tozus-Inn_ItemShop.png,0,4
561,35,1,furniture_object,TILESET - Canaan-ArmorShop.png,3,7
562,35,2,furniture_object,TILESET - Canaan-Magic_WeaponShop.png,3,7
563,35,3,furniture_object,TILESET - Canaan-ArmorShop.png,2,2
564,35,4,furniture_object,TILESET - Inn_ItemShop.png,7,11
565,35,5,furniture_object,TILESET - Amur-ArmorShop.png,2,5
566,35,6,furniture_object,TILESET - Amur-Magic_WeaponShop.png,2,5
567,35,7,furniture_object,TILESET - Airship.png,3,15
568,35,8,furniture_object,TILESET - Tozus-Magic_WeaponShop.png,2,4
569,35,9,furniture_object,TILESET - Falgabard-Inn_ItemShop.png,2,4
570,35,10,furniture_object,TILESET - Bahamuts_Nest.png,0,9
571,35,11,furniture_object,TILESET - Amur-House.png,2,3
572,35,12,furniture_object,TILESET - Tozus-Inn_ItemShop.png,1,5
573,35,13,furniture_object,TILESET - Amur-Inn_Pub.png,1,5
574,35,14,furniture_object,TILESET - Village_of_Gysahl-Inn_ItemShop.png,1,5
575,35,15,furniture_object,TILESET - Sewers1.png,2,10
576,36,0,furniture_object,TILESET - Goldor_Manor1_1.png,5,1
577,36,1,furniture_object,TILESET - Goldor_Manor1_1.png,4,12
578,36,2,furniture_object,TILESET - Heins_Castle1.png,0,15
579,36,3,furniture_object,TILESET - Subterranean_Lake1.png,0,15
580,36,4,furniture_object,TILESET - Inn_ItemShop.png,4,0
581,36,5,furniture_object,TILESET - Canaan-NobleHouse.png,5,3
582,36,6,furniture_object,TILESET - Canaan-Inn_ItemShop.png,2,8
583,36,7,furniture_object,TILESET - Tozus-Inn_ItemShop.png,2,8
584,36,8,furniture_object,TILESET - Ancients_Maze1.png,5,3
585,36,9,furniture_object,TILESET - Sewers1.png,2,8
586,36,10,furniture_object,TILESET - Dragons_Peak.png,2,6
587,36,11,furniture_object,TILESET - Canaan-CidHouse_1F.png,1,14
588,36,12,furniture_object,TILESET - Canaan-CidHouse_1F.png,1,6
589,36,13,furniture_object,TILESET - Canaan-NobleHouse.png,1,6
590,36,14,furniture_object,TILESET - Canaan-CidHouse_1F.png,1,5
591,36,15,furniture_object,TILESET - Tozus-Magic_WeaponShop.png,1,5
592,37,0,furniture_object,TILESET - Tozus-Magic_WeaponShop.png,2,6
593,37,1,furniture_object,TILESET - Canaan-ArmorShop.png,2,5
594,37,2,furniture_object,TILESET - Canaan-Magic_WeaponShop.png,2,5
595,37,3,furniture_object,TILESET - Canaan-ArmorShop.png,0,6
596,37,4,furniture_object,TILESET - Canaan-Shrine.png,0,6
597,37,5,furniture_object,TILESET - Canaan-Magic_WeaponShop.png,0,8
598,37,6,furniture_object,TILESET - Tower_of_Owen10F.png,3,3
599,37,7,furniture_object,TILESET - Tower_of_Owen11F.png,3,3
600,37,8,furniture_object,TILESET - Eureka_B7_1.png,3,1
601,37,9,furniture_object,TILESET - Saronia_Catacombs3.png,3,11
602,37,10,furniture_object,TILESET - Castle_Argus-Tower.png,3,11
603,37,11,furniture_object,TILESET - Shop_1.png,2,5
604,37,12,furniture_object,TILESET - Canaan-CidHouse_2F.png,6,4
605,37,13,furniture_object,TILESET - Dragons_Peak.png,7,0
606,37,14,furniture_object,TILESET - Bahamuts_Nest.png,7,0
607,37,15,furniture_object,TILESET - Canaan-Inn_ItemShop.png,7,0
608,38,0,furniture_object,TILESET - Canaan-ArmorShop.png,7,0
609,38,1,furniture_object,TILESET - Canaan-CidHouse_1F.png,7,0
610,38,2,furniture_object,TILESET - Canaan-Magic_WeaponShop.png,7,0
611,38,3,furniture_object,TILESET - Canaan-ArmorShop.png,6,4
612,38,4,furniture_object,TILESET - Canaan-Magic_WeaponShop.png,6,4
613,38,5,furniture_object,TILESET - Cave_of_Shadows3_2.png,7,0
614,38,6,furniture_object,TILESET - Canaan-CidHouse_2F.png,7,0
615,38,7,furniture_object,TILESET - Ancients_Maze1.png,7,1
616,38,8,furniture_object,TILESET - Molten_CaveB1.png,7,1
617,38,9,furniture_object,TILESET - Canaan-Inn_ItemShop.png,6,4
618,38,10,furniture_object,TILESET - Tozus-Inn_ItemShop.png,6,4
619,38,11,furniture_object,TILESET - Amur-House.png,6,4
620,38,12,furniture_object,TILESET - Ancients_Maze1.png,7,0
621,38,13,furniture_object,TILESET - Cave_of_the_Circle1.png,7,0
622,38,14,furniture_object,TILESET - Cave_of_Tides1.png,7,0
623,38,15,furniture_object,TILESET - Saronia_NorthWest-Library.png,6,4
624,39,0,furniture_object,TILESET - Canaan-CidHouse_1F.png,6,4
625,39,1,furniture_object,TILESET - Canaan-Shrine.png,6,4
626,39,2,furniture_object,TILESET - Canaan-ArmorShop.png,0,8
627,39,3,furniture_object,TILESET - Canaan-Shrine.png,0,8
628,39,4,furniture_object,TILESET - Amur-ArmorShop.png,3,8
629,39,5,furniture_object,TILESET - Amur-Magic_WeaponShop.png,3,8
630,39,6,furniture_object,TILESET - Shop_1.png,3,8
631,39,7,furniture_object,TILESET - Amur-Magic_WeaponShop.png,3,9
632,39,8,furniture_object,TILESET - Amur-ArmorShop.png,3,9
633,39,9,furniture_object,TILESET - Canaan-ArmorShop.png,3,9
634,39,10,furniture_object,TILESET - Canaan-Magic_WeaponShop.png,3,9
635,39,11,furniture_object,TILESET - Amur-ArmorShop.png,3,6
636,39,12,furniture_object,TILESET - Amur-Magic_WeaponShop.png,3,6
637,39,13,furniture_object,TILESET - Airship.png,1,3
638,39,14,furniture_object,TILESET - Amur-ArmorShop.png,6,4
639,39,15,furniture_object,TILESET - Canaan-NobleHouse.png,6,4
640,40,0,furniture_object,TILESET - Mythril_Mine.png,7,0
641,40,1,furniture_object,TILESET - Castle_Sasune_Inner.png,7,0
642,40,2,furniture_object,TILESET - Saronia_Catacombs3.png,7,0
643,40,3,furniture_object,TILESET - Castle_Argus-Tower.png,7,0
644,40,4,furniture_object,TILESET - Saronia_Castle-Gate.png,2,9
645,40,5,furniture_object,TILESET - Canaan-NobleHouse.png,0,12
646,40,6,furniture_object,TILESET - Canaan-NobleHouse.png,3,15
647,40,7,furniture_object,TILESET - Canaan-CidHouse_1F.png,0,12
648,40,8,furniture_object,TILESET - Canaan-Shrine.png,0,12
649,40,9,furniture_object,TILESET - The_Invincible.png,3,13
650,40,10,furniture_object,TILESET - Wreck1.png,3,13
651,40,11,furniture_object,TILESET - Airship.png,3,13
652,40,12,furniture_object,TILESET - The_Invincible.png,3,14
653,40,13,furniture_object,TILESET - Wreck1.png,3,14
654,40,14,furniture_object,TILESET - Airship.png,3,14
655,40,15,furniture_object,TILESET - Castle_Argus.png,2,2
656,41,0,furniture_object,TILESET - Amur-ArmorShop.png,3,5
657,41,1,furniture_object,TILESET - Amur-Magic_WeaponShop.png,3,5
658,41,2,furniture_object,TILESET - Shop_1.png,3,5
659,41,3,furniture_object,TILESET - Airship.png,3,4
660,41,4,furniture_object,TILESET - Airship.png,3,11
661,41,5,furniture_object,TILESET - Saronia_Castle2.png,3,11
662,41,6,furniture_object,TILESET - Castle_Argus3F.png,3,11
663,41,7,furniture_object,TILESET - Goldor_Manor1_1.png,2,14
664,41,8,furniture_object,TILESET - Canaan-Magic_WeaponShop.png,2,2
665,41,9,furniture_object,TILESET - Eureka_B1.png,0,2
666,41,10,furniture_object,TILESET - Eureka_B3.png,0,2
667,41,11,furniture_object,TILESET - Gulgan_Gulch1.png,2,4
668,41,12,furniture_object,TILESET - Amur-Shrine.png,2,4
669,41,13,furniture_object,TILESET - Canaan-CidHouse_2F.png,2,4
670,41,14,furniture_object,TILESET - Ancients_Maze1.png,0,15
671,41,15,furniture_object,TILESET - Mythril_Mine.png,2,11
672,42,0,furniture_object,TILESET - Tozus-Magic_WeaponShop.png,4,0
673,42,1,furniture_object,TILESET - Canaan-NobleHouse.png,0,15
674,42,2,furniture_object,TILESET - Inn_ItemShop.png,2,8
675,42,3,furniture_object,TILESET - Canaan-NobleHouse.png,2,3
676,42,4,furniture_object,TILESET - Canaan-NobleHouse.png,0,6
677,42,5,furniture_object,TILESET - Canaan-NobleHouse.png,0,8
678,42,6,furniture_object,TILESET - Amur-House.png,0,6
679,42,7,furniture_object,TILESET - Amur-ArmorShop.png,0,6
680,42,8,furniture_object,TILESET - Canaan-CidHouse_1F.png,0,6
681,42,9,furniture_object,TILESET - Inn_ItemShop.png,7,0
682,42,10,furniture_object,TILESET - Ur_EldersHouse.png,7,0
683,42,11,furniture_object,TILESET - Amur-House.png,0,8
684,42,12,furniture_object,TILESET - Amur-ArmorShop.png,0,8
685,42,13,furniture_object,TILESET - Ur_Shed.png,0,8
686,42,14,furniture_object,TILESET - Shop_1.png,0,8
687,42,15,furniture_object,TILESET - Inn_ItemShop.png,0,6
688,43,0,furniture_object,TILESET - Ur_Shed.png,0,6
689,43,1,furniture_object,TILESET - Alter Cave.png,7,0
690,43,2,furniture_object,TILESET - Castle_Argus3F.png,7,0
691,43,3,furniture_object,TILESET - The_Invincible.png,0,15
692,43,4,furniture_object,TILESET - Castle_Sasune_Inner.png,3,11
693,43,5,furniture_object,TILESET - Vikings_Cove-1.png,2,4
694,43,6,furniture_object,TILESET - Amur.png,2,9
695,43,7,furniture_object,TILESET - Kazus.png,2,9
696,43,8,furniture_object,TILESET - Ur.png,7,2
697,43,9,furniture_object,TILESET - Airship.png,3,12
698,43,10,furniture_object,TILESET - Wreck1.png,3,12
699,43,11,furniture_object,TILESET - The_Invincible.png,3,12
700,43,12,furniture_object,TILESET - Shop_1.png,3,9
701,43,13,furniture_object,TILESET - Inn_ItemShop.png,6,4
702,43,14,furniture_object,TILESET - Shop_1.png,6,4
703,43,15,furniture_object,TILESET - Ur_EldersHouse.png,6,4
704,44,0,furniture_object,TILESET - Eureka_B6.png,7,4
705,44,1,furniture_object,TILESET - Inn_ItemShop.png,1,6
706,44,2,furniture_object,TILESET - Eureka_B6.png,2,8
707,44,3,furniture_object,TILESET - Molten_CaveB1.png,4,3
708,44,4,furniture_object,TILESET - Replito.png,2,9
709,44,5,furniture_object,TILESET - Sewers1.png,7,0
710,44,6,furniture_object,TILESET - Chocobos_Forest.png,2,7
711,44,7,furniture_object,TILESET - Chocobos_Forest.png,2,11
712,44,8,furniture_object,TILESET - Retrieval_Forest.png,2,11
713,44,9,furniture_object,TILESET - Dwarven_HollowB1_B2.png,2,4
714,44,10,furniture_object,TILESET - Goldor_Manor1_1.png,2,6
715,44,11,furniture_object,TILESET - Kazus.png,1,1
716,44,12,furniture_object,TILESET - Ur.png,1,1
717,44,13,furniture_object,TILESET - Ur_Shed.png,5,3
718,44,14,furniture_object,TILESET - Canaan-Shrine.png,3,15
719,44,15,furniture_object,TILESET - Crystal_Tower_8F_1.png,2,0
720,45,0,furniture_object,TILESET - Eureka_B6.png,2,7
721,45,1,furniture_object,TILESET - Eureka_B6.png,0,9
722,45,2,furniture_object,TILESET - Amur-ArmorShop.png,1,14
723,45,3,furniture_object,TILESET - Amur-Magic_WeaponShop.png,1,14
724,45,4,furniture_object,TILESET - Canaan-ArmorShop.png,1,14
725,45,5,furniture_object,TILESET - Canaan-Magic_WeaponShop.png,1,14
726,45,6,furniture_object,TILESET - Tozus-Magic_WeaponShop.png,1,14
727,45,7,furniture_object,TILESET - Ancients_Maze1.png,2,2
728,45,8,furniture_object,TILESET - Castle_Argus-Tower.png,0,14
729,45,9,furniture_object,TILESET - Alter Cave.png,0,11
730,45,10,furniture_object,TILESET - Mythril_Mine.png,0,11
731,45,11,furniture_object,TILESET - Cave_of_the_Circle1.png,0,11
732,45,12,furniture_object,TILESET - Cave_of_Tides1.png,0,11
733,45,13,furniture_object,TILESET - Cave_of_Shadows3_2.png,0,11
734,45,14,furniture_object,TILESET - Ancient_Ruins1.png,0,11
735,45,15,furniture_object,TILESET - Eureka_B7_1.png,0,11
736,46,0,furniture_object,TILESET - Canaan-Inn_ItemShop.png,3,11
737,46,1,furniture_object,TILESET - Canaan-NobleHouse.png,3,11
738,46,2,furniture_object,TILESET - Dragons_Peak.png,4,3
739,46,3,furniture_object,TILESET - Ancient_Ruins1.png,2,12
740,46,4,furniture_object,TILESET - Cave_of_Shadows3_2.png,2,12
741,46,5,furniture_object,TILESET - Cave_of_Tides1.png,2,12
742,46,6,furniture_object,TILESET - Cave_of_the_Circle1.png,2,12
743,46,7,furniture_object,TILESET - Ancients_Maze1.png,3,9
744,46,8,furniture_object,TILESET - Eureka_B7_1.png,2,12
745,46,9,furniture_object,TILESET - Alter Cave.png,2,11
746,46,10,furniture_object,TILESET - Ancient_Ruins1.png,2,11
747,46,11,furniture_object,TILESET - Cave_of_Shadows3_2.png,2,11
748,46,12,furniture_object,TILESET - Cave_of_Tides1.png,2,11
749,46,13,furniture_object,TILESET - Cave_of_the_Circle1.png,2,11
750,46,14,furniture_object,TILESET - Ancients_Maze1.png,3,8
751,46,15,furniture_object,TILESET - Saronia_Catacombs1.png,2,5
752,47,0,furniture_object,TILESET - Ur_EldersHouse.png,3,15
753,47,1,furniture_object,TILESET - Ur_EldersHouse.png,2,5
754,47,2,furniture_object,TILESET - Dwarven_HollowB1_B2.png,2,5
755,47,3,furniture_object,TILESET - Saronia_Castle-Gate.png,2,10
756,47,4,furniture_object,TILESET - Alter Cave.png,1,10
757,47,5,furniture_object,TILESET - SealedCave.png,1,10
758,47,6,furniture_object,TILESET - Canaan-Inn_ItemShop.png,1,14
759,47,7,furniture_object,TILESET - Amur-Inn_Pub.png,1,14
760,47,8,furniture_object,TILESET - Falgabard-Inn_ItemShop.png,1,14
761,47,9,furniture_object,TILESET - Falgabard-Inn_ItemShop.png,1,6
762,47,10,furniture_object,TILESET - Eureka_B6.png,2,4
763,47,11,furniture_object,TILESET - Tower_of_Owen11F.png,1,0
764,47,12,furniture_object,TILESET - Tower_of_Owen10F.png,1,0
765,47,13,furniture_object,TILESET - Tower_of_Owen10F.png,0,9
766,47,14,furniture_object,TILESET - Tower_of_Owen11F.png,0,9
767,47,15,furniture_object,TILESET - Canaan-NobleHouse.png,0,13
768,48,0,furniture_object,TILESET - Molten_CaveB1.png,4,0
769,48,1,furniture_object,TILESET - Retrieval_Forest.png,7,5
770,48,2,furniture_object,TILESET - Chocobos_Forest.png,7,5
771,48,3,furniture_object,TILESET - Bahamuts_Nest.png,7,5
772,48,4,furniture_object,TILESET - Dragons_Peak.png,7,5
773,48,5,furniture_object,TILESET - Tozus-Inn_ItemShop.png,6,7
774,48,6,furniture_object,TILESET - Canaan-Magic_WeaponShop.png,6,7
775,48,7,furniture_object,TILESET - Canaan-Shrine.png,6,7
776,48,8,furniture_object,TILESET - Canaan-ArmorShop.png,6,7
777,48,9,furniture_object,TILESET - Canaan-CidHouse_1F.png,6,7
778,48,10,furniture_object,TILESET - Canaan-CidHouse_2F.png,6,7
779,48,11,furniture_object,TILESET - Canaan-Inn_ItemShop.png,6,7
780,48,12,furniture_object,TILESET - Canaan-CidHouse_1F.png,7,5
781,48,13,furniture_object,TILESET - Canaan-CidHouse_2F.png,7,5
782,48,14,furniture_object,TILESET - Canaan-CidHouse_2F.png,6,13
783,48,15,furniture_object,TILESET - Canaan-CidHouse_1F.png,6,13
784,49,0,furniture_object,TILESET - Canaan-Shrine.png,6,13
785,49,1,furniture_object,TILESET - Canaan-ArmorShop.png,6,13
786,49,2,furniture_object,TILESET - Canaan-Magic_WeaponShop.png,6,13
787,49,3,furniture_object,TILESET - Canaan-Magic_WeaponShop.png,7,5
788,49,4,furniture_object,TILESET - Canaan-ArmorShop.png,7,5
789,49,5,furniture_object,TILESET - Canaan-Shrine.png,7,5
790,49,6,furniture_object,TILESET - Canaan-Inn_ItemShop.png,7,5
791,49,7,furniture_object,TILESET - Canaan-Inn_ItemShop.png,6,13
792,49,8,furniture_object,TILESET - Canaan-NobleHouse.png,6,7
793,49,9,furniture_object,TILESET - Ur_EldersHouse.png,5,3
794,49,10,furniture_object,TILESET - Ur_Shed.png,0,4
795,49,11,furniture_object,TILESET - Inn_ItemShop.png,0,4
796,49,12,furniture_object,TILESET - Shop_1.png,0,4
797,49,13,furniture_object,TILESET - Shop_1.png,7,11
798,49,14,furniture_object,TILESET - Ur_Shed.png,7,11
799,49,15,furniture_object,TILESET - Ur_EldersHouse.png,0,15
800,50,0,furniture_object,TILESET - Canaan-NobleHouse.png,0,4
801,50,1,furniture_object,TILESET - Canaan-ArmorShop.png,0,12
802,50,2,furniture_object,TILESET - Canaan-Magic_WeaponShop.png,0,12
803,50,3,furniture_object,TILESET - Canaan-Magic_WeaponShop.png,3,15
804,50,4,furniture_object,TILESET - Canaan-ArmorShop.png,3,15
805,50,5,furniture_object,TILESET - Amur-Magic_WeaponShop.png,0,12
806,50,6,furniture_object,TILESET - Amur-ArmorShop.png,0,12
807,50,7,furniture_object,TILESET - Canaan-CidHouse_1F.png,0,5
808,50,8,furniture_object,TILESET - Canaan-Shrine.png,0,5
809,50,9,furniture_object,TILESET - Ur_Shed.png,0,5
810,50,10,furniture_object,TILESET - Canaan-NobleHouse.png,0,5
811,50,11,furniture_object,TILESET - Amur-House.png,0,5
812,50,12,furniture_object,TILESET - Amur-House.png,2,1
813,50,13,furniture_object,TILESET - Ur_Shed.png,2,1
814,50,14,furniture_object,TILESET - Saronia_NorthWest-Library.png,0,5
815,50,15,furniture_object,TILESET - Ancients_Maze1.png,2,8
816,51,0,furniture_object,TILESET - Eureka_B6.png,0,5
817,51,1,furniture_object,TILESET - Shop_1.png,3,15
818,51,2,furniture_object,TILESET - Shop_1.png,1,5
819,51,3,furniture_object,TILESET - Falgabard-Inn_ItemShop.png,1,5
820,51,4,furniture_object,TILESET - Falgabard-Inn_ItemShop.png,2,5
821,51,5,furniture_object,TILESET - Tozus-Magic_WeaponShop.png,2,5
822,51,6,furniture_object,TILESET - Ur_Shed.png,0,12
823,51,7,furniture_object,TILESET - Ur_Shed.png,3,15
824,51,8,furniture_object,TILESET - Canaan-CidHouse_1F.png,3,15
825,51,9,furniture_object,TILESET - Canaan-ArmorShop.png,0,5
826,51,10,furniture_object,TILESET - Canaan-Magic_WeaponShop.png,0,5
827,51,11,furniture_object,TILESET - Ancients_Maze1.png,4,12
828,51,12,furniture_object,TILESET - Saronia_Castle-Gate.png,0,3
829,51,13,furniture_object,TILESET - Saronia_NorthEast.png,2,5
830,51,14,furniture_object,TILESET - Castle_Argus3F.png,3,12
831,51,15,furniture_object,TILESET - Tower_of_Owen1F.png,1,8
832,52,0,furniture_object,TILESET - Ancients_Maze1.png,0,13
833,52,1,furniture_object,TILESET - Ancients_Maze1.png,1,1
834,52,2,furniture_object,TILESET - Alter Cave.png,0,9
835,52,3,furniture_object,TILESET - Canaan.png,7,2
836,52,4,furniture_object,TILESET - Canaan.png,2,9
837,52,5,furniture_object,TILESET - Shop_1.png,3,6
838,52,6,furniture_object,TILESET - Falgabard-Inn_ItemShop.png,3,6
839,52,7,furniture_object,TILESET - Tozus-Magic_WeaponShop.png,3,6
840,52,8,furniture_object,TILESET - Airship.png,2,14
841,52,9,furniture_object,TILESET - Retrieval_Forest.png,2,7
842,52,10,furniture_object,TILESET - Ur_EldersHouse.png,2,4
843,52,11,furniture_object,TILESET - Saronia_Catacombs3.png,0,12
844,52,12,furniture_object,TILESET - Castle_Argus-Tower.png,0,12
845,52,13,furniture_object,TILESET - Castle_Sasune_Inner.png,0,12
846,52,14,furniture_object,TILESET - Castle_Sasune_Inner.png,7,9
847,52,15,furniture_object,TILESET - Amur-Inn_Pub.png,2,8
848,53,0,furniture_object,TILESET - Vikings_Cove-1.png,2,2
849,53,1,furniture_object,TILESET - Eureka_B7_1.png,2,11
850,53,2,furniture_object,TILESET - Heins_Castle1.png,3,8
851,53,3,furniture_object,TILESET - Canaan-Magic_WeaponShop.png,0,3
852,53,4,furniture_object,TILESET - Canaan-ArmorShop.png,0,3
853,53,5,furniture_object,TILESET - Canaan-Shrine.png,0,3
854,53,6,furniture_object,TILESET - Tozus-Inn_ItemShop.png,0,3
855,53,7,furniture_object,TILESET - Canaan-NobleHouse.png,1,5
856,53,8,furniture_object,TILESET - Village_of_Gysahl-Inn_ItemShop.png,1,14
857,53,9,furniture_object,TILESET - Goldor_Manor1_1.png,5,5
858,53,10,furniture_object,TILESET - Dragons_Peak.png,5,5
859,53,11,furniture_object,TILESET - Tozus-Inn_ItemShop.png,1,14
860,53,12,furniture_object,TILESET - Canaan-ArmorShop.png,2,3
861,53,13,furniture_object,TILESET - Canaan-Magic_WeaponShop.png,2,3
862,53,14,furniture_object,TILESET - Shop_1.png,2,3
863,53,15,furniture_object,TILESET - Shop_1.png,0,5
864,54,0,furniture_object,TILESET - Amur-Shrine.png,2,5
865,54,1,furniture_object,TILESET - Gulgan_Gulch1.png,2,5
866,54,2,furniture_object,TILESET - Ur_EldersHouse.png,0,12
867,54,3,furniture_object,TILESET - Saronia_Castle-Gate.png,2,8
868,54,4,furniture_object,TILESET - Cave_of_Shadows3_2.png,0,9
869,54,5,furniture_object,TILESET - Ancient_Ruins1.png,0,9
870,54,6,furniture_object,TILESET - Cave_of_the_Circle1.png,0,9
871,54,7,furniture_object,TILESET - Cave_of_Tides1.png,0,9
872,54,8,furniture_object,TILESET - Mythril_Mine.png,0,9
873,54,9,furniture_object,TILESET - Mythril_Mine.png,1,0
874,54,10,furniture_object,TILESET - Alter Cave.png,1,0
875,54,11,furniture_object,TILESET - Ancient_Ruins1.png,1,0
876,54,12,furniture_object,TILESET - Cave_of_Shadows3_2.png,1,0
877,54,13,furniture_object,TILESET - Canaan-Shrine.png,7,10
878,54,14,furniture_object,TILESET - Canaan-CidHouse_1F.png,7,10
879,54,15,furniture_object,TILESET - Canaan-Shrine.png,0,14
880,55,0,furniture_object,TILESET - Canaan-Shrine.png,5,4
881,55,1,furniture_object,TILESET - Canaan-CidHouse_1F.png,5,4
882,55,2,furniture_object,TILESET - Canaan-CidHouse_1F.png,0,14
883,55,3,furniture_object,TILESET - Amur-House.png,0,14
884,55,4,furniture_object,TILESET - Saronia_NorthWest-Library.png,0,14
885,55,5,furniture_object,TILESET - Ur_Shed.png,5,4
886,55,6,furniture_object,TILESET - Ur_Shed.png,0,14
887,55,7,furniture_object,TILESET - Canaan-NobleHouse.png,0,14
888,55,8,furniture_object,TILESET - Tozus-Inn_ItemShop.png,1,6
889,55,9,furniture_object,TILESET - Amur-Inn_Pub.png,1,6
890,55,10,furniture_object,TILESET - Canaan-Inn_ItemShop.png,1,6
891,55,11,furniture_object,TILESET - Village_of_Gysahl-Inn_ItemShop.png,1,6
892,55,12,furniture_object,TILESET - Ur_EldersHouse.png,2,12
893,55,13,furniture_object,TILESET - Tower_of_Owen1F.png,1,10
894,55,14,furniture_object,TILESET - Canaan-NobleHouse.png,5,4
895,55,15,furniture_object,TILESET - Canaan-NobleHouse.png,7,10
896,56,0,furniture_object,TILESET - Ur_Shed.png,7,10
897,56,1,furniture_object,TILESET - Eureka_B6.png,3,3
898,56,2,furniture_object,TILESET - Bahamuts_Nest.png,0,8
899,56,3,furniture_object,TILESET - Ur_Shed.png,2,3
900,56,4,furniture_object,TILESET - Airship.png,1,7
901,56,5,furniture_object,TILESET - Saronia_Castle-Gate.png,7,14
902,56,6,furniture_object,TILESET - Crystal_Tower_8F_1.png,3,4
903,56,7,furniture_object,TILESET - Eureka_B6.png,7,3
904,56,8,furniture_object,TILESET - Canaan-ArmorShop.png,5,3
905,56,9,furniture_object,TILESET - Canaan-Magic_WeaponShop.png,5,3
906,56,10,furniture_object,TILESET - Shop_1.png,0,15
907,56,11,furniture_object,TILESET - Shop_1.png,5,3
908,56,12,furniture_object,TILESET - Canaan-NobleHouse.png,6,13
909,56,13,furniture_object,TILESET - Canaan-NobleHouse.png,7,5
910,56,14,furniture_object,TILESET - Ur_EldersHouse.png,7,5
911,56,15,furniture_object,TILESET - Shop_1.png,6,13
912,57,0,furniture_object,TILESET - Ur_EldersHouse.png,6,7
913,57,1,furniture_object,TILESET - Inn_ItemShop.png,6,7
914,57,2,furniture_object,TILESET - Amur-House.png,6,7
915,57,3,furniture_object,TILESET - Amur-ArmorShop.png,6,7
916,57,4,furniture_object,TILESET - Ancients_Maze1.png,7,5
917,57,5,furniture_object,TILESET - Saronia_Catacombs3.png,6,13
918,57,6,furniture_object,TILESET - Castle_Argus-Tower.png,6,13
919,57,7,furniture_object,TILESET - Saronia_NorthWest-Library.png,6,7
920,57,8,furniture_object,TILESET - Castle_Sasune_Inner.png,7,5
921,57,9,furniture_object,TILESET - Castle_Sasune_Inner.png,6,13
922,57,10,furniture_object,TILESET - Castle_Sasune_Inner2.png,6,13
923,57,11,furniture_object,TILESET - Castle_Sasune.png,6,13
924,57,12,furniture_object,TILESET - Heins_Castle1.png,7,5
925,57,13,furniture_object,TILESET - Ur_EldersHouse.png,6,13
926,57,14,furniture_object,TILESET - Inn_ItemShop.png,6,13
927,57,15,furniture_object,TILESET - Inn_ItemShop.png,7,5
928,58,0,furniture_object,TILESET - Shop_1.png,7,5
929,58,1,furniture_object,TILESET - Shop_1.png,6,7
930,58,2,furniture_object,TILESET - Tozus-Magic_WeaponShop.png,6,7
931,58,3,furniture_object,TILESET - Eureka_B6.png,3,4
932,58,4,furniture_object,TILESET - Vikings_Cove-1.png,2,1
933,58,5,furniture_object,TILESET - Canaan-CidHouse_2F.png,2,1
934,58,6,furniture_object,TILESET - Dwarven_HollowB1_B2.png,2,1
935,58,7,furniture_object,TILESET - Ur_EldersHouse.png,2,1
936,58,8,furniture_object,TILESET - Amur-Shrine.png,2,1
937,58,9,furniture_object,TILESET - Gulgan_Gulch1.png,2,1
938,58,10,furniture_object,TILESET - Tozus-Inn_ItemShop.png,2,5
939,58,11,furniture_object,TILESET - Vikings_Cove-1.png,0,5
940,58,12,furniture_object,TILESET - Amur-Shrine.png,0,5
941,58,13,furniture_object,TILESET - Gulgan_Gulch1.png,0,5
942,58,14,furniture_object,TILESET - Bahamuts_Nest.png,2,7
943,58,15,furniture_object,TILESET - Dwarven_HollowB1_B2.png,2,3
944,59,0,furniture_object,TILESET - Ur_EldersHouse.png,2,3
945,59,1,furniture_object,TILESET - Eureka_B6.png,4,5
946,59,2,furniture_object,TILESET - Airship.png,1,9
947,59,3,furniture_object,TILESET - Airship.png,1,10
948,59,4,furniture_object,TILESET - Airship.png,7,13
949,59,5,furniture_object,TILESET - The_Invincible.png,3,6
950,59,6,furniture_object,TILESET - Airship.png,3,6
951,59,7,furniture_object,TILESET - Falgabard-Inn_ItemShop.png,0,12
952,59,8,furniture_object,TILESET - Tozus-Magic_WeaponShop.png,0,12
953,59,9,furniture_object,TILESET - Shop_1.png,0,12
954,59,10,furniture_object,TILESET - Amur-Magic_WeaponShop.png,0,5
955,59,11,furniture_object,TILESET - Amur-ArmorShop.png,0,5
956,59,12,furniture_object,TILESET - Goldor_Manor1_1.png,2,12
957,59,13,furniture_object,TILESET - Saronia_Castle-Gate.png,5,3
958,59,14,furniture_object,TILESET - Tozus-Inn_ItemShop.png,3,11
959,59,15,furniture_object,TILESET - Canaan-Magic_WeaponShop.png,3,11
960,60,0,furniture_object,TILESET - Canaan-ArmorShop.png,3,11
961,60,1,furniture_object,TILESET - Canaan-Shrine.png,3,11
962,60,2,furniture_object,TILESET - Canaan-CidHouse_1F.png,3,11
963,60,3,furniture_object,TILESET - Canaan-CidHouse_2F.png,3,11
964,60,4,furniture_object,TILESET - Amur-ArmorShop.png,3,11
965,60,5,furniture_object,TILESET - Amur-House.png,3,11
966,60,6,furniture_object,TILESET - Saronia_NorthWest-Library.png,3,11
967,60,7,furniture_object,TILESET - Ur_EldersHouse.png,3,11
968,60,8,furniture_object,TILESET - Inn_ItemShop.png,3,11
969,60,9,furniture_object,TILESET - Shop_1.png,3,11
970,60,10,furniture_object,TILESET - Gulgan_Gulch1.png,3,11
971,60,11,furniture_object,TILESET - Amur-Shrine.png,3,11
972,60,12,furniture_object,TILESET - Canaan-CidHouse_2F.png,0,14
973,60,13,furniture_object,TILESET - Canaan-CidHouse_2F.png,7,10
974,60,14,furniture_object,TILESET - Canaan-CidHouse_2F.png,5,4
975,60,15,furniture_object,TILESET - Canaan-CidHouse_1F.png,0,3
976,61,0,furniture_object,TILESET - Saronia_NorthWest-Library.png,0,3
977,61,1,furniture_object,TILESET - Amur-House.png,0,3
978,61,2,furniture_object,TILESET - Amur-ArmorShop.png,0,3
979,61,3,furniture_object,TILESET - Ur_Shed.png,0,3
980,61,4,furniture_object,TILESET - Inn_ItemShop.png,0,3
981,61,5,furniture_object,TILESET - Ur_EldersHouse.png,5,4
982,61,6,furniture_object,TILESET - Shop_1.png,0,3
983,61,7,furniture_object,TILESET - Ur_EldersHouse.png,0,14
984,61,8,furniture_object,TILESET - Canaan-NobleHouse.png,0,3
985,61,9,furniture_object,TILESET - Canaan-Inn_ItemShop.png,0,3
986,61,10,furniture_object,TILESET - Canaan-Magic_WeaponShop.png,0,2
987,61,11,furniture_object,TILESET - Canaan-Shrine.png,0,2
988,61,12,furniture_object,TILESET - Canaan-ArmorShop.png,0,2
989,61,13,furniture_object,TILESET - Amur-House.png,0,2
990,61,14,furniture_object,TILESET - Amur-ArmorShop.png,0,2
991,61,15,furniture_object,TILESET - Saronia_NorthWest-Library.png,0,2
992,62,0,furniture_object,TILESET - Shop_1.png,0,2
993,62,1,furniture_object,TILESET - Ur_EldersHouse.png,7,10
994,62,2,furniture_object,TILESET - Bahamuts_Nest.png,2,6
995,62,3,furniture_object,TILESET - Eureka_B7_1.png,0,9
996,62,4,furniture_object,TILESET - Cave_of_the_Circle1.png,1,0
997,62,5,furniture_object,TILESET - Cave_of_Tides1.png,1,0
998,62,6,furniture_object,TILESET - Amur-Magic_WeaponShop.png,2,1
999,62,7,furniture_object,TILESET - Amur-ArmorShop.png,2,1
1000,62,8,furniture_object,TILESET - Canaan-ArmorShop.png,2,1
1001,62,9,furniture_object,TILESET - Canaan-Magic_WeaponShop.png,2,1
1002,62,10,furniture_object,TILESET - Shop_1.png,2,1
1003,62,11,furniture_object,TILESET - Amur-Magic_WeaponShop.png,2,3
1004,62,12,furniture_object,TILESET - Amur-ArmorShop.png,2,3
1005,62,13,furniture_object,TILESET - Amur-ArmorShop.png,0,15
1006,62,14,furniture_object,TILESET - Amur-Magic_WeaponShop.png,0,15
1007,62,15,furniture_object,TILESET - Canaan-ArmorShop.png,0,15
1008,63,0,furniture_object,TILESET - Canaan-Magic_WeaponShop.png,0,15
1009,63,1,furniture_object,TILESET - Tozus-Magic_WeaponShop.png,0,15
1010,63,2,furniture_object,TILESET - Falgabard-Inn_ItemShop.png,0,15
1011,63,3,furniture_object,TILESET - Canaan-Magic_WeaponShop.png,1,9
1012,63,4,furniture_object,TILESET - Replito-MagicShop.png,1,9
1013,63,5,furniture_object,TILESET - Saronia_Castle-Gate.png,5,14
1014,63,6,furniture_object,TILESET - Tozus-Magic_WeaponShop.png,2,3
1015,63,7,furniture_object,TILESET - Falgabard-Inn_ItemShop.png,2,3
1016,63,8,furniture_object,TILESET - The_Invincible.png,1,7
1017,63,9,furniture_object,TILESET - Saronia_Castle-Gate.png,3,11
1018,63,10,furniture_object,TILESET - Eureka_B6.png,5,15
1019,63,11,furniture_object,TILESET - Ancients_Maze1.png,0,12
1020,63,12,furniture_object,TILESET - Alter Cave.png,1,8
1021,63,13,furniture_object,TILESET - SealedCave.png,1,8
1022,63,14,furniture_object,TILESET - Eureka_B7_1.png,1,8
1023,63,15,furniture_object,TILESET - Molten_CaveB1.png,1,8
1024,64,0,furniture_object,TILESET - Subterranean_Lake1.png,1,8
1025,64,1,furniture_object,TILESET - Eureka_B1.png,1,8
1026,64,2,furniture_object,TILESET - Eureka_B3.png,1,8
1027,64,3,furniture_object,TILESET - Saronia_Castle-Gate.png,4,6
1028,64,4,furniture_object,TILESET - Goldor_Manor1_1.png,4,11
1029,64,5,furniture_object,TILESET - Dragons_Peak.png,2,8
1030,64,6,furniture_object,TILESET - Dragons_Peak.png,2,3
1031,64,7,furniture_object,TILESET - Eureka_B6.png,1,5
1032,64,8,furniture_object,TILESET - Tower_of_Owen1F.png,1,9
1033,64,9,furniture_object,TILESET - Molten_CaveB1.png,4,14
1034,64,10,furniture_object,TILESET - Tower_of_Owen11F.png,1,1
1035,64,11,furniture_object,TILESET - Tower_of_Owen10F.png,1,1
1036,64,12,furniture_object,TILESET - Heins_Castle1.png,3,9
1037,64,13,furniture_object,TILESET - Dragons_Peak.png,2,10
1038,64,14,furniture_object,TILESET - Dragons_Peak.png,2,5
1039,64,15,furniture_object,TILESET - Castle_Argus3F.png,1,9
1040,65,0,furniture_object,TILESET - Saronia_Castle-Gate.png,4,11
1041,65,1,furniture_object,TILESET - Goldor_Manor1_1.png,2,4
1042,65,2,furniture_object,TILESET - Eureka_B7_1.png,1,0
1043,65,3,furniture_object,TILESET - Tozus-Magic_WeaponShop.png,3,11
1044,65,4,furniture_object,TILESET - Castle_Argus3F.png,6,13
1045,65,5,furniture_object,TILESET - Saronia_Castle2.png,6,13
1046,65,6,furniture_object,TILESET - Gulgan_Gulch1.png,6,7
1047,65,7,furniture_object,TILESET - Amur-Shrine.png,6,7
1048,65,8,furniture_object,TILESET - Castle_Argus-Tower.png,6,14
1049,65,9,furniture_object,TILESET - Saronia_Catacombs3.png,6,14
1050,65,10,furniture_object,TILESET - Castle_Sasune_Inner2.png,6,14
1051,65,11,furniture_object,TILESET - Castle_Sasune_Inner.png,6,14
1052,65,12,furniture_object,TILESET - Castle_Sasune_Inner.png,7,6
1053,65,13,furniture_object,TILESET - Sewers1.png,2,12
1054,65,14,furniture_object,TILESET - Eureka_B6.png,5,12
1055,65,15,furniture_object,TILESET - Castle_Argus3F.png,3,7
1056,66,0,furniture_object,TILESET - Saronia_Castle-Gate.png,5,13
1057,66,1,furniture_object,TILESET - Castle_Argus3F.png,0,6
1058,66,2,furniture_object,TILESET - Castle_Argus3F.png,6,14
1059,66,3,object_dark_bg,TILESET - Cave_of_Shadows6.png,4,8
1060,66,4,object_dark_bg,TILESET - Mythril_Mine.png,4,8
1061,66,5,object_dark_bg,TILESET - Eureka_B1.png,4,8
1062,66,6,object_dark_bg,TILESET - Airship.png,4,8
1063,66,7,object_dark_bg,TILESET - Ur_Shed.png,1,0
1064,66,8,object_dark_bg,TILESET - Castle_Sasune_Inner.png,2,4
1065,66,9,object_dark_bg,TILESET - Castle_Sasune_Inner.png,2,6
1066,66,10,object_dark_bg,TILESET - Ur_Shed.png,1,4
1067,66,11,object_dark_bg,TILESET - Airship.png,0,1
1068,66,12,object_dark_bg,TILESET - Airship.png,1,11
1069,66,13,object_dark_bg,TILESET - Dogas_Grotto1.png,1,6
1070,66,14,object_dark_bg,TILESET - Cave_of_Shadows6.png,3,6
1071,66,15,object_dark_bg,TILESET - Dwarven_HollowB1_B2.png,2,15
1072,67,0,object_dark_bg,TILESET - Dwarven_HollowB1_B2.png,0,13
1073,67,1,object_dark_bg,TILESET - Tower_of_Owen1F.png,2,7
1074,67,2,object_dark_bg,TILESET - Tower_of_Owen11F.png,2,7
1075,67,3,object_dark_bg,TILESET - Tower_of_Owen11F.png,1,6
1076,67,4,object_dark_bg,TILESET - Tower_of_Owen1F.png,2,12
1077,67,5,object_dark_bg,TILESET - Tower_of_Owen11F.png,2,12
1078,67,6,object_dark_bg,TILESET - Saronia_Catacombs3.png,1,6
1079,67,7,object_dark_bg,TILESET - Tower_of_Owen11F.png,2,10
1080,67,8,object_dark_bg,TILESET - Tower_of_Owen1F.png,2,10
1081,67,9,object_dark_bg,TILESET - Dogas_Grotto1.png,2,9
1082,67,10,object_dark_bg,TILESET - World_of_Darkness-Crystal_Room.png,4,11
1083,67,11,object_dark_bg,TILESET - Tower_of_Owen1F.png,3,1
1084,67,12,object_dark_bg,TILESET - Cave_of_Shadows6.png,1,3
1085,67,13,object_dark_bg,TILESET - Dogas_Grotto1.png,1,15
1086,67,14,object_dark_bg,TILESET - Saronia_Catacombs3.png,0,15
1087,67,15,object_dark_bg,TILESET - Saronia_Catacombs3.png,1,2
1088,68,0,object_dark_bg,TILESET - Saronia_Castle1.png,0,13
1089,68,1,object_dark_bg,TILESET - Saronia_Castle1.png,3,2
1090,68,2,object_dark_bg,TILESET - Saronia_Catacombs3.png,1,4
1091,68,3,object_dark_bg,TILESET - Cave_of_Shadows6.png,1,7
1092,68,4,object_dark_bg,TILESET - Mythril_Mine.png,1,7
1093,68,5,object_dark_bg,TILESET - Falgabard_Cave.png,1,7
1094,68,6,object_dark_bg,TILESET - World_of_Darkness-Crystal_Room.png,0,1
1095,68,7,object_dark_bg,TILESET - Airship.png,1,5
1096,68,8,object_dark_bg,TILESET - Castle_Sasune.png,0,12
1097,68,9,object_dark_bg,TILESET - Saronia_Catacombs1.png,0,9
1098,68,10,object_dark_bg,TILESET - Castle_Sasune.png,7,12
1099,68,11,object_dark_bg,TILESET - Shop_1.png,3,14
1100,68,12,object_dark_bg,TILESET - Inn_ItemShop.png,3,14
1101,68,13,object_dark_bg,TILESET - Inn_ItemShop.png,1,9
1102,68,14,object_dark_bg,TILESET - Castle_Sasune_Inner.png,1,6
1103,68,15,object_dark_bg,TILESET - Ur_Shed.png,5,5
1104,69,0,object_dark_bg,TILESET - Amur-House.png,2,14
1105,69,1,object_dark_bg,TILESET - Ur_Shed.png,2,14
1106,69,2,object_dark_bg,TILESET - Canaan-Shrine.png,2,14
1107,69,3,object_dark_bg,TILESET - Canaan-Shrine.png,5,5
1108,69,4,object_dark_bg,TILESET - Canaan-CidHouse_1F.png,5,5
1109,69,5,object_dark_bg,TILESET - Canaan-CidHouse_1F.png,2,14
1110,69,6,object_dark_bg,TILESET - Canaan-NobleHouse.png,2,14
1111,69,7,object_dark_bg,TILESET - Canaan-NobleHouse.png,5,5
1112,69,8,object_dark_bg,TILESET - Saronia_Catacombs3.png,1,5
1113,69,9,object_dark_bg,TILESET - World_of_Darkness-Crystal_Room.png,6,2
1114,69,10,object_dark_bg,TILESET - Nepto_Temple1F.png,1,6
1115,69,11,object_dark_bg,TILESET - Cave_of_Shadows6.png,1,9
1116,69,12,object_dark_bg,TILESET - Falgabard_Cave.png,1,9
1117,69,13,object_dark_bg,TILESET - Mythril_Mine.png,1,9
1118,69,14,object_dark_bg,TILESET - Cave_of_Shadows6.png,4,3
1119,69,15,object_dark_bg,TILESET - Dogas_Grotto1.png,2,8
1120,70,0,object_dark_bg,TILESET - Cave_of_Shadows6.png,0,2
1121,70,1,object_dark_bg,TILESET - Saronia_Castle1.png,0,14
1122,70,2,object_dark_bg,TILESET - Castle_Sasune_Inner.png,6,0
1123,70,3,object_dark_bg,TILESET - Castle_Sasune_Inner.png,0,1
1124,70,4,object_dark_bg,TILESET - Saronia_Castle2.png,2,2
1125,70,5,object_dark_bg,TILESET - Saronia_Catacombs1.png,2,2
1126,70,6,object_dark_bg,TILESET - Castle_Sasune_Inner.png,2,2
1127,70,7,object_dark_bg,TILESET - Saronia_Catacombs1.png,2,0
1128,70,8,object_dark_bg,TILESET - Saronia_Castle2.png,2,0
1129,70,9,object_dark_bg,TILESET - Saronia_Castle2.png,2,1
1130,70,10,object_dark_bg,TILESET - Saronia_Catacombs1.png,2,1
1131,70,11,object_dark_bg,TILESET - Castle_Sasune_Inner.png,1,0
1132,70,12,object_dark_bg,TILESET - World_of_Darkness-Crystal_Room.png,3,5
1133,70,13,object_dark_bg,TILESET - World_of_Darkness-Crystal_Room.png,1,0
1134,70,14,object_dark_bg,TILESET - World_of_Darkness-Crystal_Room.png,0,12
1135,70,15,object_dark_bg,TILESET - Crystal_Tower_8F_2.png,1,3
1136,71,0,object_dark_bg,TILESET - Crystal_Tower_8F_1.png,3,2
1137,71,1,object_dark_bg,TILESET - Crystal Room.png,1,0
1138,71,2,object_dark_bg,TILESET - Crystal_Tower_5F.png,3,5
1139,71,3,object_dark_bg,TILESET - Tower_of_Owen1F.png,2,8
1140,71,4,object_dark_bg,TILESET - Vikings_Cove-Inn_ItemShop.png,2,10
1141,71,5,object_dark_bg,TILESET - Vikings_Cove-Inn_ItemShop.png,1,10
1142,71,6,object_dark_bg,TILESET - Tower_of_Owen1F.png,1,14
1143,71,7,object_dark_bg,TILESET - Saronia_Catacombs3.png,0,11
1144,71,8,object_dark_bg,TILESET - Cave_of_Shadows6.png,1,5
1145,71,9,object_dark_bg,TILESET - Cave_of_Shadows6.png,0,15
1146,71,10,object_dark_bg,TILESET - Falgabard_Cave.png,0,15
1147,71,11,object_dark_bg,TILESET - Eureka_B3.png,0,15
1148,71,12,object_dark_bg,TILESET - Eureka_B1.png,0,15
1149,71,13,object_dark_bg,TILESET - Dogas_Grotto1.png,2,13
1150,71,14,object_dark_bg,TILESET - Mythril_Mine.png,1,13
1151,71,15,object_dark_bg,TILESET - Mythril_Mine.png,0,15
1152,72,0,object_dark_bg,TILESET - Crystal Room.png,1,1
1153,72,1,object_dark_bg,TILESET - Molten_Cave-Crystal_Room.png,1,1
1154,72,2,object_dark_bg,TILESET - Molten_Cave-Crystal_Room.png,0,13
1155,72,3,object_dark_bg,TILESET - World_of_Darkness-Crystal_Room.png,1,1
1156,72,4,object_dark_bg,TILESET - World_of_Darkness-Crystal_Room.png,0,13
1157,72,5,object_dark_bg,TILESET - Saronia_Castle5.png,2,5
1158,72,6,object_dark_bg,TILESET - World_of_Darkness1.png,3,8
1159,72,7,object_dark_bg,TILESET - World_of_Darkness1.png,2,15
1160,72,8,object_dark_bg,TILESET - World_of_Darkness7.png,0,2
1161,72,9,object_dark_bg,TILESET - World_of_Darkness1.png,3,9
1162,72,10,object_dark_bg,TILESET - World_of_Darkness-Crystal_Room.png,3,9
1163,72,11,object_dark_bg,TILESET - Molten_Cave-Crystal_Room.png,3,9
1164,72,12,object_dark_bg,TILESET - Cave_of_Tides-Crystal_Room.png,3,9
1165,72,13,object_dark_bg,TILESET - Saronia_Castle1.png,1,10
1166,72,14,object_dark_bg,TILESET - Castle_Sasune.png,1,10
1167,72,15,object_dark_bg,TILESET - Saronia_Castle1.png,5,3
1168,73,0,object_dark_bg,TILESET - Bahamuts_Nest.png,2,4
1169,73,1,object_dark_bg,TILESET - Tower_of_Owen1F.png,3,3
1170,73,2,object_dark_bg,TILESET - Saronia_Catacombs3.png,7,1
1171,73,3,object_dark_bg,TILESET - World_of_Darkness-Crystal_Room.png,7,0
1172,73,4,object_dark_bg,TILESET - World_of_Darkness-Crystal_Room.png,1,2
1173,73,5,object_dark_bg,TILESET - Dwarven_HollowB1_B2.png,1,12
1174,73,6,object_dark_bg,TILESET - Tower_of_Owen1F.png,1,15
1175,73,7,object_dark_bg,TILESET - Canaan.png,0,5
1176,73,8,object_dark_bg,TILESET - Amur.png,0,5
1177,73,9,object_dark_bg,TILESET - Kazus.png,0,5
1178,73,10,object_dark_bg,TILESET - Ur.png,0,5
1179,73,11,object_dark_bg,TILESET - Canaan.png,0,6
1180,73,12,object_dark_bg,TILESET - Kazus.png,0,6
1181,73,13,object_dark_bg,TILESET - Ur.png,0,6
1182,73,14,object_dark_bg,TILESET - Canaan-CidHouse_2F.png,1,12
1183,73,15,object_dark_bg,TILESET - Ur_EldersHouse.png,1,12
1184,74,0,object_dark_bg,TILESET - Ur_Shed.png,4,12
1185,74,1,object_dark_bg,TILESET - Eureka_B3.png,3,1
1186,74,2,object_dark_bg,TILESET - World_of_Darkness-Crystal_Room.png,0,9
1187,74,3,object_dark_bg,TILESET - Tower_of_Owen10F.png,1,8
1188,74,4,object_dark_bg,TILESET - Tower_of_Owen10F.png,1,9
1189,74,5,object_dark_bg,TILESET - Tower_of_Owen10F.png,1,10
1190,74,6,object_dark_bg,TILESET - Crystal_Tower_8F_1.png,1,7
1191,74,7,object_dark_bg,TILESET - Crystal_Tower_8F_2.png,5,4
1192,74,8,object_dark_bg,TILESET - Crystal_Tower_8F_1.png,3,9
1193,74,9,object_dark_bg,TILESET - Crystal_Tower_1F.png,3,9
1194,74,10,object_dark_bg,TILESET - Crystal_Tower_8F_1.png,3,6
1195,74,11,object_dark_bg,TILESET - Crystal_Tower_1F.png,3,6
1196,74,12,object_dark_bg,TILESET - Crystal_Tower_1F.png,3,3
1197,74,13,object_dark_bg,TILESET - Canaan-Shrine.png,0,13
1198,74,14,object_dark_bg,TILESET - Canaan-CidHouse_1F.png,0,13
1199,74,15,object_dark_bg,TILESET - Amur-House.png,0,13
1200,75,0,object_dark_bg,TILESET - Ur_Shed.png,0,13
1201,75,1,object_dark_bg,TILESET - Saronia_NorthEast.png,4,11
1202,75,2,object_dark_bg,TILESET - Castle_Sasune_Inner.png,0,14
1203,75,3,object_dark_bg,TILESET - Saronia_Castle-Gate.png,7,3
1204,75,4,object_dark_bg,TILESET - Ur.png,5,14
1205,75,5,object_dark_bg,TILESET - Village_of_Gysahl-Farm.png,1,10
1206,75,6,object_dark_bg,TILESET - Tozus-MayorHouse.png,1,10
1207,75,7,object_dark_bg,TILESET - Inn_ItemShop.png,1,10
1208,75,8,object_dark_bg,TILESET - Saronia_Castle2.png,1,6
1209,75,9,object_dark_bg,TILESET - Tower_of_Owen1F.png,7,13
1210,75,10,object_dark_bg,TILESET - Saronia_Castle1.png,7,13
1211,75,11,object_dark_bg,TILESET - Castle_Sasune.png,7,13
1212,75,12,object_dark_bg,TILESET - Saronia_Castle2.png,0,5
1213,75,13,object_dark_bg,TILESET - Dwarven_Hollow-ArmorShop.png,4,13
1214,75,14,object_dark_bg,TILESET - Dogas_Grotto1.png,2,12
1215,75,15,object_dark_bg,TILESET - Nepto_Temple1F.png,1,5
1216,76,0,object_dark_bg,TILESET - Dogas_Grotto1.png,2,11
1217,76,1,object_dark_bg,TILESET - Saronia_NorthEast.png,3,7
1218,76,2,object_dark_bg,TILESET - Crystal_Tower_5F.png,2,11
1219,76,3,object_dark_bg,TILESET - Dogas_Grotto1.png,2,10
1220,76,4,object_dark_bg,TILESET - Crystal_Tower_1F.png,3,7
1221,76,5,object_dark_bg,TILESET - World_of_Darkness-Crystal_Room.png,3,4
1222,76,6,object_dark_bg,TILESET - Amur.png,4,14
1223,76,7,object_dark_bg,TILESET - Crystal_Tower_1F.png,3,1
1224,76,8,object_dark_bg,TILESET - Dogas_Grotto1.png,2,7
1225,76,9,object_dark_bg,TILESET - Inn_ItemShop.png,6,9
1226,76,10,object_dark_bg,TILESET - Shop_1.png,6,9
1227,76,11,object_dark_bg,TILESET - Tower_of_Owen1F.png,1,0
1228,76,12,object_dark_bg,TILESET - Tower_of_Owen1F.png,0,9
1229,76,13,object_dark_bg,TILESET - Mythril_Mine.png,1,10
1230,76,14,object_dark_bg,TILESET - Saronia_Castle-Gate.png,3,7
1231,76,15,object_dark_bg,TILESET - Saronia_Castle-Gate.png,3,6
1232,77,0,object_dark_bg,TILESET - Saronia_Castle1.png,6,13
1233,77,1,object_dark_bg,TILESET - Tower_of_Owen1F.png,1,1
1234,77,2,interior_warm,TILESET - Saronia_NorthWest-Library.png,3,3
1235,77,3,interior_warm,TILESET - Amur-House.png,3,3
1236,77,4,interior_warm,TILESET - Canaan-CidHouse_1F.png,3,3
1237,77,5,interior_warm,TILESET - Canaan-NobleHouse.png,3,3
1238,77,6,interior_warm,TILESET - Castle_Sasune.png,0,2
1239,77,7,interior_warm,TILESET - Castle_Argus.png,2,13
1240,77,8,interior_warm,TILESET - Castle_Sasune.png,2,13
1241,77,9,interior_warm,TILESET - Ur_Shed.png,3,3
1242,77,10,interior_warm,TILESET - Tower_of_Owen10F.png,2,12
1243,77,11,interior_warm,TILESET - Canaan-Inn_ItemShop.png,3,3
1244,77,12,interior_warm,TILESET - Amur-Inn_Pub.png,3,3
1245,77,13,interior_warm,TILESET - The_Invincible.png,1,11
1246,77,14,interior_warm,TILESET - Mythril_Mine.png,3,0
1247,77,15,interior_warm,TILESET - Alter Cave.png,3,0
1248,78,0,interior_warm,TILESET - Ancient_Ruins1.png,3,0
1249,78,1,interior_warm,TILESET - Cave_of_the_Circle1.png,3,0
1250,78,2,interior_warm,TILESET - Dragons_Peak.png,0,0
1251,78,3,interior_warm,TILESET - Cave_of_Shadows3_1_comparison.png,0,0
1252,78,4,interior_warm,TILESET - Canaan-CidHouse_2F.png,1,6
1253,78,5,interior_warm,TILESET - Dragons_Peak.png,2,11
1254,78,6,interior_warm,TILESET - Amur-House.png,1,15
1255,78,7,interior_warm,TILESET - Saronia_NorthWest-Library.png,1,15
1256,78,8,interior_warm,TILESET - Ur_Shed.png,1,15
1257,78,9,interior_warm,TILESET - Sewers1.png,0,11
1258,78,10,interior_warm,TILESET - Village_of_Gysahl-Inn_ItemShop.png,3,3
1259,78,11,interior_warm,TILESET - Vikings_Cove-1.png,1,13
1260,78,12,interior_warm,TILESET - Mythril_Mine.png,2,8
1261,78,13,interior_warm,TILESET - Cave_of_the_Circle1.png,2,8
1262,78,14,interior_warm,TILESET - Cave_of_Tides1.png,2,8
1263,78,15,interior_warm,TILESET - Alter Cave.png,2,8
1264,79,0,interior_warm,TILESET - Ancient_Ruins1.png,2,8
1265,79,1,interior_warm,TILESET - Cave_of_Shadows3_2.png,2,8
1266,79,2,interior_warm,TILESET - Castle_Argus.png,0,6
1267,79,3,interior_warm,TILESET - Castle_Argus.png,0,5
1268,79,4,interior_warm,TILESET - Castle_Argus.png,3,1
1269,79,5,interior_warm,TILESET - Sewers1.png,3,0
1270,79,6,interior_warm,TILESET - Bahamuts_Nest.png,3,3
1271,79,7,interior_warm,TILESET - Tozus.png,7,0
1272,79,8,interior_warm,TILESET - Castle_Argus.png,0,4
1273,79,9,interior_warm,TILESET - Castle_Argus.png,0,3
1274,79,10,interior_warm,TILESET - Canaan-CidHouse_2F.png,3,8
1275,79,11,interior_warm,TILESET - Amur-Shrine.png,3,8
1276,79,12,interior_warm,TILESET - Ur_EldersHouse.png,3,8
1277,79,13,interior_warm,TILESET - Alter Cave.png,3,12
1278,79,14,interior_warm,TILESET - Mythril_Mine.png,3,12
1279,79,15,interior_warm,TILESET - Cave_of_the_Circle1.png,3,12
1280,80,0,interior_warm,TILESET - Cave_of_Tides1.png,3,12
1281,80,1,interior_warm,TILESET - Ancients_Maze1.png,3,12
1282,80,2,interior_warm,TILESET - Canaan.png,1,2
1283,80,3,interior_warm,TILESET - Ancients_Maze1.png,6,2
1284,80,4,interior_warm,TILESET - Ancients_Maze1.png,0,1
1285,80,5,interior_warm,TILESET - Chocobos_Forest.png,0,0
1286,80,6,interior_warm,TILESET - Retrieval_Forest.png,0,0
1287,80,7,interior_warm,TILESET - Canaan-CidHouse_2F.png,3,5
1288,80,8,interior_warm,TILESET - Alter Cave.png,3,15
1289,80,9,interior_warm,TILESET - Amur.png,4,7
1290,80,10,interior_warm,TILESET - Ancients_Maze1.png,3,15
1291,80,11,interior_warm,TILESET - Ancients_Maze2.png,5,0
1292,80,12,interior_warm,TILESET - Bahamuts_Nest.png,0,0
1293,80,13,interior_warm,TILESET - Castle_Argus-Tower.png,3,12
1294,80,14,interior_warm,TILESET - Saronia_Catacombs3.png,3,12
1295,80,15,interior_warm,TILESET - Castle_Sasune_Inner.png,3,12
1296,81,0,interior_warm,TILESET - Saronia_NorthWest-Library.png,3,12
1297,81,1,interior_warm,TILESET - Ancients_Maze1.png,4,6
1298,81,2,interior_warm,TILESET - Tower_of_Owen1F.png,4,6
1299,81,3,interior_warm,TILESET - Alter Cave.png,4,6
1300,81,4,interior_warm,TILESET - SealedCave.png,4,6
1301,81,5,interior_warm,TILESET - Amur-House.png,3,12
1302,81,6,interior_warm,TILESET - Castle_Argus-Tower.png,3,13
1303,81,7,interior_warm,TILESET - Canaan-CidHouse_1F.png,3,12
1304,81,8,interior_warm,TILESET - Canaan-Shrine.png,3,12
1305,81,9,interior_warm,TILESET - Saronia_Castle-Gate.png,0,7
1306,81,10,interior_warm,TILESET - Bahamuts_Nest.png,4,6
1307,81,11,interior_warm,TILESET - Dragons_Peak.png,4,6
1308,81,12,interior_warm,TILESET - Saronia_Castle2.png,3,12
1309,81,13,interior_warm,TILESET - Canaan-ArmorShop.png,1,13
1310,81,14,interior_warm,TILESET - Canaan-Magic_WeaponShop.png,1,13
1311,81,15,interior_warm,TILESET - Canaan-Inn_ItemShop.png,1,13
1312,82,0,interior_warm,TILESET - Tozus-Inn_ItemShop.png,1,13
1313,82,1,interior_warm,TILESET - Dragons_Peak.png,0,9
1314,82,2,interior_warm,TILESET - Castle_Argus3F.png,2,6
1315,82,3,interior_warm,TILESET - Dwarven_HollowB1_B2.png,0,4
1316,82,4,interior_warm,TILESET - Ancients_Maze1.png,0,4
1317,82,5,interior_warm,TILESET - Molten_CaveB1.png,4,6
1318,82,6,interior_warm,TILESET - Castle_Sasune_Inner.png,3,9
1319,82,7,interior_warm,TILESET - Saronia_Catacombs3.png,3,9
1320,82,8,interior_warm,TILESET - Castle_Argus-Tower.png,3,9
1321,82,9,interior_warm,TILESET - Tozus-Magic_WeaponShop.png,7,12
1322,82,10,interior_warm,TILESET - Castle_Argus.png,4,6
1323,82,11,interior_warm,TILESET - Canaan-Inn_ItemShop.png,7,8
1324,82,12,interior_warm,TILESET - Castle_Argus.png,5,0
1325,82,13,interior_warm,TILESET - Eureka_B7_1.png,1,6
1326,82,14,interior_warm,TILESET - Cave_of_Shadows3_2.png,1,6
1327,82,15,interior_warm,TILESET - Ancient_Ruins1.png,1,6
1328,83,0,interior_warm,TILESET - Cave_of_the_Circle1.png,1,6
1329,83,1,interior_warm,TILESET - Cave_of_Tides1.png,1,6
1330,83,2,interior_warm,TILESET - Cave_of_the_Circle1.png,2,9
1331,83,3,interior_warm,TILESET - Cave_of_Tides1.png,2,9
1332,83,4,interior_warm,TILESET - Cave_of_Shadows3_2.png,2,9
1333,83,5,interior_warm,TILESET - Ancient_Ruins1.png,2,9
1334,83,6,interior_warm,TILESET - Eureka_B7_1.png,2,9
1335,83,7,interior_warm,TILESET - Tozus-Magic_WeaponShop.png,3,3
1336,83,8,interior_warm,TILESET - Vikings_Cove-1.png,3,3
1337,83,9,interior_warm,TILESET - Canaan-Magic_WeaponShop.png,3,3
1338,83,10,interior_warm,TILESET - Canaan-ArmorShop.png,3,3
1339,83,11,interior_warm,TILESET - Canaan-CidHouse_2F.png,3,3
1340,83,12,interior_warm,TILESET - Amur-Shrine.png,3,3
1341,83,13,interior_warm,TILESET - Gulgan_Gulch1.png,3,3
1342,83,14,interior_warm,TILESET - Amur-ArmorShop.png,3,3
1343,83,15,interior_warm,TILESET - Amur-Magic_WeaponShop.png,3,3
1344,84,0,interior_warm,TILESET - Gulgan_Gulch1.png,1,13
1345,84,1,interior_warm,TILESET - Amur-Shrine.png,1,13
1346,84,2,interior_warm,TILESET - Canaan-CidHouse_2F.png,1,13
1347,84,3,interior_warm,TILESET - Sewers1.png,3,4
1348,84,4,interior_warm,TILESET - Ur_EldersHouse.png,0,8
1349,84,5,interior_warm,TILESET - Canaan-NobleHouse.png,2,4
1350,84,6,interior_warm,TILESET - Canaan-CidHouse_1F.png,2,4
1351,84,7,interior_warm,TILESET - Canaan-Shrine.png,2,4
1352,84,8,interior_warm,TILESET - Canaan-CidHouse_2F.png,4,0
1353,84,9,interior_warm,TILESET - Vikings_Cove-1.png,4,0
1354,84,10,interior_warm,TILESET - Gulgan_Gulch1.png,2,8
1355,84,11,interior_warm,TILESET - Amur-Shrine.png,2,8
1356,84,12,interior_warm,TILESET - Saronia_Castle-Gate.png,2,2
1357,84,13,interior_warm,TILESET - Saronia_NorthWest-Library.png,2,8
1358,84,14,interior_warm,TILESET - Amur-House.png,2,8
1359,84,15,interior_warm,TILESET - Sewers1.png,3,1
1360,85,0,interior_warm,TILESET - Tower_of_Owen10F.png,3,11
1361,85,1,interior_warm,TILESET - Dragons_Peak.png,0,10
1362,85,2,interior_warm,TILESET - Castle_Argus.png,4,5
1363,85,3,interior_warm,TILESET - Saronia_NorthWest-Library.png,2,4
1364,85,4,interior_warm,TILESET - Amur-House.png,2,4
1365,85,5,interior_warm,TILESET - Ur_Shed.png,2,4
1366,85,6,interior_warm,TILESET - Vikings_Cove-1.png,1,5
1367,85,7,interior_warm,TILESET - Castle_Argus.png,4,4
1368,85,8,interior_warm,TILESET - Canaan-Magic_WeaponShop.png,7,8
1369,85,9,interior_warm,TILESET - Tozus-Magic_WeaponShop.png,0,7
1370,85,10,interior_warm,TILESET - Tozus-Magic_WeaponShop.png,2,12
1371,85,11,interior_warm,TILESET - Amur.png,4,6
1372,85,12,interior_warm,TILESET - Canaan.png,5,11
1373,85,13,interior_warm,TILESET - Canaan.png,1,0
1374,85,14,interior_warm,TILESET - Ur_EldersHouse.png,1,15
1375,85,15,interior_warm,TILESET - Kazus.png,4,6
1376,86,0,interior_warm,TILESET - Inn_ItemShop.png,3,4
1377,86,1,interior_warm,TILESET - Amur-Inn_Pub.png,3,4
1378,86,2,interior_warm,TILESET - Tozus-Inn_ItemShop.png,3,4
1379,86,3,interior_warm,TILESET - Village_of_Gysahl-Inn_ItemShop.png,3,4
1380,86,4,interior_warm,TILESET - Saronia_Castle5.png,1,11
1381,86,5,interior_warm,TILESET - Castle_Argus3F.png,1,11
1382,86,6,interior_warm,TILESET - Dragons_Peak.png,5,8
1383,86,7,interior_warm,TILESET - Dragons_Peak.png,4,1
1384,86,8,interior_warm,TILESET - Castle_Argus-Tower.png,4,1
1385,86,9,interior_warm,TILESET - SealedCave.png,4,1
1386,86,10,interior_warm,TILESET - Alter Cave.png,4,1
1387,86,11,interior_warm,TILESET - Tower_of_Owen1F.png,4,1
1388,86,12,interior_warm,TILESET - Ancients_Maze1.png,4,1
1389,86,13,interior_warm,TILESET - Molten_CaveB1.png,4,1
1390,86,14,interior_warm,TILESET - Bahamuts_Nest.png,4,1
1391,86,15,interior_warm,TILESET - The_Invincible.png,4,1
1392,87,0,interior_warm,TILESET - Eureka_B6.png,3,0
1393,87,1,interior_warm,TILESET - Eureka_B7_1.png,2,7
1394,87,2,interior_warm,TILESET - Cave_of_Shadows3_2.png,2,7
1395,87,3,interior_warm,TILESET - Ancient_Ruins1.png,2,7
1396,87,4,interior_warm,TILESET - Cave_of_the_Circle1.png,2,7
1397,87,5,interior_warm,TILESET - Cave_of_Tides1.png,2,7
1398,87,6,interior_warm,TILESET - Saronia_NorthEast.png,4,7
1399,87,7,interior_warm,TILESET - Canaan-CidHouse_2F.png,1,14
1400,87,8,interior_warm,TILESET - Amur-Inn_Pub.png,2,3
1401,87,9,interior_warm,TILESET - Canaan-Inn_ItemShop.png,5,3
1402,87,10,interior_warm,TILESET - Amur-Inn_Pub.png,0,15
1403,87,11,interior_warm,TILESET - Tozus-Inn_ItemShop.png,0,15
1404,87,12,interior_warm,TILESET - Eureka_B7_1.png,2,8
1405,87,13,interior_warm,TILESET - Goldor_Manor1_1.png,2,10
1406,87,14,interior_warm,TILESET - Saronia_Castle-Gate.png,0,2
1407,87,15,interior_warm,TILESET - Saronia_Castle-Gate.png,0,1
1408,88,0,interior_warm,TILESET - Eureka_B6.png,4,0
1409,88,1,interior_warm,TILESET - Molten_CaveB1.png,6,12
1410,88,2,interior_warm,TILESET - Saronia_NorthEast.png,2,6
1411,88,3,interior_warm,TILESET - Castle_Argus.png,1,12
1412,88,4,interior_warm,TILESET - Castle_Sasune.png,1,12
1413,88,5,interior_warm,TILESET - Canaan-ArmorShop.png,7,8
1414,88,6,interior_warm,TILESET - Canaan.png,1,1
1415,88,7,interior_warm,TILESET - Amur-Inn_Pub.png,2,2
1416,88,8,interior_warm,TILESET - Tozus-Inn_ItemShop.png,2,2
1417,88,9,interior_warm,TILESET - Inn_ItemShop.png,3,7
1418,88,10,interior_warm,TILESET - Village_of_Gysahl-Inn_ItemShop.png,3,7
1419,88,11,interior_warm,TILESET - Goldor_Manor1_1.png,0,8
1420,88,12,interior_warm,TILESET - Dragons_Peak.png,5,6
1421,88,13,interior_warm,TILESET - Goldor_Manor1_1.png,4,14
1422,88,14,interior_warm,TILESET - Castle_Argus.png,7,6
1423,88,15,interior_warm,TILESET - Dragons_Peak.png,4,14
1424,89,0,interior_warm,TILESET - Castle_Argus-Tower.png,0,13
1425,89,1,interior_warm,TILESET - Saronia_Catacombs3.png,0,13
1426,89,2,interior_warm,TILESET - Canaan-Shrine.png,1,14
1427,89,3,interior_warm,TILESET - Canaan-Shrine.png,1,6
1428,89,4,interior_warm,TILESET - Saronia_Castle2.png,0,13
1429,89,5,interior_warm,TILESET - Bahamuts_Nest.png,5,8
1430,89,6,interior_warm,TILESET - Goldor_Manor1_1.png,0,4
1431,89,7,interior_warm,TILESET - Ur_EldersHouse.png,7,11
1432,89,8,interior_warm,TILESET - Castle_Argus3F.png,2,4
1433,89,9,interior_warm,TILESET - Goldor_Manor1_1.png,2,8
1434,89,10,interior_warm,TILESET - Ancients_Maze1.png,0,0
1435,89,11,interior_warm,TILESET - Bahamuts_Nest.png,4,15
1436,89,12,interior_warm,TILESET - Mythril_Mine.png,3,10
1437,89,13,interior_warm,TILESET - Cave_of_Tides1.png,3,10
1438,89,14,interior_warm,TILESET - Ancients_Maze1.png,3,10
1439,89,15,interior_warm,TILESET - Cave_of_Shadows3_2.png,3,10
1440,90,0,interior_warm,TILESET - Ancient_Ruins1.png,3,10
1441,90,1,interior_warm,TILESET - Alter Cave.png,3,10
1442,90,2,interior_warm,TILESET - Ur_EldersHouse.png,3,4
1443,90,3,interior_warm,TILESET - Canaan-CidHouse_2F.png,3,4
1444,90,4,interior_warm,TILESET - Canaan-CidHouse_2F.png,3,7
1445,90,5,interior_warm,TILESET - Ur_EldersHouse.png,3,7
1446,90,6,interior_warm,TILESET - Ancient_Ruins1.png,3,11
1447,90,7,interior_warm,TILESET - Cave_of_Shadows3_2.png,3,11
1448,90,8,interior_warm,TILESET - Ancients_Maze1.png,3,11
1449,90,9,interior_warm,TILESET - Cave_of_the_Circle1.png,3,11
1450,90,10,interior_warm,TILESET - Cave_of_Tides1.png,3,11
1451,90,11,interior_warm,TILESET - Vikings_Cove-1.png,3,7
1452,90,12,interior_warm,TILESET - Amur-Shrine.png,3,7
1453,90,13,interior_warm,TILESET - Gulgan_Gulch1.png,3,7
1454,90,14,interior_warm,TILESET - Gulgan_Gulch1.png,3,4
1455,90,15,interior_warm,TILESET - Amur-Shrine.png,3,4
1456,91,0,interior_warm,TILESET - Canaan-NobleHouse.png,2,6
1457,91,1,interior_warm,TILESET - Molten_CaveB1.png,1,4
1458,91,2,interior_warm,TILESET - Bahamuts_Nest.png,4,12
1459,91,3,interior_warm,TILESET - Vikings_Cove-1.png,0,4
1460,91,4,interior_warm,TILESET - Amur-ArmorShop.png,1,13
1461,91,5,interior_warm,TILESET - Goldor_Manor1_1.png,4,6
1462,91,6,interior_warm,TILESET - Goldor_Manor1_1.png,3,9
1463,91,7,interior_warm,TILESET - Tozus-Magic_WeaponShop.png,1,13
1464,91,8,interior_warm,TILESET - The_Invincible.png,3,0
1465,91,9,interior_warm,TILESET - Goldor_Manor1_1.png,2,3
1466,91,10,interior_warm,TILESET - Goldor_Manor1_1.png,0,14
1467,91,11,interior_warm,TILESET - Goldor_Manor1_1.png,3,4
1468,91,12,interior_warm,TILESET - Goldor_Manor1_1.png,3,5
1469,91,13,interior_warm,TILESET - Bahamuts_Nest.png,4,13
1470,91,14,interior_warm,TILESET - Bahamuts_Nest.png,5,2
1471,91,15,interior_warm,TILESET - Wreck1.png,2,9
1472,92,0,interior_warm,TILESET - Goldor_Manor1_1.png,4,1
1473,92,1,interior_warm,TILESET - Saronia_Castle2.png,3,9
1474,92,2,interior_warm,TILESET - SealedCave.png,4,10
1475,92,3,interior_warm,TILESET - Alter Cave.png,4,10
1476,92,4,interior_warm,TILESET - Tower_of_Owen1F.png,4,10
1477,92,5,interior_warm,TILESET - Bahamuts_Nest.png,4,10
1478,92,6,interior_warm,TILESET - Ancients_Maze1.png,4,10
1479,92,7,interior_warm,TILESET - Molten_CaveB1.png,4,10
1480,92,8,interior_warm,TILESET - Castle_Argus-Tower.png,4,10
1481,92,9,interior_warm,TILESET - Dragons_Peak.png,4,10
1482,92,10,interior_warm,TILESET - The_Invincible.png,4,10
1483,92,11,interior_warm,TILESET - Ancients_Maze1.png,4,11
1484,92,12,interior_warm,TILESET - Subterranean_Lake1.png,3,0
1485,92,13,interior_warm,TILESET - Castle_Argus.png,3,3
1486,92,14,interior_warm,TILESET - Castle_Argus.png,0,11
1487,92,15,interior_warm,TILESET - Saronia_Catacombs3.png,1,11
1488,93,0,interior_warm,TILESET - Castle_Sasune_Inner2.png,1,11
1489,93,1,interior_warm,TILESET - Castle_Sasune_Inner.png,3,7
1490,93,2,interior_warm,TILESET - Castle_Sasune_Inner2.png,3,14
1491,93,3,interior_warm,TILESET - Castle_Sasune_Inner2.png,7,10
1492,93,4,interior_warm,TILESET - Saronia_Catacombs3.png,3,14
1493,93,5,interior_warm,TILESET - The_Invincible.png,0,0
1494,93,6,interior_warm,TILESET - Goldor_Manor1_1.png,3,3
1495,93,7,interior_warm,TILESET - Tower_of_Owen1F.png,4,3
1496,93,8,interior_warm,TILESET - Molten_CaveB1.png,1,2
1497,93,9,interior_warm,TILESET - Canaan.png,7,0
1498,93,10,interior_warm,TILESET - Canaan.png,7,1
1499,93,11,interior_warm,TILESET - Tower_of_Owen11F.png,7,12
1500,93,12,interior_warm,TILESET - Mythril_Mine.png,3,3
1501,93,13,interior_warm,TILESET - Cave_of_Shadows3_2.png,3,3
1502,93,14,interior_warm,TILESET - Ancient_Ruins1.png,3,3
1503,93,15,interior_warm,TILESET - Alter Cave.png,3,3
1504,94,0,interior_warm,TILESET - Cave_of_the_Circle1.png,3,3
1505,94,1,interior_warm,TILESET - Cave_of_Tides1.png,3,3
1506,94,2,interior_warm,TILESET - Molten_CaveB1.png,0,14
1507,94,3,interior_warm,TILESET - Alter Cave.png,0,14
1508,94,4,interior_warm,TILESET - Mythril_Mine.png,2,1
1509,94,5,interior_warm,TILESET - Alter Cave.png,2,1
1510,94,6,interior_warm,TILESET - Ancient_Ruins1.png,2,1
1511,94,7,interior_warm,TILESET - Cave_of_Shadows3_2.png,2,1
1512,94,8,interior_warm,TILESET - Ur_Shed.png,1,13
1513,94,9,interior_warm,TILESET - Canaan-Inn_ItemShop.png,0,7
1514,94,10,interior_warm,TILESET - Cave_of_Tides1.png,2,1
1515,94,11,interior_warm,TILESET - Ur_EldersHouse.png,1,5
1516,94,12,interior_warm,TILESET - Canaan-CidHouse_2F.png,1,5
1517,94,13,interior_warm,TILESET - Canaan-CidHouse_2F.png,0,8
1518,94,14,interior_warm,TILESET - Shop_1.png,6,0
1519,94,15,interior_warm,TILESET - Canaan-NobleHouse.png,6,0
1520,95,0,interior_warm,TILESET - Tower_of_Owen10F.png,3,10
1521,95,1,interior_warm,TILESET - SealedCave.png,0,1
1522,95,2,interior_warm,TILESET - Alter Cave.png,0,1
1523,95,3,interior_warm,TILESET - Tower_of_Owen10F.png,1,6
1524,95,4,interior_warm,TILESET - Tower_of_Owen10F.png,2,7
1525,95,5,interior_warm,TILESET - Cave_of_the_Circle1.png,1,12
1526,95,6,interior_warm,TILESET - Cave_of_Tides1.png,1,12
1527,95,7,interior_warm,TILESET - Mythril_Mine.png,1,12
1528,95,8,interior_warm,TILESET - Ancient_Ruins1.png,1,12
1529,95,9,interior_warm,TILESET - Canaan-Shrine.png,3,3
1530,95,10,interior_warm,TILESET - Alter Cave.png,0,2
1531,95,11,interior_warm,TILESET - Molten_CaveB1.png,0,13
1532,95,12,interior_warm,TILESET - Tower_of_Owen10F.png,3,12
1533,95,13,interior_warm,TILESET - Tower_of_Owen10F.png,3,14
1534,95,14,interior_warm,TILESET - Tower_of_Owen10F.png,3,13
1535,95,15,interior_warm,TILESET - Canaan-CidHouse_2F.png,7,9
1536,96,0,interior_warm,TILESET - Canaan-CidHouse_2F.png,0,9
1537,96,1,interior_warm,TILESET - Subterranean_Lake1.png,3,1
1538,96,2,interior_warm,TILESET - Alter Cave.png,1,11
1539,96,3,interior_warm,TILESET - SealedCave.png,1,11
1540,96,4,interior_warm,TILESET - Saronia_NorthWest-Library.png,3,6
1541,96,5,interior_warm,TILESET - Amur-House.png,3,6
1542,96,6,interior_warm,TILESET - Canaan-CidHouse_1F.png,3,6
1543,96,7,interior_warm,TILESET - Tower_of_Owen1F.png,1,4
1544,96,8,interior_warm,TILESET - Cave_of_the_Circle1.png,3,1
1545,96,9,interior_warm,TILESET - Ancient_Ruins1.png,3,1
1546,96,10,interior_warm,TILESET - Alter Cave.png,3,1
1547,96,11,interior_warm,TILESET - Mythril_Mine.png,3,1
1548,96,12,interior_warm,TILESET - Tower_of_Owen10F.png,2,10
1549,96,13,interior_warm,TILESET - Tozus-Inn_ItemShop.png,3,3
1550,96,14,interior_warm,TILESET - Dragons_Peak.png,2,13
1551,96,15,interior_warm,TILESET - Dragons_Peak.png,0,7
1552,97,0,interior_warm,TILESET - Vikings_Cove-1.png,2,8
1553,97,1,interior_warm,TILESET - Ur_EldersHouse.png,0,6
1554,97,2,interior_warm,TILESET - Canaan-CidHouse_2F.png,0,6
1555,97,3,interior_warm,TILESET - Dwarven_HollowB1_B2.png,1,6
1556,97,4,interior_warm,TILESET - Amur-Shrine.png,1,6
1557,97,5,interior_warm,TILESET - Gulgan_Gulch1.png,1,6
1558,97,6,interior_warm,TILESET - Molten_CaveB1.png,1,5
1559,97,7,interior_warm,TILESET - Saronia_NorthWest-Library.png,1,13
1560,97,8,interior_warm,TILESET - Canaan-Shrine.png,1,13
1561,97,9,interior_warm,TILESET - Castle_Argus.png,5,1
1562,97,10,interior_warm,TILESET - Castle_Argus.png,1,15
1563,97,11,interior_warm,TILESET - Cave_of_the_Circle1.png,2,1
1564,97,12,interior_warm,TILESET - Castle_Argus.png,0,7
1565,97,13,interior_warm,TILESET - Castle_Argus.png,3,12
1566,97,14,interior_warm,TILESET - Castle_Argus.png,3,13
1567,97,15,interior_warm,TILESET - Castle_Argus.png,0,8
1568,98,0,interior_warm,TILESET - Airship.png,0,11
1569,98,1,interior_warm,TILESET - Castle_Argus.png,2,8
1570,98,2,interior_warm,TILESET - Castle_Argus.png,1,6
1571,98,3,interior_warm,TILESET - Subterranean_Lake1.png,1,5
1572,98,4,interior_warm,TILESET - Canaan-Inn_ItemShop.png,2,2
1573,98,5,interior_warm,TILESET - Ancients_Maze1.png,0,2
1574,98,6,interior_warm,TILESET - Canaan-NobleHouse.png,2,1
1575,98,7,interior_warm,TILESET - Eureka_B6.png,3,2
1576,98,8,interior_warm,TILESET - Goldor_Manor1_1.png,2,13
1577,98,9,interior_warm,TILESET - The_Invincible.png,1,5
1578,98,10,interior_warm,TILESET - Canaan.png,7,14
1579,98,11,interior_warm,TILESET - Inn_ItemShop.png,5,3
1580,98,12,interior_warm,TILESET - Canaan-Inn_ItemShop.png,0,14
1581,98,13,interior_warm,TILESET - Retrieval_Forest.png,6,9
1582,98,14,interior_warm,TILESET - Chocobos_Forest.png,6,9
1583,98,15,interior_warm,TILESET - Bahamuts_Nest.png,6,9
1584,99,0,interior_warm,TILESET - Dragons_Peak.png,6,9
1585,99,1,interior_warm,TILESET - Dwarven_HollowB1_B2.png,0,9
1586,99,2,interior_warm,TILESET - Tower_of_Owen10F.png,2,9
1587,99,3,interior_warm,TILESET - Ur_Shed.png,3,6
1588,99,4,interior_warm,TILESET - Dwarven_HollowB1_B2.png,0,8
1589,99,5,interior_warm,TILESET - Amur-Shrine.png,0,8
1590,99,6,interior_warm,TILESET - Saronia_NorthWest-Library.png,3,9
1591,99,7,interior_warm,TILESET - Amur-House.png,3,9
1592,99,8,interior_warm,TILESET - Ur_Shed.png,3,9
1593,99,9,interior_warm,TILESET - Chocobos_Forest.png,1,1
1594,99,10,interior_warm,TILESET - Vikings_Cove-1.png,0,9
1595,99,11,interior_warm,TILESET - Castle_Argus.png,5,3
1596,99,12,interior_warm,TILESET - Castle_Argus.png,1,11
1597,99,13,interior_warm,TILESET - Canaan-NobleHouse.png,7,12
1598,99,14,interior_warm,TILESET - Castle_Argus.png,1,7
1599,99,15,interior_warm,TILESET - Tower_of_Owen1F.png,0,0
1600,100,0,interior_warm,TILESET - Ur.png,5,12
1601,100,1,interior_warm,TILESET - Tozus.png,1,0
1602,100,2,interior_warm,TILESET - Amur.png,1,11
1603,100,3,interior_warm,TILESET - Canaan.png,1,11
1604,100,4,interior_warm,TILESET - Canaan.png,1,10
1605,100,5,interior_warm,TILESET - Tower_of_Owen10F.png,2,1
1606,100,6,interior_warm,TILESET - Tower_of_Owen1F.png,0,14
1607,100,7,interior_warm,TILESET - Tower_of_Owen11F.png,2,1
1608,100,8,interior_warm,TILESET - Falgabard-Inn_ItemShop.png,3,7
1609,100,9,interior_warm,TILESET - Falgabard.png,4,6
1610,100,10,interior_warm,TILESET - Saronia_Castle2.png,7,12
1611,100,11,interior_warm,TILESET - Gulgan_Gulch1.png,7,12
1612,100,12,interior_warm,TILESET - Castle_Argus3F.png,7,12
1613,100,13,interior_warm,TILESET - Amur-Shrine.png,7,12
1614,100,14,interior_warm,TILESET - The_Invincible.png,7,12
1615,100,15,interior_warm,TILESET - Wreck1.png,7,12
1616,101,0,interior_warm,TILESET - Amur.png,1,9
1617,101,1,interior_warm,TILESET - Kazus.png,1,9
1618,101,2,interior_warm,TILESET - Canaan.png,1,9
1619,101,3,interior_warm,TILESET - Tozus.png,1,2
1620,101,4,interior_warm,TILESET - Wreck1.png,1,12
1621,101,5,interior_warm,TILESET - The_Invincible.png,1,12
1622,101,6,interior_warm,TILESET - Airship.png,1,12
1623,101,7,interior_warm,TILESET - Airship.png,2,15
1624,101,8,interior_warm,TILESET - Canaan-NobleHouse.png,3,12
1625,101,9,interior_warm,TILESET - Ur_Shed.png,3,12
1626,101,10,interior_warm,TILESET - Ur.png,3,15
1627,101,11,interior_warm,TILESET - Amur.png,3,15
1628,101,12,interior_warm,TILESET - Amur.png,2,5
1629,101,13,interior_warm,TILESET - Canaan.png,2,5
1630,101,14,interior_warm,TILESET - Ur.png,2,5
1631,101,15,interior_warm,TILESET - Bahamuts_Nest.png,4,14
1632,102,0,interior_warm,TILESET - Bahamuts_Nest.png,5,6
1633,102,1,interior_warm,TILESET - Ur_EldersHouse.png,0,4
1634,102,2,interior_warm,TILESET - Canaan-CidHouse_2F.png,0,4
1635,102,3,interior_warm,TILESET - Dragons_Peak.png,1,12
1636,102,4,interior_warm,TILESET - Ancients_Maze1.png,1,14
1637,102,5,interior_warm,TILESET - Falgabard-Inn_ItemShop.png,1,13
1638,102,6,interior_warm,TILESET - Goldor_Manor1_1.png,1,12
1639,102,7,interior_warm,TILESET - Saronia_Castle2.png,1,11
1640,102,8,interior_warm,TILESET - Saronia_SouthEast2.png,1,11
1641,102,9,interior_warm,TILESET - Castle_Argus-Tower.png,1,11
1642,102,10,interior_warm,TILESET - Castle_Sasune_Inner.png,1,11
1643,102,11,interior_warm,TILESET - Vikings_Cove-1.png,2,3
1644,102,12,interior_warm,TILESET - Molten_CaveB1.png,4,13
1645,102,13,interior_warm,TILESET - Saronia_NorthWest-Library.png,2,7
1646,102,14,interior_warm,TILESET - Amur-House.png,2,7
1647,102,15,interior_warm,TILESET - Canaan-CidHouse_1F.png,7,9
1648,103,0,interior_warm,TILESET - Canaan-Magic_WeaponShop.png,7,9
1649,103,1,interior_warm,TILESET - Canaan-Inn_ItemShop.png,7,9
1650,103,2,interior_warm,TILESET - Castle_Argus.png,2,0
1651,103,3,interior_warm,TILESET - Saronia_Castle-Gate.png,6,0
1652,103,4,interior_warm,TILESET - Saronia_Castle-Gate.png,0,0
1653,103,5,interior_warm,TILESET - Saronia_Castle-Gate.png,2,14
1654,103,6,interior_warm,TILESET - Ancient_Ruins1.png,1,15
1655,103,7,interior_warm,TILESET - Cave_of_Shadows3_2.png,1,15
1656,103,8,interior_warm,TILESET - Eureka_B7_1.png,1,15
1657,103,9,interior_warm,TILESET - Cave_of_Tides1.png,1,15
1658,103,10,interior_warm,TILESET - Cave_of_the_Circle1.png,1,15
1659,103,11,interior_warm,TILESET - Vikings_Cove-1.png,0,8
1660,103,12,interior_warm,TILESET - Gulgan_Gulch1.png,0,8
1661,103,13,interior_warm,TILESET - Canaan-NobleHouse.png,3,4
1662,103,14,interior_warm,TILESET - Amur-House.png,3,4
1663,103,15,interior_warm,TILESET - Saronia_NorthWest-Library.png,3,4
1664,104,0,interior_warm,TILESET - Ur_Shed.png,3,4
1665,104,1,interior_warm,TILESET - Saronia_NorthWest-Library.png,2,2
1666,104,2,interior_warm,TILESET - Alter Cave.png,1,12
1667,104,3,interior_warm,TILESET - Canaan-CidHouse_1F.png,3,5
1668,104,4,interior_warm,TILESET - Canaan-Shrine.png,3,5
1669,104,5,interior_warm,TILESET - Saronia_NorthWest-Library.png,3,5
1670,104,6,interior_warm,TILESET - Amur-House.png,3,5
1671,104,7,interior_warm,TILESET - Ur_Shed.png,3,5
1672,104,8,interior_warm,TILESET - Canaan-NobleHouse.png,3,6
1673,104,9,interior_warm,TILESET - Canaan-Shrine.png,3,6
1674,104,10,interior_warm,TILESET - Canaan-CidHouse_1F.png,3,9
1675,104,11,interior_warm,TILESET - Canaan-Shrine.png,3,9
1676,104,12,interior_warm,TILESET - Canaan-NobleHouse.png,3,9
1677,104,13,interior_warm,TILESET - Tower_of_Owen10F.png,3,0
1678,104,14,interior_warm,TILESET - Tower_of_Owen10F.png,3,15
1679,104,15,interior_warm,TILESET - Sewers1.png,2,13
1680,105,0,interior_warm,TILESET - Castle_Argus.png,0,13
1681,105,1,interior_warm,TILESET - Castle_Argus.png,3,2
1682,105,2,interior_warm,TILESET - Dragons_Peak.png,1,1
1683,105,3,interior_warm,TILESET - Canaan-CidHouse_2F.png,0,12
1684,105,4,interior_warm,TILESET - Dragons_Peak.png,0,12
1685,105,5,interior_warm,TILESET - Ur_EldersHouse.png,1,14
1686,105,6,interior_warm,TILESET - Vikings_Cove-1.png,1,6
1687,105,7,interior_warm,TILESET - Dwarven_HollowB1_B2.png,1,5
1688,105,8,interior_warm,TILESET - Amur-Shrine.png,1,5
1689,105,9,interior_warm,TILESET - Gulgan_Gulch1.png,1,5
1690,105,10,interior_warm,TILESET - Amur.png,4,2
1691,105,11,interior_warm,TILESET - Falgabard-Inn_ItemShop.png,0,7
1692,105,12,interior_warm,TILESET - Tozus-Magic_WeaponShop.png,0,6
1693,105,13,interior_warm,TILESET - Tozus-Inn_ItemShop.png,0,6
1694,105,14,interior_warm,TILESET - Tozus-Magic_WeaponShop.png,0,8
1695,105,15,interior_warm,TILESET - Tozus-Inn_ItemShop.png,0,8
1696,106,0,interior_warm,TILESET - Amur-House.png,1,13
1697,106,1,interior_warm,TILESET - Castle_Argus.png,2,3
1698,106,2,interior_warm,TILESET - Cave_of_Tides1.png,3,4
1699,106,3,interior_warm,TILESET - Ur.png,7,1
1700,106,4,interior_warm,TILESET - Canaan.png,1,3
1701,106,5,interior_warm,TILESET - Canaan.png,5,12
1702,106,6,interior_warm,TILESET - Ur.png,1,9
1703,106,7,interior_warm,TILESET - Ur.png,1,3
1704,106,8,interior_warm,TILESET - Kazus.png,1,3
1705,106,9,interior_warm,TILESET - Amur.png,1,3
1706,106,10,interior_warm,TILESET - Goldor_Manor1_1.png,2,0
1707,106,11,interior_warm,TILESET - Molten_CaveB1.png,0,4
1708,106,12,interior_warm,TILESET - Village_of_Gysahl-Inn_ItemShop.png,0,5
1709,106,13,interior_warm,TILESET - Amur-Inn_Pub.png,0,5
1710,106,14,interior_warm,TILESET - Inn_ItemShop.png,0,5
1711,106,15,interior_warm,TILESET - Tozus-Inn_ItemShop.png,0,5
1712,107,0,interior_warm,TILESET - Amur-Inn_Pub.png,3,5
1713,107,1,interior_warm,TILESET - Inn_ItemShop.png,3,5
1714,107,2,interior_warm,TILESET - Village_of_Gysahl-Inn_ItemShop.png,3,5
1715,107,3,interior_warm,TILESET - Goldor_Manor1_1.png,0,7
1716,107,4,interior_warm,TILESET - Tozus-Inn_ItemShop.png,3,5
1717,107,5,interior_warm,TILESET - Amur-Inn_Pub.png,3,8
1718,107,6,interior_warm,TILESET - Tozus-Inn_ItemShop.png,3,8
1719,107,7,interior_warm,TILESET - Inn_ItemShop.png,3,8
1720,107,8,interior_warm,TILESET - Amur-Inn_Pub.png,2,1
1721,107,9,interior_warm,TILESET - Vikings_Cove-1.png,3,8
1722,107,10,interior_warm,TILESET - Ancients_Maze1.png,0,11
1723,107,11,interior_warm,TILESET - Inn_ItemShop.png,7,12
1724,107,12,interior_warm,TILESET - Dwarven_HollowB1_B2.png,1,15
1725,107,13,interior_warm,TILESET - Ur.png,1,10
1726,107,14,interior_warm,TILESET - Cave_of_Tides1.png,2,5
1727,107,15,interior_warm,TILESET - Cave_of_the_Circle1.png,2,5
1728,108,0,interior_warm,TILESET - Mythril_Mine.png,2,5
1729,108,1,interior_warm,TILESET - Alter Cave.png,2,5
1730,108,2,interior_warm,TILESET - Goldor_Manor1_1.png,5,8
1731,108,3,interior_warm,TILESET - Goldor_Manor1_1.png,1,7
1732,108,4,interior_warm,TILESET - The_Invincible.png,1,6
1733,108,5,interior_warm,TILESET - The_Invincible.png,2,10
1734,108,6,interior_warm,TILESET - Castle_Argus.png,3,11
1735,108,7,interior_warm,TILESET - Castle_Argus.png,0,1
1736,108,8,interior_warm,TILESET - Shop_1.png,1,13
1737,108,9,interior_warm,TILESET - Inn_ItemShop.png,1,13
1738,108,10,interior_warm,TILESET - Goldor_Manor1_1.png,3,6
1739,108,11,interior_warm,TILESET - Amur-Shrine.png,0,4
1740,108,12,interior_warm,TILESET - Gulgan_Gulch1.png,0,4
1741,108,13,interior_warm,TILESET - Canaan.png,3,15
1742,108,14,interior_warm,TILESET - Bahamuts_Nest.png,5,1
1743,108,15,interior_warm,TILESET - Canaan-ArmorShop.png,2,7
1744,109,0,interior_warm,TILESET - Canaan-Magic_WeaponShop.png,2,7
1745,109,1,interior_warm,TILESET - Amur-ArmorShop.png,2,7
1746,109,2,interior_warm,TILESET - Amur-Magic_WeaponShop.png,2,7
1747,109,3,interior_warm,TILESET - Castle_Sasune_Inner.png,0,13
1748,109,4,interior_warm,TILESET - Goldor_Manor1_1.png,4,13
1749,109,5,interior_warm,TILESET - Village_of_Gysahl-Inn_ItemShop.png,2,1
1750,109,6,interior_warm,TILESET - Village_of_Gysahl-Inn_ItemShop.png,3,8
1751,109,7,interior_warm,TILESET - Amur-Inn_Pub.png,3,7
1752,109,8,interior_warm,TILESET - Tozus-Inn_ItemShop.png,3,7
1753,109,9,interior_warm,TILESET - Canaan.png,7,5
1754,109,10,interior_warm,TILESET - Tozus.png,1,1
1755,109,11,interior_warm,TILESET - Amur.png,1,2
1756,109,12,interior_warm,TILESET - Kazus.png,1,2
1757,109,13,interior_warm,TILESET - Amur.png,1,0
1758,109,14,interior_warm,TILESET - Cave_of_Shadows3_2.png,2,5
1759,109,15,interior_warm,TILESET - Ancient_Ruins1.png,2,5
1760,110,0,interior_warm,TILESET - Molten_CaveB1.png,0,10
1761,110,1,interior_warm,TILESET - Canaan-CidHouse_2F.png,1,15
1762,110,2,interior_warm,TILESET - The_Invincible.png,0,11
1763,110,3,interior_warm,TILESET - Wreck1.png,0,11
1764,110,4,interior_warm,TILESET - Goldor_Manor1_1.png,1,4
1765,110,5,interior_warm,TILESET - Goldor_Manor1_1.png,5,3
1766,110,6,interior_warm,TILESET - Village_of_Gysahl-Inn_ItemShop.png,2,2
1767,110,7,interior_warm,TILESET - Canaan-Inn_ItemShop.png,3,8
1768,110,8,interior_warm,TILESET - Canaan-NobleHouse.png,7,0
1769,110,9,interior_warm,TILESET - Dragons_Peak.png,0,13
1770,110,10,interior_warm,TILESET - Ur_Shed.png,3,8
1771,110,11,interior_warm,TILESET - Amur-House.png,3,8
1772,110,12,interior_warm,TILESET - Saronia_NorthWest-Library.png,3,8
1773,110,13,interior_warm,TILESET - Canaan-CidHouse_1F.png,3,8
1774,110,14,interior_warm,TILESET - Canaan-Shrine.png,3,8
1775,110,15,interior_warm,TILESET - Canaan-NobleHouse.png,3,8
1776,111,0,interior_warm,TILESET - Saronia_NorthWest-Library.png,3,7
1777,111,1,interior_warm,TILESET - Canaan-NobleHouse.png,3,5
1778,111,2,interior_warm,TILESET - Tower_of_Owen10F.png,1,12
1779,111,3,interior_warm,TILESET - Sewers1.png,1,0
1780,111,4,interior_warm,TILESET - Sewers1.png,1,1
1781,111,5,interior_warm,TILESET - Cave_of_Shadows1_1.png,7,4
1782,111,6,interior_warm,TILESET - Canaan-CidHouse_2F.png,0,7
1783,111,7,interior_warm,TILESET - Canaan-CidHouse_2F.png,7,8
1784,111,8,interior_warm,TILESET - Vikings_Cove-1.png,0,7
1785,111,9,interior_warm,TILESET - Vikings_Cove-1.png,0,6
1786,111,10,interior_warm,TILESET - Dwarven_HollowB1_B2.png,0,6
1787,111,11,interior_warm,TILESET - Amur-Shrine.png,0,6
1788,111,12,interior_warm,TILESET - Gulgan_Gulch1.png,0,6
1789,111,13,interior_warm,TILESET - Dwarven_HollowB1_B2.png,2,8
1790,111,14,interior_warm,TILESET - Canaan-CidHouse_2F.png,2,8
1791,111,15,interior_warm,TILESET - Vikings_Cove-1.png,1,14
1792,112,0,interior_warm,TILESET - Dwarven_HollowB1_B2.png,1,14
1793,112,1,interior_warm,TILESET - Amur-Shrine.png,1,14
1794,112,2,interior_warm,TILESET - Gulgan_Gulch1.png,1,14
1795,112,3,interior_warm,TILESET - Gulgan_Gulch1.png,4,0
1796,112,4,interior_warm,TILESET - Saronia_NorthWest-Library.png,4,0
1797,112,5,interior_warm,TILESET - Amur-House.png,4,0
1798,112,6,interior_warm,TILESET - Canaan-CidHouse_1F.png,4,0
1799,112,7,interior_warm,TILESET - Canaan-Shrine.png,4,0
1800,112,8,interior_warm,TILESET - Canaan-NobleHouse.png,4,0
1801,112,9,interior_warm,TILESET - Ur_Shed.png,4,0
1802,112,10,interior_warm,TILESET - Ur_EldersHouse.png,4,0
1803,112,11,interior_warm,TILESET - Amur-Shrine.png,4,0
1804,112,12,interior_warm,TILESET - Canaan-CidHouse_2F.png,3,15
1805,112,13,interior_warm,TILESET - Tozus-Inn_ItemShop.png,2,3
1806,112,14,interior_warm,TILESET - Inn_ItemShop.png,2,3
1807,112,15,interior_warm,TILESET - Tozus-Inn_ItemShop.png,0,14
1808,113,0,interior_warm,TILESET - Canaan-Inn_ItemShop.png,7,10
1809,113,1,interior_warm,TILESET - Canaan-Inn_ItemShop.png,5,4
1810,113,2,interior_warm,TILESET - Ancients_Maze1.png,0,10
1811,113,3,interior_warm,TILESET - Cave_of_Shadows1_1.png,3,1
1812,113,4,interior_warm,TILESET - Canaan-NobleHouse.png,2,8
1813,113,5,interior_warm,TILESET - Dragons_Peak.png,0,11
1814,113,6,interior_warm,TILESET - Eureka_B6.png,1,6
1815,113,7,interior_warm,TILESET - The_Invincible.png,6,9
1816,113,8,interior_warm,TILESET - Wreck1.png,6,9
1817,113,9,interior_warm,TILESET - Ancients_Maze1.png,2,13
1818,113,10,interior_warm,TILESET - Tower_of_Owen10F.png,1,14
1819,113,11,interior_warm,TILESET - Canaan-Inn_ItemShop.png,0,15
1820,113,12,interior_warm,TILESET - Village_of_Gysahl-Inn_ItemShop.png,0,15
1821,113,13,interior_warm,TILESET - Tozus-Magic_WeaponShop.png,3,4
1822,113,14,interior_warm,TILESET - The_Invincible.png,3,10
1823,113,15,interior_warm,TILESET - Wreck1.png,3,10
1824,114,0,interior_warm,TILESET - Molten_CaveB1.png,0,0
1825,114,1,interior_warm,TILESET - Castle_Argus.png,2,9
1826,114,2,interior_warm,TILESET - Ur.png,1,11
1827,114,3,interior_warm,TILESET - Kazus.png,1,11
1828,114,4,interior_warm,TILESET - Tozus.png,1,11
1829,114,5,interior_warm,TILESET - Ur.png,1,0
1830,114,6,interior_warm,TILESET - Kazus.png,1,0
1831,114,7,interior_warm,TILESET - Ur.png,1,2
1832,114,8,interior_warm,TILESET - Sewers1.png,2,7
1833,114,9,interior_warm,TILESET - Canaan-Inn_ItemShop.png,3,4
1834,114,10,interior_warm,TILESET - Canaan-Inn_ItemShop.png,3,5
1835,114,11,interior_warm,TILESET - Inn_ItemShop.png,2,2
1836,114,12,interior_warm,TILESET - The_Invincible.png,3,3
1837,114,13,interior_warm,TILESET - Wreck1.png,3,3
1838,114,14,interior_warm,TILESET - Tozus-Magic_WeaponShop.png,2,8
1839,114,15,interior_warm,TILESET - Canaan-CidHouse_1F.png,2,8
1840,115,0,interior_warm,TILESET - Dwarven_HollowB1_B2.png,2,12
1841,115,1,interior_warm,TILESET - Dwarven_HollowB1_B2.png,0,7
1842,115,2,interior_warm,TILESET - Alter Cave.png,7,4
1843,115,3,interior_warm,TILESET - Alter Cave.png,6,12
1844,115,4,interior_warm,TILESET - Falgabard.png,2,8
1845,115,5,interior_warm,TILESET - Canaan-Inn_ItemShop.png,2,3
1846,115,6,interior_warm,TILESET - Ancient_Ruins1.png,2,10
1847,115,7,interior_warm,TILESET - Cave_of_Shadows3_2.png,2,10
1848,115,8,interior_warm,TILESET - Canaan-Inn_ItemShop.png,3,7
1849,115,9,interior_warm,TILESET - Goldor_Manor1_1.png,5,6
1850,115,10,interior_warm,TILESET - Ancients_Maze1.png,6,7
1851,115,11,interior_warm,TILESET - Amur-Inn_Pub.png,3,12
1852,115,12,interior_warm,TILESET - Canaan-Inn_ItemShop.png,3,6
1853,115,13,interior_warm,TILESET - Tozus-Magic_WeaponShop.png,0,9
1854,115,14,interior_warm,TILESET - Falgabard-Inn_ItemShop.png,0,9
1855,115,15,interior_warm,TILESET - Amur-House.png,0,15
1856,116,0,interior_warm,TILESET - Saronia_NorthWest-Library.png,0,15
1857,116,1,interior_warm,TILESET - Saronia_NorthWest-Library.png,2,3
1858,116,2,interior_warm,TILESET - Airship.png,2,13
1859,116,3,interior_warm,TILESET - Bahamuts_Nest.png,7,1
1860,116,4,interior_warm,TILESET - Tozus-Inn_ItemShop.png,3,6
1861,116,5,interior_warm,TILESET - Amur-Inn_Pub.png,3,6
1862,116,6,interior_warm,TILESET - Canaan-Inn_ItemShop.png,2,7
1863,116,7,interior_warm,TILESET - Tozus-Inn_ItemShop.png,2,7
1864,116,8,interior_warm,TILESET - Amur-Inn_Pub.png,2,7
1865,116,9,interior_warm,TILESET - Inn_ItemShop.png,2,7
1866,116,10,interior_warm,TILESET - Castle_Argus.png,5,6
1867,116,11,interior_warm,TILESET - Wreck1.png,1,6
1868,116,12,interior_warm,TILESET - Airship.png,1,6
1869,116,13,interior_warm,TILESET - Airship.png,2,10
1870,116,14,interior_warm,TILESET - Wreck1.png,2,10
1871,116,15,interior_warm,TILESET - Airship.png,2,9
1872,117,0,interior_warm,TILESET - The_Invincible.png,2,9
1873,117,1,interior_warm,TILESET - Ancients_Maze1.png,4,3
1874,117,2,interior_warm,TILESET - Canaan-Inn_ItemShop.png,1,15
1875,117,3,interior_warm,TILESET - Goldor_Manor1_1.png,6,7
1876,117,4,interior_warm,TILESET - Molten_CaveB1.png,3,2
1877,117,5,interior_warm,TILESET - Amur-Inn_Pub.png,3,9
1878,117,6,interior_warm,TILESET - Tozus-Inn_ItemShop.png,3,9
1879,117,7,interior_warm,TILESET - Inn_ItemShop.png,3,9
1880,117,8,interior_warm,TILESET - Village_of_Gysahl-Inn_ItemShop.png,3,9
1881,117,9,interior_warm,TILESET - Inn_ItemShop.png,3,6
1882,117,10,interior_warm,TILESET - Goldor_Manor1_1.png,3,0
1883,117,11,interior_warm,TILESET - Ancients_Maze1.png,2,12
1884,117,12,interior_warm,TILESET - Ancients_Maze1.png,3,13
1885,117,13,interior_warm,TILESET - Ancients_Maze1.png,3,14
1886,117,14,interior_warm,TILESET - Amur-Shrine.png,3,6
1887,117,15,interior_warm,TILESET - The_Invincible.png,0,14
1888,118,0,interior_warm,TILESET - Gulgan_Gulch1.png,0,7
1889,118,1,interior_warm,TILESET - Dragons_Peak.png,2,1
1890,118,2,interior_warm,TILESET - Village_of_Gysahl-Inn_ItemShop.png,2,3
1891,118,3,interior_warm,TILESET - Eureka_B7_1.png,2,10
1892,118,4,interior_warm,TILESET - Amur.png,7,14
1893,118,5,interior_warm,TILESET - Saronia_Castle-Gate.png,6,2
1894,118,6,interior_warm,TILESET - Amur.png,2,6
1895,118,7,interior_warm,TILESET - Goldor_Manor1_1.png,0,11
1896,118,8,interior_warm,TILESET - Dragons_Peak.png,1,15
1897,118,9,interior_warm,TILESET - The_Invincible.png,2,5
1898,118,10,interior_warm,TILESET - Wreck1.png,2,5
1899,118,11,interior_warm,TILESET - Mythril_Mine.png,3,11
1900,118,12,interior_warm,TILESET - Alter Cave.png,3,11
1901,118,13,interior_warm,TILESET - Amur-House.png,2,6
1902,118,14,interior_warm,TILESET - Saronia_NorthWest-Library.png,2,6
1903,118,15,interior_warm,TILESET - Canaan-CidHouse_1F.png,2,6
1904,119,0,interior_warm,TILESET - Canaan-Shrine.png,2,6
1905,119,1,interior_warm,TILESET - Dragons_Peak.png,1,13
1906,119,2,interior_warm,TILESET - Bahamuts_Nest.png,5,7
1907,119,3,interior_warm,TILESET - Goldor_Manor1_1.png,6,1
1908,119,4,interior_warm,TILESET - Goldor_Manor1_1.png,1,11
1909,119,5,interior_warm,TILESET - Castle_Argus-Tower.png,1,12
1910,119,6,interior_warm,TILESET - Castle_Argus-Tower.png,1,14
1911,119,7,interior_warm,TILESET - Castle_Sasune_Inner.png,1,10
1912,119,8,interior_warm,TILESET - Saronia_Castle5.png,1,10
1913,119,9,interior_warm,TILESET - Castle_Argus3F.png,0,8
1914,119,10,interior_warm,TILESET - Saronia_Castle2.png,0,8
1915,119,11,interior_warm,TILESET - The_Invincible.png,2,1
1916,119,12,interior_warm,TILESET - Wreck1.png,2,1
1917,119,13,interior_warm,TILESET - Tozus-Inn_ItemShop.png,3,12
1918,119,14,interior_warm,TILESET - Village_of_Gysahl-Inn_ItemShop.png,3,12
1919,119,15,interior_warm,TILESET - Airship.png,0,2
1920,120,0,interior_warm,TILESET - Wreck1.png,3,1
1921,120,1,interior_warm,TILESET - The_Invincible.png,3,1
1922,120,2,interior_warm,TILESET - Airship.png,3,1
1923,120,3,interior_warm,TILESET - Dragons_Peak.png,3,0
1924,120,4,interior_warm,TILESET - Bahamuts_Nest.png,1,4
1925,120,5,interior_warm,TILESET - Bahamuts_Nest.png,4,3
1926,120,6,interior_warm,TILESET - Ancients_Maze1.png,4,9
1927,120,7,interior_warm,TILESET - Tower_of_Owen1F.png,4,9
1928,120,8,interior_warm,TILESET - Castle_Argus-Tower.png,4,9
1929,120,9,interior_warm,TILESET - SealedCave.png,4,9
1930,120,10,interior_warm,TILESET - Alter Cave.png,4,9
1931,120,11,interior_warm,TILESET - Bahamuts_Nest.png,4,9
1932,120,12,interior_warm,TILESET - Molten_CaveB1.png,4,9
1933,120,13,interior_warm,TILESET - Dragons_Peak.png,4,9
1934,120,14,interior_warm,TILESET - Castle_Argus.png,0,10
1935,120,15,interior_warm,TILESET - Castle_Argus.png,2,15
1936,121,0,interior_warm,TILESET - Castle_Argus.png,3,10
1937,121,1,interior_warm,TILESET - Goldor_Manor1_1.png,4,10
1938,121,2,interior_warm,TILESET - Canaan-ArmorShop.png,1,15
1939,121,3,interior_warm,TILESET - Canaan-Magic_WeaponShop.png,1,15
1940,121,4,interior_warm,TILESET - Village_of_Gysahl-Inn_ItemShop.png,3,6
1941,121,5,interior_warm,TILESET - Bahamuts_Nest.png,1,11
1942,121,6,interior_warm,TILESET - Dragons_Peak.png,4,12
1943,121,7,interior_warm,TILESET - Dragons_Peak.png,5,1
1944,121,8,interior_warm,TILESET - Dragons_Peak.png,5,7
1945,121,9,interior_warm,TILESET - Goldor_Manor1_1.png,5,7
1946,121,10,interior_warm,TILESET - Ancients_Maze1.png,2,4
1947,121,11,interior_warm,TILESET - Alter Cave.png,1,4
1948,121,12,interior_warm,TILESET - SealedCave.png,1,4
1949,121,13,interior_warm,TILESET - Goldor_Manor1_1.png,3,8
1950,121,14,interior_warm,TILESET - Goldor_Manor1_1.png,1,0
1951,121,15,interior_warm,TILESET - Goldor_Manor1_1.png,0,2
1952,122,0,interior_warm,TILESET - The_Invincible.png,0,9
1953,122,1,interior_warm,TILESET - Wreck1.png,0,9
1954,122,2,interior_warm,TILESET - The_Invincible.png,1,0
1955,122,3,interior_warm,TILESET - Wreck1.png,1,0
1956,122,4,interior_warm,TILESET - Airship.png,1,0
1957,122,5,interior_warm,TILESET - Dragons_Peak.png,5,3
1958,122,6,interior_warm,TILESET - Saronia_NorthWest-Library.png,1,6
1959,122,7,interior_warm,TILESET - Amur-House.png,1,6
1960,122,8,interior_warm,TILESET - Ur_Shed.png,1,6
1961,122,9,interior_warm,TILESET - Ur_Shed.png,1,14
1962,122,10,interior_warm,TILESET - Amur-House.png,1,14
1963,122,11,interior_warm,TILESET - Saronia_NorthWest-Library.png,1,14
1964,122,12,interior_warm,TILESET - Saronia_SouthEast2.png,3,14
1965,122,13,interior_warm,TILESET - Castle_Argus-Tower.png,3,14
1966,122,14,interior_warm,TILESET - Castle_Sasune_Inner.png,7,10
1967,122,15,interior_warm,TILESET - Castle_Sasune_Inner.png,3,14
1968,123,0,interior_warm,TILESET - Tower_of_Owen10F.png,2,11
1969,123,1,interior_warm,TILESET - Tower_of_Owen11F.png,2,11
1970,123,2,interior_warm,TILESET - Ur_EldersHouse.png,2,2
1971,123,3,interior_warm,TILESET - Dwarven_HollowB1_B2.png,2,2
1972,123,4,interior_warm,TILESET - Canaan-CidHouse_2F.png,2,2
1973,123,5,interior_warm,TILESET - Gulgan_Gulch1.png,0,15
1974,123,6,interior_warm,TILESET - Amur-Shrine.png,0,15
1975,123,7,interior_warm,TILESET - Vikings_Cove-1.png,1,15
1976,123,8,interior_warm,TILESET - Eureka_B7_1.png,3,3
1977,123,9,interior_warm,TILESET - Tozus.png,1,10
1978,123,10,interior_warm,TILESET - Amur.png,1,10
1979,123,11,interior_warm,TILESET - Kazus.png,1,10
1980,123,12,interior_warm,TILESET - Saronia_Catacombs3.png,3,7
1981,123,13,interior_warm,TILESET - Castle_Argus-Tower.png,3,7
1982,123,14,interior_warm,TILESET - Molten_CaveB1.png,4,2
1983,123,15,interior_warm,TILESET - Ancients_Maze1.png,4,2
1984,124,0,interior_warm,TILESET - Tower_of_Owen1F.png,4,2
1985,124,1,interior_warm,TILESET - Alter Cave.png,4,2
1986,124,2,interior_warm,TILESET - SealedCave.png,4,2
1987,124,3,interior_warm,TILESET - Castle_Argus-Tower.png,4,2
1988,124,4,interior_warm,TILESET - Tower_of_Owen11F.png,2,14
1989,124,5,interior_warm,TILESET - Airship.png,7,12
1990,124,6,interior_warm,TILESET - Ancients_Maze1.png,1,12
1991,124,7,interior_warm,TILESET - Subterranean_Lake1.png,0,14
1992,124,8,interior_warm,TILESET - Goldor_Manor1_1.png,1,14
1993,124,9,interior_warm,TILESET - Eureka_B6.png,7,15
1994,124,10,interior_warm,TILESET - Eureka_B6.png,6,15
1995,124,11,interior_warm,TILESET - Tower_of_Owen1F.png,1,5
1996,124,12,interior_warm,TILESET - Ur_Shed.png,3,7
1997,124,13,interior_warm,TILESET - Canaan-Shrine.png,3,7
1998,124,14,interior_warm,TILESET - Amur-House.png,2,2
1999,124,15,interior_warm,TILESET - Ur_Shed.png,2,2
2000,125,0,interior_warm,TILESET - Canaan-NobleHouse.png,2,2
2001,125,1,interior_warm,TILESET - Canaan-CidHouse_1F.png,2,2
2002,125,2,interior_warm,TILESET - Canaan-Shrine.png,2,2
2003,125,3,interior_warm,TILESET - Canaan-CidHouse_1F.png,3,7
2004,125,4,interior_warm,TILESET - Amur-House.png,3,7
2005,125,5,interior_warm,TILESET - Canaan-NobleHouse.png,3,7
2006,125,6,interior_warm,TILESET - Canaan-CidHouse_1F.png,3,4
2007,125,7,interior_warm,TILESET - Canaan-Shrine.png,3,4
2008,125,8,interior_warm,TILESET - Inn_ItemShop.png,7,10
2009,125,9,interior_warm,TILESET - Saronia_Castle-Gate.png,2,0
2010,125,10,interior_warm,TILESET - Dragons_Peak.png,2,12
2011,125,11,interior_warm,TILESET - Ur_EldersHouse.png,7,9
2012,125,12,interior_warm,TILESET - Ur_EldersHouse.png,0,9
2013,125,13,interior_warm,TILESET - Amur-Shrine.png,0,9
2014,125,14,interior_warm,TILESET - Gulgan_Gulch1.png,0,9
2015,125,15,interior_warm,TILESET - Eureka_B6.png,0,6
2016,126,0,interior_warm,TILESET - Retrieval_Forest.png,1,1
2017,126,1,interior_warm,TILESET - Canaan-CidHouse_2F.png,2,12
2018,126,2,interior_warm,TILESET - Canaan-Inn_ItemShop.png,2,6
2019,126,3,interior_warm,TILESET - Tozus-Inn_ItemShop.png,2,4
2020,126,4,interior_warm,TILESET - Amur-Inn_Pub.png,2,4
2021,126,5,interior_warm,TILESET - Canaan-CidHouse_2F.png,2,5
2022,126,6,interior_warm,TILESET - Canaan-ArmorShop.png,3,6
2023,126,7,interior_warm,TILESET - Canaan-Magic_WeaponShop.png,3,6
2024,126,8,interior_warm,TILESET - The_Invincible.png,3,15
2025,126,9,interior_warm,TILESET - Wreck1.png,3,15
2026,126,10,interior_warm,TILESET - Canaan-Inn_ItemShop.png,0,8
2027,126,11,interior_warm,TILESET - Eureka_B7_1.png,3,4
2028,126,12,interior_warm,TILESET - Castle_Argus.png,1,13
2029,126,13,interior_warm,TILESET - Tozus-Inn_ItemShop.png,2,1
2030,126,14,interior_warm,TILESET - Inn_ItemShop.png,2,1
2031,126,15,interior_warm,TILESET - Eureka_B7_1.png,2,1
2032,127,0,interior_warm,TILESET - Sewers1.png,1,6
2033,127,1,interior_warm,TILESET - Amur-Shrine.png,1,15
2034,127,2,interior_warm,TILESET - Gulgan_Gulch1.png,1,15
2035,127,3,interior_warm,TILESET - Tower_of_Owen10F.png,2,14
2036,127,4,interior_warm,TILESET - Eureka_B7_1.png,2,5
2037,127,5,interior_warm,TILESET - Ancients_Maze1.png,0,6
2038,127,6,interior_warm,TILESET - Goldor_Manor1_1.png,0,6
2039,127,7,interior_warm,TILESET - Molten_CaveB1.png,0,6
2040,127,8,interior_warm,TILESET - Goldor_Manor1_1.png,0,0
2041,127,9,interior_warm,TILESET - Goldor_Manor1_1.png,4,3
2042,127,10,interior_warm,TILESET - Goldor_Manor1_1.png,4,9
2043,127,11,interior_warm,TILESET - Goldor_Manor1_1.png,4,2
2044,127,12,interior_warm,TILESET - Dragons_Peak.png,0,14
2045,127,13,interior_warm,TILESET - Ancients_Maze1.png,2,3
2046,127,14,interior_warm,TILESET - Shop_1.png,2,7
2047,127,15,interior_warm,TILESET - Goldor_Manor1_1.png,4,15
2048,128,0,interior_warm,TILESET - Canaan-CidHouse_2F.png,0,3
2049,128,1,interior_warm,TILESET - Canaan-Shrine.png,1,5
2050,128,2,interior_warm,TILESET - Saronia_NorthWest-Library.png,1,5
2051,128,3,interior_warm,TILESET - Amur-House.png,1,5
2052,128,4,interior_warm,TILESET - Canaan-NobleHouse.png,1,14
2053,128,5,interior_warm,TILESET - Dragons_Peak.png,4,13
2054,128,6,interior_warm,TILESET - Canaan-Inn_ItemShop.png,0,5
2055,128,7,interior_warm,TILESET - Castle_Argus.png,1,4
2056,128,8,interior_warm,TILESET - Tozus-Magic_WeaponShop.png,3,8
2057,128,9,interior_warm,TILESET - Tozus-Magic_WeaponShop.png,3,7
2058,128,10,interior_warm,TILESET - The_Invincible.png,3,11
2059,128,11,interior_warm,TILESET - Wreck1.png,3,11
2060,128,12,interior_warm,TILESET - The_Invincible.png,3,4
2061,128,13,interior_warm,TILESET - Eureka_B6.png,4,2
2062,128,14,interior_warm,TILESET - Inn_ItemShop.png,2,4
2063,128,15,interior_warm,TILESET - Castle_Argus.png,7,0
2064,129,0,interior_warm,TILESET - Canaan-Inn_ItemShop.png,2,4
2065,129,1,interior_warm,TILESET - Eureka_B6.png,2,3
2066,129,2,interior_warm,TILESET - Village_of_Gysahl-Inn_ItemShop.png,0,14
2067,129,3,interior_warm,TILESET - Amur-Inn_Pub.png,0,14
2068,129,4,interior_warm,TILESET - Eureka_B6.png,2,6
2069,129,5,interior_warm,TILESET - Vikings_Cove-1.png,2,12
2070,129,6,interior_warm,TILESET - Bahamuts_Nest.png,2,10
2071,129,7,interior_warm,TILESET - Chocobos_Forest.png,0,10
2072,129,8,interior_warm,TILESET - Retrieval_Forest.png,0,10
2073,129,9,interior_warm,TILESET - Sewers1.png,2,11
2074,129,10,interior_warm,TILESET - Ancients_Maze1.png,3,6
2075,129,11,interior_warm,TILESET - Castle_Argus.png,1,10
2076,129,12,interior_warm,TILESET - Castle_Sasune.png,1,14
2077,129,13,interior_warm,TILESET - Eureka_B6.png,3,5
2078,129,14,interior_warm,TILESET - Vikings_Cove-1.png,2,5
2079,129,15,interior_warm,TILESET - Falgabard-Inn_ItemShop.png,0,6
2080,130,0,interior_warm,TILESET - Canaan-CidHouse_1F.png,0,8
2081,130,1,interior_warm,TILESET - Falgabard-Inn_ItemShop.png,0,8
2082,130,2,interior_warm,TILESET - Inn_ItemShop.png,0,8
2083,130,3,interior_warm,TILESET - Goldor_Manor1_1.png,0,10
2084,130,4,interior_warm,TILESET - Eureka_B7_1.png,2,14
2085,130,5,interior_warm,TILESET - Canaan-Inn_ItemShop.png,2,1
2086,130,6,interior_warm,TILESET - Tozus.png,1,9
2087,130,7,interior_warm,TILESET - Ur.png,5,11
2088,130,8,interior_warm,TILESET - Ur.png,7,5
2089,130,9,interior_warm,TILESET - Retrieval_Forest.png,4,3
2090,130,10,interior_warm,TILESET - Chocobos_Forest.png,4,3
2091,130,11,interior_warm,TILESET - The_Invincible.png,1,1
2092,130,12,interior_warm,TILESET - Wreck1.png,1,1
2093,130,13,interior_warm,TILESET - Tozus-Magic_WeaponShop.png,3,5
2094,130,14,interior_warm,TILESET - Castle_Argus.png,1,1
2095,130,15,interior_warm,TILESET - Canaan-Shrine.png,2,5
2096,131,0,interior_warm,TILESET - Canaan-NobleHouse.png,2,5
2097,131,1,interior_warm,TILESET - Goldor_Manor1_1.png,2,1
2098,131,2,interior_warm,TILESET - Tozus.png,1,3
2099,131,3,interior_warm,TILESET - Airship.png,2,7
2100,131,4,interior_warm,TILESET - Wreck1.png,2,7
2101,131,5,interior_warm,TILESET - The_Invincible.png,2,7
2102,131,6,interior_warm,TILESET - Castle_Argus-Tower.png,0,0
2103,131,7,interior_warm,TILESET - Village_of_Gysahl-Inn_ItemShop.png,2,7
2104,131,8,interior_warm,TILESET - Tozus-Magic_WeaponShop.png,2,7
2105,131,9,interior_warm,TILESET - Falgabard-Inn_ItemShop.png,2,7
2106,131,10,interior_warm,TILESET - Ancients_Maze1.png,0,7
2107,131,11,interior_warm,TILESET - Ancients_Maze1.png,2,14
2108,131,12,interior_warm,TILESET - Ancients_Maze1.png,1,8
2109,131,13,interior_warm,TILESET - Ur_Shed.png,1,5
2110,131,14,interior_warm,TILESET - Goldor_Manor1_1.png,1,5
2111,131,15,interior_warm,TILESET - Subterranean_Lake1.png,1,11
2112,132,0,interior_warm,TILESET - Saronia_Castle-Gate.png,0,14
2113,132,1,interior_warm,TILESET - Eureka_B6.png,6,4
2114,132,2,interior_warm,TILESET - Saronia_Castle2.png,7,0
2115,132,3,interior_warm,TILESET - Gulgan_Gulch1.png,6,4
2116,132,4,interior_warm,TILESET - Amur-Shrine.png,6,4
2117,132,5,interior_warm,TILESET - Shop_1.png,7,0
2118,132,6,interior_warm,TILESET - Wreck1.png,3,4
2119,132,7,interior_warm,TILESET - The_Invincible.png,2,13
2120,132,8,interior_warm,TILESET - Wreck1.png,2,13
2121,132,9,interior_warm,TILESET - Canaan-Magic_WeaponShop.png,3,12
2122,132,10,interior_warm,TILESET - Tower_of_Owen10F.png,3,4
2123,132,11,interior_warm,TILESET - Saronia_Castle2.png,7,13
2124,132,12,interior_warm,TILESET - Amur-Shrine.png,7,13
2125,132,13,interior_warm,TILESET - Gulgan_Gulch1.png,7,13
2126,132,14,interior_warm,TILESET - Castle_Argus3F.png,7,13
2127,132,15,interior_warm,TILESET - Bahamuts_Nest.png,0,1
2128,133,0,interior_warm,TILESET - Bahamuts_Nest.png,6,2
2129,133,1,interior_warm,TILESET - Goldor_Manor1_1.png,5,2
2130,133,2,interior_warm,TILESET - Sewers1.png,1,12
2131,133,3,interior_warm,TILESET - Airship.png,2,11
2132,133,4,interior_warm,TILESET - Wreck1.png,2,11
2133,133,5,interior_warm,TILESET - The_Invincible.png,2,11
2134,133,6,interior_warm,TILESET - Goldor_Manor1_1.png,6,12
2135,133,7,interior_warm,TILESET - Goldor_Manor1_1.png,0,12
2136,133,8,interior_warm,TILESET - Dragons_Peak.png,7,4
2137,133,9,interior_warm,TILESET - Castle_Argus3F.png,0,14
2138,133,10,interior_warm,TILESET - Ur_Shed.png,2,6
2139,133,11,interior_warm,TILESET - The_Invincible.png,2,8
2140,133,12,interior_warm,TILESET - Wreck1.png,2,8
2141,133,13,interior_warm,TILESET - Airship.png,2,8
2142,133,14,interior_warm,TILESET - Ancients_Maze1.png,1,13
2143,133,15,interior_warm,TILESET - Castle_Argus3F.png,1,10
2144,134,0,interior_warm,TILESET - Molten_CaveB1.png,0,5
2145,134,1,interior_warm,TILESET - Ancients_Maze1.png,0,5
2146,134,2,interior_warm,TILESET - Castle_Argus-Tower.png,1,10
2147,134,3,interior_warm,TILESET - Saronia_SouthEast2.png,1,10
2148,134,4,interior_warm,TILESET - Eureka_B6.png,4,10
2149,134,5,interior_warm,TILESET - Eureka_B6.png,3,11
2150,134,6,interior_warm,TILESET - Tozus-Magic_WeaponShop.png,7,13
2151,134,7,interior_warm,TILESET - Canaan-Inn_ItemShop.png,3,12
2152,134,8,interior_warm,TILESET - Canaan-Inn_ItemShop.png,3,9
2153,134,9,interior_warm,TILESET - Ur_Shed.png,0,15
2154,134,10,interior_warm,TILESET - Molten_CaveB1.png,1,10
2155,134,11,interior_warm,TILESET - Tozus.png,7,14
2156,134,12,interior_warm,TILESET - Castle_Argus.png,1,14
2157,134,13,interior_warm,TILESET - Heins_Castle1.png,2,12
2158,134,14,interior_warm,TILESET - Dwarven_HollowB1_B2.png,0,12
2159,134,15,interior_warm,TILESET - Vikings_Cove-1.png,0,12
2160,135,0,interior_warm,TILESET - Eureka_B6.png,4,11
2161,135,1,interior_warm,TILESET - Bahamuts_Nest.png,2,11
2162,135,2,interior_warm,TILESET - Goldor_Manor1_1.png,2,9
2163,135,3,interior_warm,TILESET - Castle_Argus3F.png,2,5
2164,135,4,interior_warm,TILESET - Gulgan_Gulch1.png,2,12
2165,135,5,interior_warm,TILESET - Amur-Shrine.png,2,12
2166,135,6,interior_warm,TILESET - Ur_EldersHouse.png,7,8
2167,135,7,interior_warm,TILESET - Amur-Shrine.png,0,7
2168,135,8,interior_warm,TILESET - Tower_of_Owen10F.png,0,11
2169,135,9,interior_warm,TILESET - Eureka_B6.png,5,2
2170,135,10,interior_warm,TILESET - Eureka_B6.png,4,12
2171,135,11,interior_warm,TILESET - Eureka_B6.png,6,5
2172,135,12,interior_warm,TILESET - Dragons_Peak.png,0,15
2173,135,13,interior_warm,TILESET - Castle_Argus3F.png,1,14
2174,135,14,interior_warm,TILESET - Castle_Argus3F.png,1,13
2175,135,15,interior_warm,TILESET - Tower_of_Owen10F.png,2,13
2176,136,0,interior_warm,TILESET - Tower_of_Owen1F.png,0,15
2177,136,1,interior_warm,TILESET - Airship.png,1,15
2178,136,2,interior_warm,TILESET - Wreck1.png,1,15
2179,136,3,interior_warm,TILESET - The_Invincible.png,1,15
2180,136,4,interior_warm,TILESET - Saronia_Castle5.png,3,14
2181,136,5,interior_warm,TILESET - Castle_Argus3F.png,3,14
2182,136,6,interior_warm,TILESET - Saronia_Castle2.png,3,7
2183,136,7,interior_warm,TILESET - Airship.png,1,14
2184,136,8,interior_warm,TILESET - Wreck1.png,1,14
2185,136,9,interior_warm,TILESET - The_Invincible.png,1,14
2186,136,10,interior_warm,TILESET - Goldor_Manor1_1.png,0,1
2187,136,11,interior_warm,TILESET - Amur-Inn_Pub.png,1,15
2188,136,12,interior_warm,TILESET - Amur-ArmorShop.png,1,15
2189,136,13,interior_warm,TILESET - Inn_ItemShop.png,1,15
2190,136,14,interior_warm,TILESET - Shop_1.png,1,15
2191,136,15,interior_warm,TILESET - Tozus-Inn_ItemShop.png,1,15
2192,137,0,interior_warm,TILESET - Tozus-Magic_WeaponShop.png,1,15
2193,137,1,interior_warm,TILESET - Castle_Argus-Tower.png,4,3
2194,137,2,interior_warm,TILESET - Dragons_Peak.png,1,5
2195,137,3,interior_warm,TILESET - Goldor_Manor1_1.png,1,8
2196,137,4,interior_warm,TILESET - Goldor_Manor1_1.png,1,13
2197,137,5,interior_warm,TILESET - The_Invincible.png,4,9
2198,137,6,interior_warm,TILESET - Dragons_Peak.png,1,4
2199,137,7,interior_warm,TILESET - Bahamuts_Nest.png,5,5
2200,137,8,interior_warm,TILESET - Bahamuts_Nest.png,5,0
2201,137,9,interior_warm,TILESET - Bahamuts_Nest.png,4,11
2202,137,10,interior_warm,TILESET - Bahamuts_Nest.png,4,2
2203,137,11,interior_warm,TILESET - Dragons_Peak.png,4,2
2204,137,12,interior_warm,TILESET - The_Invincible.png,4,2
2205,137,13,interior_warm,TILESET - Airship.png,2,12
2206,137,14,interior_warm,TILESET - Airship.png,1,1
2207,137,15,interior_warm,TILESET - Falgabard-Inn_ItemShop.png,3,8
2208,138,0,interior_warm,TILESET - Goldor_Manor1_1.png,6,2
2209,138,1,interior_warm,TILESET - Canaan-ArmorShop.png,3,12
2210,138,2,interior_warm,TILESET - Vikings_Cove-1.png,3,12
2211,138,3,interior_warm,TILESET - Tozus-Magic_WeaponShop.png,6,4
2212,138,4,interior_warm,TILESET - Falgabard.png,2,10
2213,138,5,interior_warm,TILESET - Kazus.png,2,10
2214,138,6,interior_warm,TILESET - Wreck1.png,2,14
2215,138,7,interior_warm,TILESET - The_Invincible.png,2,14
2216,138,8,interior_warm,TILESET - Ancients_Maze1.png,2,10
2217,138,9,interior_warm,TILESET - Saronia_NorthWest-Library.png,0,12
2218,138,10,interior_warm,TILESET - Amur-House.png,0,12
2219,138,11,interior_warm,TILESET - Subterranean_Lake1.png,0,1
2220,138,12,interior_warm,TILESET - Canaan-CidHouse_2F.png,3,12
2221,138,13,interior_warm,TILESET - Ur_EldersHouse.png,3,12
2222,138,14,interior_warm,TILESET - Shop_1.png,3,12
2223,138,15,interior_warm,TILESET - Amur-ArmorShop.png,3,12
2224,139,0,interior_warm,TILESET - Amur-Magic_WeaponShop.png,3,12
2225,139,1,interior_warm,TILESET - Tozus-Magic_WeaponShop.png,3,12
2226,139,2,interior_warm,TILESET - Amur-Shrine.png,3,12
2227,139,3,interior_warm,TILESET - Gulgan_Gulch1.png,3,12
2228,139,4,interior_warm,TILESET - Airship.png,7,0
2229,139,5,interior_warm,TILESET - Goldor_Manor1_1.png,1,3
2230,139,6,interior_warm,TILESET - Goldor_Manor1_1.png,0,5
2231,139,7,interior_warm,TILESET - Canaan-CidHouse_1F.png,2,5
2232,139,8,interior_warm,TILESET - Saronia_NorthWest-Library.png,2,5
2233,139,9,interior_warm,TILESET - Amur-House.png,2,5
2234,139,10,interior_warm,TILESET - Ur_Shed.png,2,5
2235,139,11,interior_warm,TILESET - Falgabard-Inn_ItemShop.png,3,5
2236,139,12,interior_warm,TILESET - Falgabard-Inn_ItemShop.png,3,9
2237,139,13,interior_warm,TILESET - Tozus-Magic_WeaponShop.png,3,9
2238,139,14,interior_warm,TILESET - The_Invincible.png,7,13
2239,139,15,interior_warm,TILESET - Wreck1.png,7,13
2240,140,0,interior_warm,TILESET - Bahamuts_Nest.png,1,13
2241,140,1,interior_warm,TILESET - Bahamuts_Nest.png,1,12
2242,140,2,interior_warm,TILESET - Dragons_Peak.png,5,0
2243,140,3,interior_warm,TILESET - Goldor_Manor2.png,5,0
2244,140,4,interior_warm,TILESET - Ancients_Maze1.png,2,5
2245,140,5,interior_warm,TILESET - Sewers1.png,2,9
2246,140,6,interior_warm,TILESET - Amur-Shrine.png,2,2
2247,140,7,interior_warm,TILESET - Gulgan_Gulch1.png,2,2
2248,140,8,interior_warm,TILESET - Village_of_Gysahl-Inn_ItemShop.png,2,8
2249,140,9,interior_warm,TILESET - Saronia_Castle2.png,0,12
2250,140,10,interior_warm,TILESET - Dragons_Peak.png,4,15
2251,140,11,interior_warm,TILESET - Dwarven_HollowB1_B2.png,0,3
2252,140,12,interior_warm,TILESET - Ur_EldersHouse.png,0,3
2253,140,13,interior_warm,TILESET - Vikings_Cove-1.png,0,3
2254,140,14,interior_warm,TILESET - Dragons_Peak.png,5,2
2255,140,15,interior_warm,TILESET - Amur-Shrine.png,0,3
2256,141,0,interior_warm,TILESET - Gulgan_Gulch1.png,0,3
2257,141,1,interior_warm,TILESET - Tozus-Magic_WeaponShop.png,0,3
2258,141,2,interior_warm,TILESET - Goldor_Manor1_1.png,0,15
2259,141,3,interior_warm,TILESET - Airship.png,0,9
2260,141,4,interior_warm,TILESET - The_Invincible.png,2,12
2261,141,5,interior_warm,TILESET - Wreck1.png,2,12
2262,141,6,interior_warm,TILESET - Bahamuts_Nest.png,3,0
2263,141,7,interior_warm,TILESET - Dragons_Peak.png,6,2
2264,141,8,interior_warm,TILESET - Dragons_Peak.png,0,1
2265,141,9,interior_warm,TILESET - Dragons_Peak.png,1,11
2266,141,10,interior_warm,TILESET - Goldor_Manor1_1.png,1,2
2267,141,11,interior_warm,TILESET - Dragons_Peak.png,0,8
2268,141,12,interior_warm,TILESET - Dragons_Peak.png,0,2
2269,141,13,interior_warm,TILESET - Bahamuts_Nest.png,5,3
2270,141,14,interior_warm,TILESET - Dragons_Peak.png,1,6
2271,141,15,interior_warm,TILESET - Goldor_Manor1_1.png,3,7
2272,142,0,interior_warm,TILESET - Goldor_Manor1_1.png,0,13
2273,142,1,interior_warm,TILESET - Bahamuts_Nest.png,0,14
2274,142,2,interior_warm,TILESET - Eureka_B6.png,7,14
2275,142,3,interior_warm,TILESET - Canaan.png,7,10
2276,142,4,interior_warm,TILESET - Ur.png,4,6
2277,142,5,interior_warm,TILESET - The_Invincible.png,7,0
2278,142,6,interior_warm,TILESET - Wreck1.png,7,0
2279,142,7,interior_warm,TILESET - Goldor_Manor1_1.png,0,3
2280,142,8,interior_warm,TILESET - Ancients_Maze1.png,0,3
2281,142,9,interior_warm,TILESET - Molten_CaveB1.png,0,3
2282,142,10,interior_warm,TILESET - Ancients_Maze1.png,1,11
2283,142,11,interior_warm,TILESET - Subterranean_Lake1.png,1,10
2284,142,12,interior_warm,TILESET - Bahamuts_Nest.png,2,3
2285,142,13,interior_warm,TILESET - Eureka_B6.png,5,0
2286,142,14,interior_warm,TILESET - Eureka_B6.png,5,1
2287,142,15,interior_warm,TILESET - Eureka_B6.png,5,4
2288,143,0,interior_warm,TILESET - Village_of_Gysahl-Inn_ItemShop.png,2,4
2289,143,1,interior_warm,TILESET - Eureka_B6.png,0,3
2290,143,2,interior_warm,TILESET - Ancients_Maze1.png,1,0
2291,143,3,interior_warm,TILESET - Tozus-Magic_WeaponShop.png,0,5
2292,143,4,interior_warm,TILESET - Falgabard-Inn_ItemShop.png,0,5
2293,143,5,interior_warm,TILESET - Tozus-Magic_WeaponShop.png,2,1
2294,143,6,interior_warm,TILESET - Ancients_Maze1.png,6,1
2295,143,7,interior_warm,TILESET - Eureka_B6.png,4,1
2296,143,8,interior_warm,TILESET - Eureka_B6.png,3,10
2297,143,9,interior_warm,TILESET - Tozus-Inn_ItemShop.png,0,2
2298,143,10,interior_warm,TILESET - Canaan-Inn_ItemShop.png,0,2
2299,143,11,interior_warm,TILESET - Canaan-CidHouse_2F.png,0,2
2300,143,12,interior_warm,TILESET - Ur_EldersHouse.png,0,2
2301,143,13,interior_warm,TILESET - Inn_ItemShop.png,0,2
2302,143,14,interior_warm,TILESET - Canaan-CidHouse_1F.png,0,2
2303,143,15,interior_warm,TILESET - Canaan-NobleHouse.png,0,2
2304,144,0,interior_warm,TILESET - Eureka_B6.png,5,5
2305,144,1,interior_warm,TILESET - Bahamuts_Nest.png,0,2
2306,144,2,interior_warm,TILESET - Eureka_B6.png,5,11
2307,144,3,interior_warm,TILESET - Eureka_B6.png,7,5
2308,144,4,interior_warm,TILESET - Eureka_B6.png,3,12
2309,144,5,interior_warm,TILESET - Dragons_Peak.png,2,9
2310,144,6,interior_warm,TILESET - Dragons_Peak.png,2,4
2311,144,7,interior_warm,TILESET - Goldor_Manor1_1.png,1,1
2312,144,8,interior_warm,TILESET - Falgabard-Inn_ItemShop.png,2,1
2313,144,9,interior_warm,TILESET - Replito.png,2,10
2314,144,10,interior_warm,TILESET - Eureka_B6.png,5,10
2315,144,11,interior_warm,TILESET - Gulgan_Gulch1.png,0,12
2316,144,12,interior_warm,TILESET - Amur-Shrine.png,0,12
2317,144,13,interior_warm,TILESET - Wreck1.png,7,4
2318,144,14,interior_warm,TILESET - Castle_Argus.png,6,9
2319,144,15,interior_warm,TILESET - Sewers1.png,2,5
2320,145,0,interior_warm,TILESET - Eureka_B6.png,7,13
2321,145,1,interior_warm,TILESET - Bahamuts_Nest.png,7,4
2322,145,2,interior_warm,TILESET - Tower_of_Owen11F.png,2,5
2323,145,3,interior_warm,TILESET - Tower_of_Owen10F.png,2,5
2324,145,4,interior_warm,TILESET - Dragons_Peak.png,4,11
2325,145,5,interior_warm,TILESET - Goldor_Manor1_1.png,1,10
2326,145,6,interior_warm,TILESET - Falgabard-Inn_ItemShop.png,1,15
2327,145,7,interior_warm,TILESET - Bahamuts_Nest.png,1,6
2328,145,8,interior_warm,TILESET - Eureka_B6.png,6,14
2329,145,9,interior_warm,TILESET - Saronia_Castle2.png,1,10
2330,145,10,interior_warm,TILESET - Gulgan_Gulch1.png,2,3
2331,145,11,interior_warm,TILESET - Amur-Shrine.png,2,3
2332,145,12,interior_warm,TILESET - Goldor_Manor1_1.png,1,6
2333,145,13,interior_warm,TILESET - Airship.png,2,5
2334,145,14,interior_warm,TILESET - Bahamuts_Nest.png,1,5
2335,145,15,interior_warm,TILESET - Eureka_B6.png,6,3
2336,146,0,interior_warm,TILESET - Eureka_B6.png,6,13
2337,146,1,interior_warm,TILESET - Castle_Argus-Tower.png,0,6
2338,146,2,interior_warm,TILESET - Amur-Shrine.png,0,14
2339,146,3,interior_warm,TILESET - Gulgan_Gulch1.png,0,14
2340,146,4,interior_warm,TILESET - Tozus-Magic_WeaponShop.png,0,2
2341,146,5,interior_warm,TILESET - Amur-Shrine.png,0,2
2342,146,6,interior_warm,TILESET - Gulgan_Gulch1.png,0,2
2343,146,7,interior_warm,TILESET - Saronia_Castle2.png,3,14
2344,146,8,interior_warm,TILESET - Saronia_Castle2.png,6,14
2345,146,9,interior_warm,TILESET - Eureka_B6.png,3,1
2346,146,10,interior_warm,TILESET - Eureka_B6.png,5,3
2347,146,11,interior_warm,TILESET - Castle_Argus3F.png,0,13
2348,146,12,stone_misc,TILESET - Crystal_Tower_5F.png,4,8
2349,146,13,stone_misc,TILESET - Amur-ArmorShop.png,3,14
2350,146,14,stone_misc,TILESET - Inn_ItemShop.png,4,5
2351,146,15,stone_misc,TILESET - Inn_ItemShop.png,5,13
2352,147,0,stone_misc,TILESET - Saronia_Castle1.png,0,3
2353,147,1,stone_misc,TILESET - Saronia_Castle1.png,4,6
2354,147,2,stone_misc,TILESET - Canaan-ArmorShop.png,3,14
2355,147,3,stone_misc,TILESET - Canaan-CidHouse_2F.png,3,14
2356,147,4,stone_misc,TILESET - Canaan-CidHouse_1F.png,3,14
2357,147,5,stone_misc,TILESET - Amur-House.png,1,0
2358,147,6,stone_misc,TILESET - Saronia_Castle2.png,2,4
2359,147,7,stone_misc,TILESET - Amur-House.png,1,4
2360,147,8,stone_misc,TILESET - Saronia_Castle2.png,2,6
2361,147,9,stone_misc,TILESET - Castle_Sasune.png,0,5
2362,147,10,stone_misc,TILESET - Saronia_Castle1.png,0,5
2363,147,11,stone_misc,TILESET - Saronia_Castle1.png,5,0
2364,147,12,stone_misc,TILESET - Saronia_Castle1.png,3,1
2365,147,13,stone_misc,TILESET - Saronia_Castle2.png,0,4
2366,147,14,stone_misc,TILESET - Dogas_Grotto1.png,3,12
2367,147,15,stone_misc,TILESET - Dwarven_Hollow-ArmorShop.png,0,1
2368,148,0,stone_misc,TILESET - Dwarven_Hollow-ArmorShop.png,6,3
2369,148,1,stone_misc,TILESET - Dwarven_HollowB1_B2.png,3,1
2370,148,2,stone_misc,TILESET - World_of_Darkness-Crystal_Room.png,3,12
2371,148,3,stone_misc,TILESET - Tower_of_Owen11F.png,3,11
2372,148,4,stone_misc,TILESET - Temple_of_Time1_1.png,3,0
2373,148,5,stone_misc,TILESET - Sewers1.png,1,8
2374,148,6,stone_misc,TILESET - World_of_Darkness-Crystal_Room.png,4,12
2375,148,7,stone_misc,TILESET - World_of_Darkness1.png,3,15
2376,148,8,stone_misc,TILESET - World_of_Darkness1.png,2,9
2377,148,9,stone_misc,TILESET - World_of_Darkness1.png,7,1
2378,148,10,stone_misc,TILESET - Crystal Room.png,3,6
2379,148,11,stone_misc,TILESET - Cave_of_Tides-Crystal_Room.png,3,3
2380,148,12,stone_misc,TILESET - Crystal Room.png,3,3
2381,148,13,stone_misc,TILESET - World_of_Darkness-Crystal_Room.png,3,3
2382,148,14,stone_misc,TILESET - Goldor_Manor1_1.png,4,8
2383,148,15,stone_misc,TILESET - Crystal Room.png,3,2
2384,149,0,stone_misc,TILESET - Cave_of_Tides-Crystal_Room.png,3,2
2385,149,1,stone_misc,TILESET - World_of_Darkness-Crystal_Room.png,3,2
2386,149,2,stone_misc,TILESET - Heins_Castle1.png,3,1
2387,149,3,stone_misc,TILESET - World_of_Darkness7.png,3,1
2388,149,4,stone_misc,TILESET - Crystal_Tower_8F_1.png,3,1
2389,149,5,stone_misc,TILESET - Ancients_Maze1.png,3,1
2390,149,6,stone_misc,TILESET - Saronia_Castle1.png,2,5
2391,149,7,stone_misc,TILESET - Sewers1.png,1,4
2392,149,8,stone_misc,TILESET - Saronia_Castle1.png,2,4
2393,149,9,stone_misc,TILESET - Saronia_Castle1.png,2,13
2394,149,10,stone_misc,TILESET - World_of_Darkness-Crystal_Room.png,2,12
2395,149,11,stone_misc,TILESET - Dwarven_HollowB1_B2.png,3,2
2396,149,12,stone_misc,TILESET - Saronia_Catacombs3.png,1,7
2397,149,13,stone_misc,TILESET - Saronia_Castle1.png,4,4
2398,149,14,stone_misc,TILESET - Castle_Sasune.png,4,4
2399,149,15,stone_misc,TILESET - Saronia_Castle1.png,0,6
2400,150,0,stone_misc,TILESET - Saronia_Castle1.png,0,4
2401,150,1,stone_misc,TILESET - Shop_1.png,5,13
2402,150,2,stone_misc,TILESET - Falgabard.png,3,10
2403,150,3,stone_misc,TILESET - Falgabard.png,3,7
2404,150,4,stone_misc,TILESET - Dwarven_Hollow-ArmorShop.png,4,6
2405,150,5,stone_misc,TILESET - Inn_ItemShop.png,7,2
2406,150,6,stone_misc,TILESET - Inn_ItemShop.png,4,9
2407,150,7,stone_misc,TILESET - Amur-ArmorShop.png,4,9
2408,150,8,stone_misc,TILESET - Canaan-Magic_WeaponShop.png,7,2
2409,150,9,stone_misc,TILESET - Canaan-ArmorShop.png,4,9
2410,150,10,stone_misc,TILESET - Canaan-CidHouse_1F.png,7,2
2411,150,11,stone_misc,TILESET - Canaan-CidHouse_1F.png,4,9
2412,150,12,stone_misc,TILESET - Canaan-CidHouse_1F.png,6,5
2413,150,13,stone_misc,TILESET - Canaan-CidHouse_2F.png,6,10
2414,150,14,stone_misc,TILESET - Canaan-CidHouse_2F.png,4,9
2415,150,15,stone_misc,TILESET - Canaan-Magic_WeaponShop.png,6,5
2416,151,0,stone_misc,TILESET - Eureka_B1.png,4,1
2417,151,1,stone_misc,TILESET - Subterranean_Lake1.png,4,1
2418,151,2,stone_misc,TILESET - Airship.png,4,1
2419,151,3,stone_misc,TILESET - Mythril_Mine.png,4,1
2420,151,4,stone_misc,TILESET - Falgabard_Cave.png,4,1
2421,151,5,stone_misc,TILESET - Wreck1.png,4,1
2422,151,6,stone_misc,TILESET - Dwarven_Hollow-ArmorShop.png,4,9
2423,151,7,stone_misc,TILESET - Cave_of_Shadows6.png,4,1
2424,151,8,stone_misc,TILESET - World_of_Darkness-Crystal_Room.png,4,1
2425,151,9,stone_misc,TILESET - Eureka_B7_1.png,4,1
2426,151,10,stone_misc,TILESET - Castle_Sasune.png,4,1
2427,151,11,stone_misc,TILESET - Canaan.png,0,4
2428,151,12,stone_misc,TILESET - Crystal_Tower_8F_1.png,2,15
2429,151,13,stone_misc,TILESET - Dwarven_HollowB1_B2.png,1,4
2430,151,14,stone_misc,TILESET - Saronia_Catacombs3.png,1,8
2431,151,15,stone_misc,TILESET - Dwarven_Hollow-Inn_ItemShop.png,4,14
2432,152,0,stone_misc,TILESET - Dwarven_Hollow-Inn_ItemShop.png,4,11
2433,152,1,stone_misc,TILESET - Ur.png,1,8
2434,152,2,stone_misc,TILESET - Amur-Shrine.png,2,15
2435,152,3,stone_misc,TILESET - Saronia_Castle2.png,6,0
2436,152,4,stone_misc,TILESET - Saronia_Catacombs1.png,6,0
2437,152,5,stone_misc,TILESET - Saronia_Castle2.png,0,9
2438,152,6,stone_misc,TILESET - Canaan.png,3,11
2439,152,7,stone_misc,TILESET - Saronia_Castle1.png,0,15
2440,152,8,stone_misc,TILESET - Saronia_Castle1.png,1,9
2441,152,9,stone_misc,TILESET - Saronia_Castle1.png,5,2
2442,152,10,stone_misc,TILESET - Saronia_Castle1.png,1,12
2443,152,11,stone_misc,TILESET - World_of_Darkness-Crystal_Room.png,4,10
2444,152,12,stone_misc,TILESET - Cave_of_Shadows6.png,4,10
2445,152,13,stone_misc,TILESET - Dwarven_Hollow-ArmorShop.png,4,10
2446,152,14,stone_misc,TILESET - Castle_Sasune.png,4,10
2447,152,15,stone_misc,TILESET - Eureka_B7_1.png,4,10
2448,153,0,stone_misc,TILESET - Amur.png,0,6
2449,153,1,stone_misc,TILESET - Saronia_Castle-Gate.png,0,6
2450,153,2,stone_misc,TILESET - Saronia_Castle-Gate.png,0,5
2451,153,3,stone_misc,TILESET - Castle_Sasune.png,4,5
2452,153,4,stone_misc,TILESET - Saronia_Castle1.png,4,5
2453,153,5,stone_misc,TILESET - Dragons_Peak.png,1,0
2454,153,6,stone_misc,TILESET - World_of_Darkness-Crystal_Room.png,1,9
2455,153,7,stone_misc,TILESET - Cave_of_Tides-Crystal_Room.png,3,6
2456,153,8,stone_misc,TILESET - World_of_Darkness-Crystal_Room.png,3,6
2457,153,9,stone_misc,TILESET - World_of_Darkness-Crystal_Room.png,3,14
2458,153,10,stone_misc,TILESET - World_of_Darkness-Crystal_Room.png,2,6
2459,153,11,stone_misc,TILESET - Temple_of_Time1_1.png,2,6
2460,153,12,stone_misc,TILESET - Canaan-Shrine.png,1,15
2461,153,13,stone_misc,TILESET - Canaan-CidHouse_1F.png,1,15
2462,153,14,stone_misc,TILESET - Shop_1.png,7,14
2463,153,15,stone_misc,TILESET - Kazus.png,2,8
2464,154,0,stone_misc,TILESET - Chocobos_Forest.png,1,8
2465,154,1,stone_misc,TILESET - Cave_of_Tides-Crystal_Room.png,3,7
2466,154,2,stone_misc,TILESET - Crystal Room.png,3,7
2467,154,3,stone_misc,TILESET - Ancients_Maze1.png,3,7
2468,154,4,stone_misc,TILESET - World_of_Darkness-Crystal_Room.png,3,7
2469,154,5,stone_misc,TILESET - Heins_Castle1.png,3,7
2470,154,6,stone_misc,TILESET - World_of_Darkness7.png,3,4
2471,154,7,stone_misc,TILESET - Mythril_Mine.png,4,10
2472,154,8,stone_misc,TILESET - Falgabard_Cave.png,4,10
2473,154,9,stone_misc,TILESET - Eureka_B1.png,4,10
2474,154,10,stone_misc,TILESET - Subterranean_Lake1.png,4,10
2475,154,11,stone_misc,TILESET - Airship.png,4,10
2476,154,12,stone_misc,TILESET - Wreck1.png,4,10
2477,154,13,stone_misc,TILESET - Canaan-CidHouse_1F.png,6,6
2478,154,14,stone_misc,TILESET - Canaan-CidHouse_1F.png,7,3
2479,154,15,stone_misc,TILESET - Canaan-CidHouse_1F.png,4,10
2480,155,0,stone_misc,TILESET - Canaan-CidHouse_2F.png,4,10
2481,155,1,stone_misc,TILESET - Canaan-ArmorShop.png,4,10
2482,155,2,stone_misc,TILESET - Canaan-Magic_WeaponShop.png,4,10
2483,155,3,stone_misc,TILESET - Canaan-Magic_WeaponShop.png,7,3
2484,155,4,stone_misc,TILESET - Canaan-Magic_WeaponShop.png,6,11
2485,155,5,stone_misc,TILESET - Canaan-Magic_WeaponShop.png,6,6
2486,155,6,stone_misc,TILESET - Canaan-Inn_ItemShop.png,6,6
2487,155,7,stone_misc,TILESET - Canaan-Inn_ItemShop.png,4,10
2488,155,8,stone_misc,TILESET - Inn_ItemShop.png,4,10
2489,155,9,stone_misc,TILESET - Shop_1.png,4,10
2490,155,10,stone_misc,TILESET - Inn_ItemShop.png,7,3
2491,155,11,stone_misc,TILESET - Kazus.png,5,5
2492,155,12,stone_misc,TILESET - Saronia_Castle1.png,7,6
2493,155,13,stone_misc,TILESET - Castle_Sasune.png,7,6
2494,155,14,stone_misc,TILESET - Castle_Sasune.png,3,11
2495,155,15,stone_misc,TILESET - Saronia_Castle1.png,3,11
2496,156,0,stone_misc,TILESET - Saronia_Castle1.png,0,1
2497,156,1,stone_misc,TILESET - Castle_Sasune.png,0,1
2498,156,2,stone_misc,TILESET - Saronia_Castle5.png,2,6
2499,156,3,stone_misc,TILESET - Castle_Sasune_Inner2.png,2,6
2500,156,4,stone_misc,TILESET - Ur.png,0,7
2501,156,5,stone_misc,TILESET - Amur.png,0,7
2502,156,6,stone_misc,TILESET - Kazus.png,0,7
2503,156,7,stone_misc,TILESET - Canaan.png,0,7
2504,156,8,stone_misc,TILESET - The_Invincible.png,4,6
2505,156,9,stone_misc,TILESET - Ancient_Ruins1.png,4,6
2506,156,10,stone_misc,TILESET - Eureka_B1.png,4,6
2507,156,11,stone_misc,TILESET - Ur_EldersHouse.png,5,9
2508,156,12,stone_misc,TILESET - Inn_ItemShop.png,4,11
2509,156,13,stone_misc,TILESET - Inn_ItemShop.png,4,14
2510,156,14,stone_misc,TILESET - Castle_Sasune.png,5,6
2511,156,15,stone_misc,TILESET - Castle_Sasune.png,3,10
2512,157,0,stone_misc,TILESET - Ur_EldersHouse.png,1,11
2513,157,1,stone_misc,TILESET - Amur-Shrine.png,1,11
2514,157,2,stone_misc,TILESET - Ur_Shed.png,1,1
2515,157,3,stone_misc,TILESET - Amur-House.png,1,1
2516,157,4,stone_misc,TILESET - Amur-House.png,1,3
2517,157,5,stone_misc,TILESET - Ur_Shed.png,1,3
2518,157,6,stone_misc,TILESET - Castle_Sasune.png,4,0
2519,157,7,stone_misc,TILESET - Eureka_B7_1.png,4,6
2520,157,8,stone_misc,TILESET - Shop_1.png,4,5
2521,157,9,stone_misc,TILESET - Kazus.png,1,8
2522,157,10,stone_misc,TILESET - Amur.png,1,8
2523,157,11,stone_misc,TILESET - Ur_Shed.png,3,2
2524,157,12,stone_misc,TILESET - Canaan-Magic_WeaponShop.png,3,14
2525,157,13,stone_misc,TILESET - Castle_Sasune.png,0,3
2526,157,14,stone_misc,TILESET - Castle_Sasune.png,4,6
2527,157,15,stone_misc,TILESET - Castle_Sasune.png,3,3
2528,158,0,stone_misc,TILESET - Saronia_Castle1.png,3,3
2529,158,1,stone_misc,TILESET - Canaan-NobleHouse.png,3,14
2530,158,2,stone_misc,TILESET - Castle_Sasune.png,0,11
2531,158,3,stone_misc,TILESET - Saronia_Castle1.png,0,11
2532,158,4,stone_misc,TILESET - Eureka_B7_1.png,0,14
2533,158,5,stone_misc,TILESET - Saronia_Castle1.png,1,15
2534,158,6,stone_misc,TILESET - Castle_Sasune.png,1,15
2535,158,7,stone_misc,TILESET - Saronia_Castle1.png,5,1
2536,158,8,stone_misc,TILESET - Castle_Sasune.png,5,1
2537,158,9,stone_misc,TILESET - Saronia_Castle1.png,7,12
2538,158,10,stone_misc,TILESET - Tower_of_Owen1F.png,7,12
2539,158,11,stone_misc,TILESET - Saronia_Castle2.png,0,3
2540,158,12,stone_misc,TILESET - Dwarven_HollowB1_B2.png,1,11
2541,158,13,stone_misc,TILESET - Dwarven_Hollow-ArmorShop.png,3,1
2542,158,14,stone_misc,TILESET - Dwarven_Hollow-ArmorShop.png,3,2
2543,158,15,stone_misc,TILESET - Dogas_Grotto1.png,3,1
2544,159,0,stone_misc,TILESET - Dogas_Grotto1.png,1,12
2545,159,1,stone_misc,TILESET - Tower_of_Owen11F.png,3,10
2546,159,2,stone_misc,TILESET - Sewers1.png,1,7
2547,159,3,stone_misc,TILESET - Tower_of_Owen11F.png,3,14
2548,159,4,stone_misc,TILESET - Tower_of_Owen11F.png,3,12
2549,159,5,stone_misc,TILESET - Tower_of_Owen11F.png,3,13
2550,159,6,stone_misc,TILESET - Tower_of_Owen11F.png,3,15
2551,159,7,stone_misc,TILESET - Cave_of_Shadows6.png,1,11
2552,159,8,stone_misc,TILESET - Sunken_Cave1.png,3,1
2553,159,9,stone_misc,TILESET - Canaan-Inn_ItemShop.png,1,12
2554,159,10,stone_misc,TILESET - Tozus-Inn_ItemShop.png,1,12
2555,159,11,stone_misc,TILESET - Amur-Inn_Pub.png,1,12
2556,159,12,stone_misc,TILESET - Inn_ItemShop.png,1,12
2557,159,13,stone_misc,TILESET - Canaan-ArmorShop.png,7,14
2558,159,14,stone_misc,TILESET - Canaan-Inn_ItemShop.png,7,14
2559,159,15,stone_misc,TILESET - Inn_ItemShop.png,7,14
2560,160,0,stone_misc,TILESET - Mythril_Mine.png,6,9
2561,160,1,stone_misc,TILESET - Castle_Sasune_Inner.png,6,8
2562,160,2,stone_misc,TILESET - Saronia_Catacombs3.png,6,8
2563,160,3,stone_misc,TILESET - Castle_Argus-Tower.png,6,8
2564,160,4,stone_misc,TILESET - Cave_of_the_Circle1.png,6,9
2565,160,5,stone_misc,TILESET - Cave_of_Tides1.png,6,9
2566,160,6,stone_misc,TILESET - Cave_of_Shadows3_2.png,6,9
2567,160,7,stone_misc,TILESET - Ancients_Maze1.png,6,9
2568,160,8,stone_misc,TILESET - Heins_Castle1.png,6,9
2569,160,9,stone_misc,TILESET - Tower_of_Owen11F.png,6,9
2570,160,10,stone_misc,TILESET - Tower_of_Owen1F.png,6,9
2571,160,11,stone_misc,TILESET - Temple_of_Time1_1.png,6,9
2572,160,12,stone_misc,TILESET - Castle_Sasune_Inner2.png,6,9
2573,160,13,stone_misc,TILESET - Ur_EldersHouse.png,6,8
2574,160,14,stone_misc,TILESET - Inn_ItemShop.png,6,8
2575,160,15,stone_misc,TILESET - Alter Cave.png,6,9
2576,161,0,stone_misc,TILESET - SealedCave.png,6,9
2577,161,1,stone_misc,TILESET - Castle_Sasune_Inner.png,6,9
2578,161,2,stone_misc,TILESET - Amur-Shrine.png,6,8
2579,161,3,stone_misc,TILESET - Gulgan_Gulch1.png,6,8
2580,161,4,stone_misc,TILESET - Sewers1.png,6,9
2581,161,5,stone_misc,TILESET - Castle_Argus-Tower.png,6,9
2582,161,6,stone_misc,TILESET - Dogas_Grotto1.png,6,9
2583,161,7,stone_misc,TILESET - Saronia_Castle2.png,6,8
2584,161,8,stone_misc,TILESET - Castle_Argus3F.png,6,8
2585,161,9,stone_misc,TILESET - Tozus-Magic_WeaponShop.png,6,8
2586,161,10,stone_misc,TILESET - Vikings_Cove-Inn_ItemShop.png,6,9
2587,161,11,stone_misc,TILESET - Canaan-Magic_WeaponShop.png,6,9
2588,161,12,stone_misc,TILESET - Tozus-Inn_ItemShop.png,6,8
2589,161,13,stone_misc,TILESET - Canaan-Magic_WeaponShop.png,7,14
2590,161,14,stone_misc,TILESET - Canaan-NobleHouse.png,5,8
2591,161,15,stone_misc,TILESET - Ancients_Maze1.png,3,3
2592,162,0,stone_misc,TILESET - World_of_Darkness7.png,3,3
2593,162,1,stone_misc,TILESET - Crystal_Tower_8F_1.png,3,3
2594,162,2,stone_misc,TILESET - Dwarven_Hollow-ArmorShop.png,6,9
2595,162,3,stone_misc,TILESET - Castle_Argus3F.png,6,9
2596,162,4,stone_misc,TILESET - Amur-ArmorShop.png,6,9
2597,162,5,stone_misc,TILESET - World_of_Darkness-Crystal_Room.png,0,2
2598,162,6,stone_misc,TILESET - World_of_Darkness-Crystal_Room.png,5,2
2599,162,7,stone_misc,TILESET - Cave_of_Shadows6.png,0,0
2600,162,8,stone_misc,TILESET - Dwarven_Hollow-Inn_ItemShop.png,3,2
2601,162,9,stone_misc,TILESET - Eureka_B6.png,2,0
2602,162,10,stone_misc,TILESET - Castle_Sasune.png,5,0
2603,162,11,stone_misc,TILESET - Castle_Sasune.png,3,1
2604,162,12,stone_misc,TILESET - Eureka_B7_1.png,1,5
2605,162,13,stone_misc,TILESET - Ur_EldersHouse.png,3,1
2606,162,14,stone_misc,TILESET - The_Invincible.png,4,13
2607,162,15,stone_misc,TILESET - Saronia_Castle1.png,0,8
2608,163,0,stone_misc,TILESET - Castle_Sasune.png,0,8
2609,163,1,stone_misc,TILESET - Saronia_Castle1.png,0,7
2610,163,2,stone_misc,TILESET - Saronia_Castle1.png,3,12
2611,163,3,stone_misc,TILESET - Saronia_Castle1.png,3,13
2612,163,4,stone_misc,TILESET - Kazus.png,3,8
2613,163,5,stone_misc,TILESET - Falgabard.png,3,8
2614,163,6,stone_misc,TILESET - Castle_Sasune.png,2,8
2615,163,7,stone_misc,TILESET - Saronia_Castle1.png,2,8
2616,163,8,stone_misc,TILESET - Saronia_Castle1.png,1,6
2617,163,9,stone_misc,TILESET - Mythril_Mine.png,0,14
2618,163,10,stone_misc,TILESET - Castle_Sasune.png,1,6
2619,163,11,stone_misc,TILESET - Dwarven_Hollow-ArmorShop.png,4,14
2620,163,12,stone_misc,TILESET - Dwarven_Hollow-ArmorShop.png,4,11
2621,163,13,stone_misc,TILESET - Castle_Sasune.png,0,4
2622,163,14,stone_misc,TILESET - Inn_ItemShop.png,0,1
2623,163,15,stone_misc,TILESET - Ur_EldersHouse.png,3,0
2624,164,0,stone_misc,TILESET - Canaan-CidHouse_1F.png,1,1
2625,164,1,stone_misc,TILESET - Canaan-Shrine.png,1,1
2626,164,2,stone_misc,TILESET - Saronia_Castle-Gate.png,1,10
2627,164,3,stone_misc,TILESET - Kazus.png,3,10
2628,164,4,stone_misc,TILESET - Kazus.png,3,14
2629,164,5,stone_misc,TILESET - Falgabard.png,3,14
2630,164,6,stone_misc,TILESET - Kazus.png,3,9
2631,164,7,stone_misc,TILESET - Kazus.png,3,7
2632,164,8,stone_misc,TILESET - Falgabard.png,3,9
2633,164,9,stone_misc,TILESET - Canaan-CidHouse_2F.png,3,2
2634,164,10,stone_misc,TILESET - Ur_EldersHouse.png,3,2
2635,164,11,stone_misc,TILESET - Saronia_Castle1.png,1,7
2636,164,12,stone_misc,TILESET - World_of_Darkness7.png,7,12
2637,164,13,stone_misc,TILESET - Crystal_Tower_8F_2.png,7,12
2638,164,14,stone_misc,TILESET - Canaan-NobleHouse.png,6,3
2639,164,15,stone_misc,TILESET - Airship.png,4,3
2640,165,0,stone_misc,TILESET - Saronia_Castle1.png,2,0
2641,165,1,stone_misc,TILESET - Saronia_Castle1.png,2,1
2642,165,2,stone_misc,TILESET - Castle_Sasune.png,0,6
2643,165,3,stone_misc,TILESET - Saronia_Castle1.png,0,12
2644,165,4,stone_misc,TILESET - Saronia_Catacombs3.png,1,9
2645,165,5,stone_misc,TILESET - Dwarven_HollowB1_B2.png,1,0
2646,165,6,stone_misc,TILESET - Dwarven_Hollow-ArmorShop.png,1,0
2647,165,7,stone_misc,TILESET - Tower_of_Owen1F.png,2,1
2648,165,8,stone_misc,TILESET - Amur-Shrine.png,0,13
2649,165,9,stone_misc,TILESET - Ur_EldersHouse.png,0,13
2650,165,10,stone_misc,TILESET - Kazus.png,0,4
2651,165,11,stone_misc,TILESET - Amur.png,0,4
2652,165,12,stone_misc,TILESET - Ur.png,0,4
2653,165,13,stone_misc,TILESET - Canaan.png,6,3
2654,165,14,stone_misc,TILESET - Canaan.png,6,9
2655,165,15,stone_misc,TILESET - Canaan-CidHouse_1F.png,4,13
2656,166,0,stone_misc,TILESET - Canaan-Shrine.png,4,13
2657,166,1,stone_misc,TILESET - Amur.png,3,11
2658,166,2,stone_misc,TILESET - Falgabard.png,4,13
2659,166,3,stone_misc,TILESET - Kazus.png,4,13
2660,166,4,stone_misc,TILESET - Ur_EldersHouse.png,5,6
2661,166,5,stone_misc,TILESET - Amur.png,1,15
2662,166,6,stone_misc,TILESET - Kazus.png,1,15
2663,166,7,stone_misc,TILESET - Ur.png,1,15
2664,166,8,stone_misc,TILESET - Canaan.png,4,4
2665,166,9,stone_misc,TILESET - Canaan.png,6,13
2666,166,10,stone_misc,TILESET - Dogas_Village.png,4,4
2667,166,11,stone_misc,TILESET - Ur.png,6,13
2668,166,12,stone_misc,TILESET - Canaan-NobleHouse.png,1,1
2669,166,13,stone_misc,TILESET - Vikings_Cove-Inn_ItemShop.png,1,7
2670,166,14,stone_misc,TILESET - Canaan-NobleHouse.png,4,5
2671,166,15,stone_misc,TILESET - Canaan-NobleHouse.png,0,1
2672,167,0,stone_misc,TILESET - Canaan-CidHouse_1F.png,5,10
2673,167,1,stone_misc,TILESET - Canaan-CidHouse_2F.png,0,13
2674,167,2,stone_misc,TILESET - Canaan-Shrine.png,1,4
2675,167,3,stone_misc,TILESET - Sewers1.png,0,15
2676,167,4,stone_misc,TILESET - Tower_of_Owen11F.png,3,0
2677,167,5,stone_misc,TILESET - Cave_of_Shadows6.png,0,1
2678,167,6,stone_misc,TILESET - Tower_of_Owen11F.png,2,9
2679,167,7,stone_misc,TILESET - Tower_of_Owen11F.png,1,12
2680,167,8,stone_misc,TILESET - World_of_Darkness-Crystal_Room.png,2,13
2681,167,9,stone_misc,TILESET - World_of_Darkness-Crystal_Room.png,0,10
2682,167,10,stone_misc,TILESET - World_of_Darkness1.png,2,10
2683,167,11,stone_misc,TILESET - World_of_Darkness7.png,2,15
2684,167,12,stone_misc,TILESET - World_of_Darkness-Crystal_Room.png,5,3
2685,167,13,stone_misc,TILESET - Saronia_Catacombs3.png,1,3
2686,167,14,stone_misc,TILESET - Canaan-Shrine.png,4,12
2687,167,15,stone_misc,TILESET - Canaan-CidHouse_1F.png,4,12
2688,168,0,stone_misc,TILESET - Saronia_Castle1.png,2,3
2689,168,1,stone_misc,TILESET - Castle_Sasune.png,2,3
2690,168,2,stone_misc,TILESET - Eureka_B7_1.png,0,0
2691,168,3,stone_misc,TILESET - Saronia_NorthEast.png,4,4
2692,168,4,stone_misc,TILESET - Canaan-NobleHouse.png,3,2
2693,168,5,stone_misc,TILESET - Castle_Sasune.png,1,7
2694,168,6,stone_misc,TILESET - Eureka_B1.png,0,0
2695,168,7,stone_misc,TILESET - Dwarven_Hollow-Inn_ItemShop.png,4,12
2696,168,8,stone_misc,TILESET - Dwarven_Hollow-Inn_ItemShop.png,5,9
2697,168,9,stone_misc,TILESET - Dwarven_HollowB1_B2.png,2,14
2698,168,10,stone_misc,TILESET - Canaan.png,3,14
2699,168,11,stone_misc,TILESET - Dogas_Village.png,3,14
2700,168,12,stone_misc,TILESET - Ur_EldersHouse.png,4,5
2701,168,13,stone_misc,TILESET - Tozus-Inn_ItemShop.png,3,14
2702,168,14,stone_misc,TILESET - Ur_EldersHouse.png,1,0
2703,168,15,stone_misc,TILESET - Shop_1.png,1,0
2704,169,0,stone_misc,TILESET - Canaan-Inn_ItemShop.png,4,9
2705,169,1,stone_misc,TILESET - Canaan-Magic_WeaponShop.png,4,9
2706,169,2,stone_misc,TILESET - Shop_1.png,7,2
2707,169,3,stone_misc,TILESET - Shop_1.png,6,5
2708,169,4,stone_misc,TILESET - Shop_1.png,4,9
2709,169,5,stone_misc,TILESET - Tozus-Inn_ItemShop.png,4,9
2710,169,6,stone_misc,TILESET - Amur-ArmorShop.png,4,11
2711,169,7,stone_misc,TILESET - Shop_1.png,4,11
2712,169,8,stone_misc,TILESET - Tozus-Magic_WeaponShop.png,4,11
2713,169,9,stone_misc,TILESET - Tozus-Magic_WeaponShop.png,5,9
2714,169,10,stone_misc,TILESET - Tozus-Magic_WeaponShop.png,4,12
2715,169,11,stone_misc,TILESET - Castle_Sasune_Inner2.png,2,4
2716,169,12,stone_misc,TILESET - Saronia_Castle5.png,2,4
2717,169,13,stone_misc,TILESET - Canaan-CidHouse_2F.png,5,5
2718,169,14,stone_misc,TILESET - Canaan-CidHouse_2F.png,2,14
2719,169,15,stone_misc,TILESET - Amur-Shrine.png,2,14
2720,170,0,stone_misc,TILESET - Kazus.png,3,6
2721,170,1,stone_misc,TILESET - Inn_ItemShop.png,4,12
2722,170,2,stone_misc,TILESET - Canaan-CidHouse_2F.png,5,9
2723,170,3,stone_misc,TILESET - Amur-Shrine.png,5,9
2724,170,4,stone_misc,TILESET - Canaan-Inn_ItemShop.png,3,13
2725,170,5,stone_misc,TILESET - Shop_1.png,1,4
2726,170,6,stone_misc,TILESET - Amur-Shrine.png,1,4
2727,170,7,stone_misc,TILESET - Ur_EldersHouse.png,1,4
2728,170,8,stone_misc,TILESET - Saronia_NorthEast.png,3,14
2729,170,9,stone_misc,TILESET - Canaan.png,0,14
2730,170,10,stone_misc,TILESET - Amur-ArmorShop.png,0,1
2731,170,11,stone_misc,TILESET - Canaan-CidHouse_1F.png,0,1
2732,170,12,stone_misc,TILESET - Canaan-CidHouse_2F.png,0,1
2733,170,13,stone_misc,TILESET - Amur-House.png,3,2
2734,170,14,stone_misc,TILESET - Amur-ArmorShop.png,6,3
2735,170,15,stone_misc,TILESET - Canaan-CidHouse_2F.png,6,3
2736,171,0,stone_misc,TILESET - Canaan-CidHouse_1F.png,6,3
2737,171,1,stone_misc,TILESET - Canaan-Inn_ItemShop.png,6,3
2738,171,2,stone_misc,TILESET - Inn_ItemShop.png,6,3
2739,171,3,stone_misc,TILESET - Canaan-CidHouse_1F.png,3,2
2740,171,4,stone_misc,TILESET - Canaan-CidHouse_1F.png,4,5
2741,171,5,stone_misc,TILESET - Canaan-CidHouse_2F.png,4,5
2742,171,6,stone_misc,TILESET - Canaan-Inn_ItemShop.png,0,1
2743,171,7,stone_misc,TILESET - Tozus-Inn_ItemShop.png,0,1
2744,171,8,stone_misc,TILESET - Canaan-Inn_ItemShop.png,4,5
2745,171,9,stone_misc,TILESET - Canaan-ArmorShop.png,4,5
2746,171,10,stone_misc,TILESET - Canaan-Magic_WeaponShop.png,4,5
2747,171,11,stone_misc,TILESET - Canaan-Inn_ItemShop.png,5,13
2748,171,12,stone_misc,TILESET - Ur_EldersHouse.png,6,3
2749,171,13,stone_misc,TILESET - Tozus-Inn_ItemShop.png,6,3
2750,171,14,stone_misc,TILESET - Canaan-CidHouse_2F.png,3,1
2751,171,15,stone_misc,TILESET - Amur-Shrine.png,3,1
2752,172,0,stone_misc,TILESET - Amur.png,7,3
2753,172,1,stone_misc,TILESET - Ur.png,6,9
2754,172,2,stone_misc,TILESET - Canaan-CidHouse_1F.png,5,9
2755,172,3,stone_misc,TILESET - Canaan-Shrine.png,5,9
2756,172,4,stone_misc,TILESET - Canaan-CidHouse_1F.png,1,0
2757,172,5,stone_misc,TILESET - Canaan-Shrine.png,1,0
2758,172,6,stone_misc,TILESET - Canaan-CidHouse_1F.png,1,4
2759,172,7,stone_misc,TILESET - Wreck1.png,1,3
2760,172,8,stone_misc,TILESET - Tozus.png,5,14
2761,172,9,stone_misc,TILESET - Falgabard.png,4,4
2762,172,10,stone_misc,TILESET - Kazus.png,4,4
2763,172,11,stone_misc,TILESET - Canaan.png,1,8
2764,172,12,stone_misc,TILESET - Canaan-CidHouse_2F.png,2,15
2765,172,13,stone_misc,TILESET - Ur_EldersHouse.png,2,15
2766,172,14,stone_misc,TILESET - Canaan-ArmorShop.png,0,1
2767,172,15,stone_misc,TILESET - Canaan-Magic_WeaponShop.png,5,13
2768,173,0,stone_misc,TILESET - Canaan-ArmorShop.png,6,3
2769,173,1,stone_misc,TILESET - Canaan-Shrine.png,3,2
2770,173,2,stone_misc,TILESET - Falgabard.png,4,14
2771,173,3,stone_misc,TILESET - Ur.png,7,3
2772,173,4,stone_misc,TILESET - Nepto_Temple1F.png,1,11
2773,173,5,stone_misc,TILESET - Dwarven_Hollow-ArmorShop.png,1,4
2774,173,6,stone_misc,TILESET - Dwarven_Hollow-Inn_ItemShop.png,1,0
2775,173,7,stone_misc,TILESET - Dwarven_Hollow-Inn_ItemShop.png,1,11
2776,173,8,stone_misc,TILESET - Castle_Sasune.png,1,1
2777,173,9,stone_misc,TILESET - Amur-Shrine.png,3,2
2778,173,10,stone_misc,TILESET - Amur-ArmorShop.png,3,2
2779,173,11,stone_misc,TILESET - Tozus-Magic_WeaponShop.png,3,2
2780,173,12,stone_misc,TILESET - Canaan-ArmorShop.png,3,2
2781,173,13,stone_misc,TILESET - Canaan-Magic_WeaponShop.png,3,2
2782,173,14,stone_misc,TILESET - Amur-House.png,3,1
2783,173,15,stone_misc,TILESET - Canaan.png,5,14
2784,174,0,stone_misc,TILESET - Castle_Sasune.png,2,9
2785,174,1,stone_misc,TILESET - Saronia_Castle1.png,2,9
2786,174,2,stone_misc,TILESET - Saronia_Castle1.png,1,8
2787,174,3,stone_misc,TILESET - Canaan-Shrine.png,5,10
2788,174,4,stone_misc,TILESET - Crystal_Tower_8F_1.png,2,14
2789,174,5,stone_misc,TILESET - Vikings_Cove-Inn_ItemShop.png,1,9
2790,174,6,stone_misc,TILESET - Eureka_B6.png,0,7
2791,174,7,stone_misc,TILESET - Canaan-NobleHouse.png,1,0
2792,174,8,stone_misc,TILESET - Canaan.png,6,14
2793,174,9,stone_misc,TILESET - Canaan.png,4,5
2794,174,10,stone_misc,TILESET - Ur.png,0,14
2795,174,11,stone_misc,TILESET - Kazus.png,0,14
2796,174,12,stone_misc,TILESET - Amur.png,0,14
2797,174,13,stone_misc,TILESET - Ur.png,4,4
2798,174,14,stone_misc,TILESET - Falgabard.png,5,5
2799,174,15,stone_misc,TILESET - Inn_ItemShop.png,6,5
2800,175,0,stone_misc,TILESET - Canaan-NobleHouse.png,7,2
2801,175,1,stone_misc,TILESET - Canaan-NobleHouse.png,4,9
2802,175,2,stone_misc,TILESET - Amur-Shrine.png,1,0
2803,175,3,stone_misc,TILESET - Amur-ArmorShop.png,1,0
2804,175,4,stone_misc,TILESET - Tozus-Magic_WeaponShop.png,1,0
2805,175,5,stone_misc,TILESET - Falgabard.png,4,10
2806,175,6,stone_misc,TILESET - Canaan.png,4,10
2807,175,7,stone_misc,TILESET - Canaan-ArmorShop.png,4,11
2808,175,8,stone_misc,TILESET - Canaan-Magic_WeaponShop.png,4,11
2809,175,9,stone_misc,TILESET - Saronia_Castle1.png,5,6
2810,175,10,stone_misc,TILESET - Ancient_Ruins3.png,0,0
2811,175,11,stone_misc,TILESET - Castle_Sasune_Inner.png,0,0
2812,175,12,stone_misc,TILESET - Saronia_Castle2.png,1,9
2813,175,13,stone_misc,TILESET - Kazus.png,0,15
2814,175,14,stone_misc,TILESET - Amur.png,0,15
2815,175,15,stone_misc,TILESET - Canaan.png,0,15
2816,176,0,stone_misc,TILESET - Saronia_Castle-Gate.png,0,15
2817,176,1,stone_misc,TILESET - Tozus-Inn_ItemShop.png,4,6
2818,176,2,stone_misc,TILESET - Falgabard.png,3,6
2819,176,3,stone_misc,TILESET - Tozus-Magic_WeaponShop.png,1,4
2820,176,4,stone_misc,TILESET - Amur-ArmorShop.png,1,4
2821,176,5,stone_misc,TILESET - Canaan-ArmorShop.png,1,4
2822,176,6,stone_misc,TILESET - Canaan-Magic_WeaponShop.png,1,4
2823,176,7,stone_misc,TILESET - Canaan-Inn_ItemShop.png,1,0
2824,176,8,stone_misc,TILESET - Amur-Inn_Pub.png,1,0
2825,176,9,stone_misc,TILESET - Inn_ItemShop.png,1,0
2826,176,10,stone_misc,TILESET - Saronia_Castle-Gate.png,4,15
2827,176,11,stone_misc,TILESET - Amur.png,3,6
2828,176,12,stone_misc,TILESET - Canaan-NobleHouse.png,7,3
2829,176,13,stone_misc,TILESET - Dogas_Village.png,4,5
2830,176,14,stone_misc,TILESET - Ur.png,4,5
2831,176,15,stone_misc,TILESET - Kazus.png,4,14
2832,177,0,stone_misc,TILESET - Bahamuts_Nest.png,0,7
2833,177,1,stone_misc,TILESET - Canaan-NobleHouse.png,1,4
2834,177,2,stone_misc,TILESET - Saronia_Castle1.png,3,0
2835,177,3,stone_misc,TILESET - Saronia_Castle2.png,1,0
2836,177,4,stone_misc,TILESET - Saronia_Catacombs1.png,1,0
2837,177,5,stone_misc,TILESET - Saronia_Catacombs1.png,0,1
2838,177,6,stone_misc,TILESET - Saronia_Castle2.png,0,1
2839,177,7,stone_misc,TILESET - Saronia_NorthEast.png,4,13
2840,177,8,stone_misc,TILESET - Dogas_Grotto1.png,3,14
2841,177,9,stone_misc,TILESET - Dogas_Grotto1.png,3,13
2842,177,10,stone_misc,TILESET - Dwarven_HollowB1_B2.png,4,6
2843,177,11,stone_misc,TILESET - Dwarven_Hollow-Inn_ItemShop.png,5,10
2844,177,12,stone_misc,TILESET - Dwarven_Hollow-Inn_ItemShop.png,4,13
2845,177,13,stone_misc,TILESET - Dwarven_Hollow-Inn_ItemShop.png,2,9
2846,177,14,stone_misc,TILESET - Ur.png,6,14
2847,177,15,stone_misc,TILESET - Eureka_B7_1.png,4,3
2848,178,0,stone_misc,TILESET - Crystal_Tower_5F.png,2,13
2849,178,1,stone_misc,TILESET - Saronia_NorthEast.png,3,8
2850,178,2,stone_misc,TILESET - Canaan-NobleHouse.png,6,9
2851,178,3,stone_misc,TILESET - Canaan-ArmorShop.png,6,9
2852,178,4,stone_misc,TILESET - Tozus-Magic_WeaponShop.png,6,9
2853,178,5,stone_misc,TILESET - Falgabard.png,7,3
2854,178,6,stone_misc,TILESET - Sewers1.png,6,12
2855,178,7,stone_misc,TILESET - Bahamuts_Nest.png,4,8
2856,178,8,stone_misc,TILESET - Ancients_Maze1.png,1,2
2857,178,9,stone_misc,TILESET - Canaan-NobleHouse.png,4,6
2858,178,10,stone_misc,TILESET - World_of_Darkness1.png,6,7
2859,178,11,stone_misc,TILESET - Crystal_Tower_8F_1.png,0,15
2860,178,12,stone_misc,TILESET - World_of_Darkness-Crystal_Room.png,0,15
2861,178,13,stone_misc,TILESET - World_of_Darkness-Crystal_Room.png,3,13
2862,178,14,stone_misc,TILESET - Cave_of_Shadows6.png,6,12
2863,178,15,stone_misc,TILESET - Airship.png,0,14
2864,179,0,stone_misc,TILESET - Eureka_B6.png,1,8
2865,179,1,stone_misc,TILESET - Eureka_B6.png,1,1
2866,179,2,stone_misc,TILESET - Eureka_B1.png,4,3
2867,179,3,stone_misc,TILESET - Dwarven_Hollow-Inn_ItemShop.png,1,4
2868,179,4,stone_misc,TILESET - Mythril_Mine.png,4,3
2869,179,5,stone_misc,TILESET - Eureka_B6.png,1,0
2870,179,6,stone_misc,TILESET - Saronia_Castle2.png,1,14
2871,179,7,stone_misc,TILESET - Saronia_Catacombs1.png,1,14
2872,179,8,stone_misc,TILESET - Saronia_Catacombs1.png,1,12
2873,179,9,stone_misc,TILESET - Saronia_Castle2.png,1,12
2874,179,10,stone_misc,TILESET - Castle_Sasune_Inner.png,1,12
2875,179,11,stone_misc,TILESET - Dwarven_Hollow-Inn_ItemShop.png,1,1
2876,179,12,stone_misc,TILESET - Dwarven_Hollow-Inn_ItemShop.png,1,3
2877,179,13,stone_misc,TILESET - Saronia_Castle2.png,0,15
2878,179,14,stone_misc,TILESET - Crystal_Tower_5F.png,0,2
2879,179,15,stone_misc,TILESET - Eureka_B7_1.png,4,9
2880,180,0,stone_misc,TILESET - Castle_Sasune.png,4,9
2881,180,1,stone_misc,TILESET - Saronia_Castle1.png,3,10
2882,180,2,stone_misc,TILESET - Canaan.png,4,13
2883,180,3,stone_misc,TILESET - Dogas_Village.png,4,13
2884,180,4,stone_misc,TILESET - Ur.png,4,13
2885,180,5,stone_misc,TILESET - Shop_1.png,6,6
2886,180,6,stone_misc,TILESET - Amur-ArmorShop.png,4,10
2887,180,7,stone_misc,TILESET - Shop_1.png,7,3
2888,180,8,stone_misc,TILESET - Inn_ItemShop.png,6,6
2889,180,9,stone_misc,TILESET - Tozus-Inn_ItemShop.png,4,10
2890,180,10,stone_misc,TILESET - Canaan-NobleHouse.png,4,10
2891,180,11,stone_misc,TILESET - Crystal_Tower_8F_2.png,7,13
2892,180,12,stone_misc,TILESET - World_of_Darkness7.png,7,13
2893,180,13,stone_misc,TILESET - Canaan-Magic_WeaponShop.png,5,8
2894,180,14,stone_misc,TILESET - Dogas_Grotto1.png,3,3
2895,180,15,stone_misc,TILESET - Canaan-CidHouse_1F.png,1,3
2896,181,0,stone_misc,TILESET - Ur_Shed.png,1,2
2897,181,1,stone_misc,TILESET - Castle_Sasune.png,4,2
2898,181,2,stone_misc,TILESET - Eureka_B7_1.png,4,2
2899,181,3,stone_misc,TILESET - Amur-Inn_Pub.png,3,2
2900,181,4,stone_misc,TILESET - Tozus-Inn_ItemShop.png,3,2
2901,181,5,stone_misc,TILESET - The_Invincible.png,0,2
2902,181,6,stone_misc,TILESET - Dwarven_HollowB1_B2.png,4,14
2903,181,7,stone_misc,TILESET - Dogas_Grotto1.png,3,11
2904,181,8,stone_misc,TILESET - Canaan-CidHouse_2F.png,4,13
2905,181,9,stone_misc,TILESET - Amur-Shrine.png,4,13
2906,181,10,stone_misc,TILESET - Ur_EldersHouse.png,4,13
2907,181,11,stone_misc,TILESET - Eureka_B1.png,1,4
2908,181,12,stone_misc,TILESET - Eureka_B3.png,1,4
2909,181,13,stone_misc,TILESET - Mythril_Mine.png,1,4
2910,181,14,stone_misc,TILESET - Eureka_B7_1.png,1,4
2911,181,15,stone_misc,TILESET - Eureka_B6.png,3,14
2912,182,0,stone_misc,TILESET - Ur_EldersHouse.png,5,10
2913,182,1,stone_misc,TILESET - Canaan-Shrine.png,1,3
2914,182,2,stone_misc,TILESET - Canaan-Shrine.png,1,2
2915,182,3,stone_misc,TILESET - Canaan-CidHouse_1F.png,1,2
2916,182,4,stone_misc,TILESET - Tozus-Magic_WeaponShop.png,1,11
2917,182,5,stone_misc,TILESET - Castle_Sasune.png,1,13
2918,182,6,stone_misc,TILESET - Amur.png,5,14
2919,182,7,stone_misc,TILESET - Kazus.png,5,14
2920,182,8,stone_misc,TILESET - Airship.png,4,13
2921,182,9,stone_misc,TILESET - Castle_Sasune.png,0,7
2922,182,10,stone_misc,TILESET - Castle_Sasune.png,3,12
2923,182,11,stone_misc,TILESET - Castle_Sasune.png,3,13
2924,182,12,stone_misc,TILESET - Castle_Sasune.png,2,0
2925,182,13,stone_misc,TILESET - Castle_Sasune.png,2,1
2926,182,14,stone_misc,TILESET - Saronia_Castle1.png,1,11
2927,182,15,stone_misc,TILESET - Tower_of_Owen10F.png,1,5
2928,183,0,stone_misc,TILESET - Dwarven_Hollow-ArmorShop.png,1,11
2929,183,1,stone_misc,TILESET - Dogas_Grotto1.png,2,1
2930,183,2,stone_misc,TILESET - Eureka_B1.png,1,5
2931,183,3,stone_misc,TILESET - Eureka_B3.png,1,5
2932,183,4,stone_misc,TILESET - Ur_Shed.png,5,10
2933,183,5,stone_misc,TILESET - Shop_1.png,0,1
2934,183,6,stone_misc,TILESET - Canaan-CidHouse_2F.png,3,0
2935,183,7,stone_misc,TILESET - Canaan-CidHouse_2F.png,1,11
2936,183,8,stone_misc,TILESET - Canaan-NobleHouse.png,1,2
2937,183,9,stone_misc,TILESET - Dogas_Village.png,4,14
2938,183,10,stone_misc,TILESET - Ur.png,4,14
2939,183,11,stone_misc,TILESET - Eureka_B1.png,0,14
2940,183,12,stone_misc,TILESET - Eureka_B3.png,0,14
2941,183,13,stone_misc,TILESET - Falgabard_Cave.png,0,14
2942,183,14,stone_misc,TILESET - Canaan.png,7,3
2943,183,15,stone_misc,TILESET - Castle_Sasune.png,1,8
2944,184,0,stone_misc,TILESET - Bahamuts_Nest.png,0,15
2945,184,1,stone_misc,TILESET - Saronia_Catacombs3.png,1,1
2946,184,2,stone_misc,TILESET - Amur-House.png,4,13
2947,184,3,stone_misc,TILESET - Crystal_Tower_8F_1.png,2,1
2948,184,4,stone_misc,TILESET - Eureka_B6.png,0,4
2949,184,5,stone_misc,TILESET - Crystal_Tower_8F_1.png,0,11
2950,184,6,stone_misc,TILESET - Amur-House.png,5,10
2951,184,7,stone_misc,TILESET - Dogas_Grotto1.png,3,4
2952,184,8,stone_misc,TILESET - Saronia_Castle1.png,1,13
2953,184,9,stone_misc,TILESET - Inn_ItemShop.png,3,2
2954,184,10,stone_misc,TILESET - The_Invincible.png,1,10
2955,184,11,stone_misc,TILESET - Shop_1.png,4,14
2956,184,12,stone_misc,TILESET - Amur.png,4,10
2957,184,13,stone_misc,TILESET - Saronia_Castle1.png,0,10
2958,184,14,stone_misc,TILESET - Castle_Sasune.png,0,10
2959,184,15,stone_misc,TILESET - Saronia_Castle1.png,2,15
2960,185,0,stone_misc,TILESET - Castle_Sasune.png,2,15
2961,185,1,stone_misc,TILESET - Canaan-Inn_ItemShop.png,4,1
2962,185,2,stone_misc,TILESET - Castle_Sasune_Inner.png,4,3
2963,185,3,stone_misc,TILESET - Amur-Inn_Pub.png,4,11
2964,185,4,stone_misc,TILESET - Tozus-Inn_ItemShop.png,4,11
2965,185,5,stone_misc,TILESET - Inn_ItemShop.png,4,13
2966,185,6,stone_misc,TILESET - Canaan-Inn_ItemShop.png,1,11
2967,185,7,stone_misc,TILESET - Tozus-Inn_ItemShop.png,1,11
2968,185,8,stone_misc,TILESET - Amur.png,5,5
2969,185,9,stone_misc,TILESET - Amur-ArmorShop.png,5,9
2970,185,10,stone_misc,TILESET - Amur-ArmorShop.png,4,14
2971,185,11,stone_misc,TILESET - Shop_1.png,3,2
2972,185,12,stone_misc,TILESET - Inn_ItemShop.png,3,1
2973,185,13,stone_misc,TILESET - Amur-ArmorShop.png,3,1
2974,185,14,stone_misc,TILESET - Canaan-ArmorShop.png,3,1
2975,185,15,stone_misc,TILESET - Canaan-Inn_ItemShop.png,3,1
2976,186,0,stone_misc,TILESET - Canaan-Magic_WeaponShop.png,4,12
2977,186,1,stone_misc,TILESET - Canaan-ArmorShop.png,4,12
2978,186,2,stone_misc,TILESET - Kazus.png,1,6
2979,186,3,stone_misc,TILESET - Falgabard.png,4,12
2980,186,4,stone_misc,TILESET - Dwarven_Hollow-ArmorShop.png,5,9
2981,186,5,stone_misc,TILESET - Vikings_Cove-Inn_ItemShop.png,7,1
2982,186,6,stone_misc,TILESET - Tower_of_Owen1F.png,7,0
2983,186,7,stone_misc,TILESET - Tower_of_Owen11F.png,7,0
2984,186,8,stone_misc,TILESET - Castle_Sasune.png,7,0
2985,186,9,stone_misc,TILESET - Saronia_Castle1.png,7,0
2986,186,10,stone_misc,TILESET - Ur_Shed.png,4,11
2987,186,11,stone_misc,TILESET - Ur.png,6,3
2988,186,12,stone_misc,TILESET - Canaan-NobleHouse.png,5,10
2989,186,13,stone_misc,TILESET - Canaan-NobleHouse.png,4,13
2990,186,14,stone_misc,TILESET - Ur.png,3,11
2991,186,15,stone_misc,TILESET - Shop_1.png,6,3
2992,187,0,stone_misc,TILESET - Ur.png,3,14
2993,187,1,stone_misc,TILESET - Tozus-Inn_ItemShop.png,3,1
2994,187,2,stone_misc,TILESET - Canaan-CidHouse_1F.png,3,1
2995,187,3,stone_misc,TILESET - Canaan-Shrine.png,3,1
2996,187,4,stone_misc,TILESET - Ur_Shed.png,3,1
2997,187,5,stone_misc,TILESET - Saronia_Castle1.png,1,1
2998,187,6,stone_misc,TILESET - Amur.png,3,14
2999,187,7,stone_misc,TILESET - Amur.png,4,4
3000,187,8,stone_misc,TILESET - Amur-ArmorShop.png,4,12
3001,187,9,stone_misc,TILESET - Mythril_Mine.png,0,0
3002,187,10,stone_misc,TILESET - Castle_Sasune.png,1,4
3003,187,11,stone_misc,TILESET - Saronia_Castle1.png,1,4
3004,187,12,stone_misc,TILESET - Canaan-Magic_WeaponShop.png,6,3
3005,187,13,stone_misc,TILESET - Saronia_Castle1.png,2,2
3006,187,14,stone_misc,TILESET - Castle_Sasune.png,2,2
3007,187,15,stone_misc,TILESET - Saronia_NorthEast.png,4,15
3008,188,0,stone_misc,TILESET - Dwarven_Hollow-ArmorShop.png,5,10
3009,188,1,stone_misc,TILESET - Dwarven_Hollow-ArmorShop.png,4,12
3010,188,2,stone_misc,TILESET - Bahamuts_Nest.png,1,15
3011,188,3,stone_misc,TILESET - Vikings_Cove-Inn_ItemShop.png,1,8
3012,188,4,stone_misc,TILESET - Dogas_Grotto1.png,1,1
3013,188,5,stone_misc,TILESET - Eureka_B6.png,1,7
3014,188,6,stone_misc,TILESET - Saronia_NorthEast.png,4,14
3015,188,7,stone_misc,TILESET - Tower_of_Owen3F.png,4,0
3016,188,8,stone_misc,TILESET - Retrieval_Forest.png,1,0
3017,188,9,stone_misc,TILESET - Chocobos_Forest.png,0,11
3018,188,10,stone_misc,TILESET - Retrieval_Forest.png,0,11
3019,188,11,stone_misc,TILESET - World_of_Darkness7.png,0,11
3020,188,12,stone_misc,TILESET - Crystal_Tower_8F_2.png,3,9
3021,188,13,stone_misc,TILESET - Wreck1.png,6,12
3022,188,14,stone_misc,TILESET - Eureka_B3.png,6,12
3023,188,15,stone_misc,TILESET - Tower_of_Owen10F.png,6,12
3024,189,0,stone_misc,TILESET - Falgabard_Cave.png,7,4
3025,189,1,stone_misc,TILESET - Falgabard_Cave.png,6,12
3026,189,2,stone_misc,TILESET - Mythril_Mine.png,6,12
3027,189,3,stone_misc,TILESET - Mythril_Mine.png,7,4
3028,189,4,stone_misc,TILESET - Kazus.png,7,3
3029,189,5,stone_misc,TILESET - Ur_Well.png,7,4
3030,189,6,stone_misc,TILESET - Ancient_Ruins1.png,7,4
3031,189,7,stone_misc,TILESET - Ancient_Ruins3.png,6,12
3032,189,8,stone_misc,TILESET - Ancient_Ruins1.png,6,12
3033,189,9,stone_misc,TILESET - Dogas_Grotto1.png,7,4
3034,189,10,stone_misc,TILESET - Ur_Well.png,6,12
3035,189,11,stone_misc,TILESET - Dogas_Grotto1.png,6,12
3036,189,12,stone_misc,TILESET - Canaan-CidHouse_1F.png,4,6
3037,189,13,stone_misc,TILESET - Canaan-CidHouse_1F.png,6,12
3038,189,14,stone_misc,TILESET - Dragons_Peak.png,1,10
3039,189,15,stone_misc,TILESET - Chocobos_Forest.png,2,1
3040,190,0,stone_misc,TILESET - Retrieval_Forest.png,2,1
3041,190,1,stone_misc,TILESET - Inn_ItemShop.png,2,6
3042,190,2,stone_misc,TILESET - Amur-Inn_Pub.png,2,6
3043,190,3,stone_misc,TILESET - Tozus-Inn_ItemShop.png,2,6
3044,190,4,stone_misc,TILESET - Subterranean_Lake1.png,0,2
3045,190,5,stone_misc,TILESET - Saronia_Castle1.png,1,14
3046,190,6,stone_misc,TILESET - World_of_Darkness-Crystal_Room.png,2,11
3047,190,7,stone_misc,TILESET - Kazus.png,3,11
3048,190,8,stone_misc,TILESET - Castle_Sasune_Inner2.png,2,5
3049,190,9,stone_misc,TILESET - Cave_of_Shadows6.png,1,10
3050,190,10,stone_misc,TILESET - Dogas_Grotto1.png,2,14
3051,190,11,stone_misc,TILESET - Amur-House.png,4,11
3052,190,12,stone_misc,TILESET - Amur-House.png,4,12
3053,190,13,stone_misc,TILESET - Canaan-NobleHouse.png,4,12
3054,190,14,stone_misc,TILESET - Canaan-NobleHouse.png,5,9
3055,190,15,stone_misc,TILESET - Amur-House.png,5,9
3056,191,0,stone_misc,TILESET - Ur_Shed.png,4,13
3057,191,1,stone_misc,TILESET - Canaan.png,1,15
3058,191,2,stone_misc,TILESET - Kazus.png,4,12
3059,191,3,stone_misc,TILESET - Amur.png,4,5
3060,191,4,stone_misc,TILESET - Tower_of_Owen11F.png,3,4
3061,191,5,stone_misc,TILESET - Tower_of_Owen1F.png,3,4
3062,191,6,stone_misc,TILESET - Falgabard.png,4,15
3063,191,7,stone_misc,TILESET - Canaan.png,4,14
3064,191,8,stone_misc,TILESET - Canaan-CidHouse_2F.png,1,0
3065,191,9,stone_misc,TILESET - Canaan-ArmorShop.png,1,0
3066,191,10,stone_misc,TILESET - Canaan-Magic_WeaponShop.png,1,0
3067,191,11,stone_misc,TILESET - Kazus.png,4,10
3068,191,12,stone_misc,TILESET - Saronia_NorthEast.png,4,10
3069,191,13,stone_misc,TILESET - Saronia_NorthEast.png,5,5
3070,191,14,stone_misc,TILESET - Saronia_NorthEast.png,3,6
3071,191,15,stone_misc,TILESET - Saronia_NorthEast.png,2,4
3072,192,0,stone_misc,TILESET - Saronia_Castle-Gate.png,4,4
3073,192,1,stone_misc,TILESET - Amur.png,4,15
3074,192,2,stone_misc,TILESET - Eureka_B6.png,4,13
3075,192,3,stone_misc,TILESET - Eureka_B6.png,3,13
3076,192,4,stone_misc,TILESET - Saronia_Castle2.png,0,0
3077,192,5,stone_misc,TILESET - Amur-Inn_Pub.png,4,12
3078,192,6,stone_misc,TILESET - Tozus-Inn_ItemShop.png,4,12
3079,192,7,stone_misc,TILESET - Amur-Inn_Pub.png,5,9
3080,192,8,stone_misc,TILESET - Tozus-Inn_ItemShop.png,5,9
3081,192,9,stone_misc,TILESET - Inn_ItemShop.png,5,9
3082,192,10,stone_misc,TILESET - Ur.png,0,15
3083,192,11,stone_misc,TILESET - Saronia_NorthEast.png,4,5
3084,192,12,stone_misc,TILESET - Canaan-ArmorShop.png,5,9
3085,192,13,stone_misc,TILESET - Canaan-Magic_WeaponShop.png,5,9
3086,192,14,stone_misc,TILESET - Amur-ArmorShop.png,5,10
3087,192,15,stone_misc,TILESET - Tozus-Magic_WeaponShop.png,5,10
3088,193,0,stone_misc,TILESET - Tozus-Magic_WeaponShop.png,4,13
3089,193,1,stone_misc,TILESET - Falgabard.png,4,11
3090,193,2,stone_misc,TILESET - Kazus.png,4,11
3091,193,3,stone_misc,TILESET - Saronia_Castle-Gate.png,4,10
3092,193,4,stone_misc,TILESET - Canaan-CidHouse_2F.png,1,4
3093,193,5,stone_misc,TILESET - Dwarven_Hollow-ArmorShop.png,1,1
3094,193,6,stone_misc,TILESET - Dwarven_Hollow-ArmorShop.png,1,3
3095,193,7,stone_misc,TILESET - Airship.png,0,8
3096,193,8,stone_misc,TILESET - Ur_Shed.png,5,9
3097,193,9,stone_misc,TILESET - Dwarven_Hollow-ArmorShop.png,0,13
3098,193,10,stone_misc,TILESET - Saronia_Castle2.png,7,1
3099,193,11,stone_misc,TILESET - Dogas_Grotto1.png,7,0
3100,193,12,stone_misc,TILESET - Saronia_Catacombs3.png,0,5
3101,193,13,stone_misc,TILESET - Eureka_B7_1.png,1,10
3102,193,14,stone_misc,TILESET - Falgabard.png,3,11
3103,193,15,stone_misc,TILESET - Crystal_Tower_8F_2.png,5,3
3104,194,0,stone_misc,TILESET - Castle_Sasune_Inner.png,2,5
3105,194,1,stone_misc,TILESET - Castle_Argus-Tower.png,2,5
3106,194,2,stone_misc,TILESET - Amur-House.png,4,6
3107,194,3,stone_misc,TILESET - Canaan-Shrine.png,6,12
3108,194,4,stone_misc,TILESET - Canaan-Shrine.png,4,6
3109,194,5,stone_misc,TILESET - Canaan-NobleHouse.png,6,12
3110,194,6,stone_misc,TILESET - Tower_of_Owen1F.png,0,11
3111,194,7,stone_misc,TILESET - Tower_of_Owen11F.png,0,11
3112,194,8,stone_misc,TILESET - Dwarven_Hollow-ArmorShop.png,2,9
3113,194,9,stone_misc,TILESET - Saronia_Castle2.png,1,5
3114,194,10,stone_misc,TILESET - Castle_Sasune_Inner.png,1,5
3115,194,11,stone_misc,TILESET - The_Invincible.png,1,9
3116,194,12,stone_misc,TILESET - Eureka_B1.png,4,9
3117,194,13,stone_misc,TILESET - Canaan-ArmorShop.png,4,1
3118,194,14,stone_misc,TILESET - Canaan-Magic_WeaponShop.png,4,1
3119,194,15,stone_misc,TILESET - Tozus-Inn_ItemShop.png,4,1
3120,195,0,stone_misc,TILESET - Shop_1.png,0,0
3121,195,1,stone_misc,TILESET - Ur_EldersHouse.png,0,0
3122,195,2,stone_misc,TILESET - Inn_ItemShop.png,0,0
3123,195,3,stone_misc,TILESET - Amur.png,4,13
3124,195,4,stone_misc,TILESET - Ur.png,3,9
3125,195,5,stone_misc,TILESET - Dogas_Village.png,3,9
3126,195,6,stone_misc,TILESET - Canaan.png,3,9
3127,195,7,stone_misc,TILESET - Amur.png,3,9
3128,195,8,stone_misc,TILESET - Amur-Inn_Pub.png,1,4
3129,195,9,stone_misc,TILESET - Canaan-Inn_ItemShop.png,1,3
3130,195,10,stone_misc,TILESET - Tozus-Inn_ItemShop.png,0,13
3131,195,11,stone_misc,TILESET - Tozus-Inn_ItemShop.png,1,0
3132,195,12,stone_misc,TILESET - Canaan-Inn_ItemShop.png,3,0
3133,195,13,stone_misc,TILESET - Amur-Inn_Pub.png,4,13
3134,195,14,stone_misc,TILESET - Tozus-Inn_ItemShop.png,4,13
3135,195,15,stone_misc,TILESET - Canaan-Inn_ItemShop.png,4,11
3136,196,0,stone_misc,TILESET - Amur-Inn_Pub.png,4,14
3137,196,1,stone_misc,TILESET - Tozus-Inn_ItemShop.png,4,14
3138,196,2,stone_misc,TILESET - Canaan-Inn_ItemShop.png,4,14
3139,196,3,stone_misc,TILESET - Amur-Inn_Pub.png,5,10
3140,196,4,stone_misc,TILESET - Tozus-Inn_ItemShop.png,5,10
3141,196,5,stone_misc,TILESET - Inn_ItemShop.png,5,10
3142,196,6,stone_misc,TILESET - Vikings_Cove-Inn_ItemShop.png,2,0
3143,196,7,stone_misc,TILESET - Ur_EldersHouse.png,7,4
3144,196,8,stone_misc,TILESET - Amur-Shrine.png,4,6
3145,196,9,stone_misc,TILESET - Canaan-CidHouse_2F.png,4,6
3146,196,10,stone_misc,TILESET - Canaan-CidHouse_2F.png,6,12
3147,196,11,stone_misc,TILESET - Ur_EldersHouse.png,4,6
3148,196,12,stone_misc,TILESET - Canaan.png,3,8
3149,196,13,stone_misc,TILESET - Ur.png,3,8
3150,196,14,stone_misc,TILESET - Dogas_Village.png,4,10
3151,196,15,stone_misc,TILESET - Ur.png,4,10
3152,197,0,stone_misc,TILESET - Canaan-Magic_WeaponShop.png,3,0
3153,197,1,stone_misc,TILESET - Canaan-ArmorShop.png,3,0
3154,197,2,stone_misc,TILESET - Canaan-ArmorShop.png,1,11
3155,197,3,stone_misc,TILESET - Canaan-Magic_WeaponShop.png,1,11
3156,197,4,stone_misc,TILESET - Amur-ArmorShop.png,1,11
3157,197,5,stone_misc,TILESET - Canaan-Inn_ItemShop.png,3,2
3158,197,6,stone_misc,TILESET - Canaan-Magic_WeaponShop.png,3,1
3159,197,7,stone_misc,TILESET - Tower_of_Owen11F.png,2,13
3160,197,8,stone_misc,TILESET - Tower_of_Owen1F.png,2,13
3161,197,9,stone_misc,TILESET - Shop_1.png,3,1
3162,197,10,stone_misc,TILESET - Canaan.png,1,7
3163,197,11,stone_misc,TILESET - Shop_1.png,1,11
3164,197,12,stone_misc,TILESET - Shop_1.png,3,0
3165,197,13,stone_misc,TILESET - Canaan-NobleHouse.png,4,14
3166,197,14,stone_misc,TILESET - Bahamuts_Nest.png,2,5
3167,197,15,stone_misc,TILESET - Dwarven_Hollow-ArmorShop.png,1,12
3168,198,0,stone_misc,TILESET - Eureka_B6.png,1,3
3169,198,1,stone_misc,TILESET - Ancients_Maze1.png,6,12
3170,198,2,stone_misc,TILESET - Airship.png,6,12
3171,198,3,stone_misc,TILESET - Eureka_B1.png,6,12
3172,198,4,stone_misc,TILESET - Crystal_Tower_5F.png,1,1
3173,198,5,stone_misc,TILESET - Crystal_Tower_8F_1.png,3,8
3174,198,6,stone_misc,TILESET - World_of_Darkness7.png,3,6
3175,198,7,stone_misc,TILESET - Village_of_Gysahl-Inn_ItemShop.png,2,6
3176,198,8,stone_misc,TILESET - Heins_Castle1.png,3,3
3177,198,9,stone_misc,TILESET - Canaan-NobleHouse.png,2,15
3178,198,10,stone_misc,TILESET - Ur_Shed.png,2,15
3179,198,11,stone_misc,TILESET - Ur_Shed.png,5,6
3180,198,12,stone_misc,TILESET - Amur-House.png,2,15
3181,198,13,stone_misc,TILESET - Canaan-Shrine.png,2,15
3182,198,14,stone_misc,TILESET - Canaan-CidHouse_1F.png,2,15
3183,198,15,stone_misc,TILESET - Canaan-CidHouse_1F.png,5,6
3184,199,0,stone_misc,TILESET - Canaan-Shrine.png,5,6
3185,199,1,stone_misc,TILESET - Saronia_NorthEast.png,3,9
3186,199,2,stone_misc,TILESET - Amur-ArmorShop.png,4,13
3187,199,3,stone_misc,TILESET - Canaan-ArmorShop.png,4,13
3188,199,4,stone_misc,TILESET - Canaan-Magic_WeaponShop.png,4,13
3189,199,5,stone_misc,TILESET - Canaan-Magic_WeaponShop.png,5,10
3190,199,6,stone_misc,TILESET - Canaan-ArmorShop.png,5,10
3191,199,7,stone_misc,TILESET - Canaan-Magic_WeaponShop.png,4,14
3192,199,8,stone_misc,TILESET - Canaan-ArmorShop.png,4,14
3193,199,9,stone_misc,TILESET - Tozus-Magic_WeaponShop.png,4,14
3194,199,10,stone_misc,TILESET - Dwarven_Hollow-ArmorShop.png,2,14
3195,199,11,stone_misc,TILESET - Canaan.png,4,15
3196,199,12,stone_misc,TILESET - Kazus.png,4,15
3197,199,13,stone_misc,TILESET - Amur-House.png,4,14
3198,199,14,stone_misc,TILESET - Canaan-CidHouse_1F.png,4,11
3199,199,15,stone_misc,TILESET - Canaan-Shrine.png,4,11
3200,200,0,stone_misc,TILESET - Crystal_Tower_8F_1.png,2,9
3201,200,1,stone_misc,TILESET - Crystal_Tower_8F_1.png,2,11
3202,200,2,stone_misc,TILESET - Saronia_Castle2.png,1,1
3203,200,3,stone_misc,TILESET - Canaan-NobleHouse.png,3,1
3204,200,4,stone_misc,TILESET - Shop_1.png,5,9
3205,200,5,stone_misc,TILESET - Shop_1.png,4,12
3206,200,6,stone_misc,TILESET - Shop_1.png,5,10
3207,200,7,stone_misc,TILESET - Canaan.png,5,13
3208,200,8,stone_misc,TILESET - Replito.png,5,2
3209,200,9,stone_misc,TILESET - Ur.png,4,15
3210,200,10,stone_misc,TILESET - Dogas_Village.png,4,15
3211,200,11,stone_misc,TILESET - Saronia_Castle-Gate.png,4,14
3212,200,12,stone_misc,TILESET - Eureka_B1.png,4,2
3213,200,13,stone_misc,TILESET - Canaan-Inn_ItemShop.png,4,2
3214,200,14,stone_misc,TILESET - Canaan-ArmorShop.png,4,2
3215,200,15,stone_misc,TILESET - Canaan-Magic_WeaponShop.png,4,2
3216,201,0,stone_misc,TILESET - Saronia_Castle2.png,4,3
3217,201,1,stone_misc,TILESET - Canaan-Inn_ItemShop.png,4,12
3218,201,2,stone_misc,TILESET - Canaan-Inn_ItemShop.png,4,13
3219,201,3,stone_misc,TILESET - Canaan-Inn_ItemShop.png,5,9
3220,201,4,stone_misc,TILESET - Canaan-NobleHouse.png,1,12
3221,201,5,stone_misc,TILESET - Saronia_Castle2.png,1,7
3222,201,6,stone_misc,TILESET - Canaan-Inn_ItemShop.png,5,10
3223,201,7,stone_misc,TILESET - Dogas_Village.png,3,8
3224,201,8,stone_misc,TILESET - Canaan.png,5,0
3225,201,9,stone_misc,TILESET - Ur.png,5,0
3226,201,10,stone_misc,TILESET - Ur_EldersHouse.png,6,12
3227,201,11,stone_misc,TILESET - Canaan-CidHouse_2F.png,5,10
3228,201,12,stone_misc,TILESET - Amur-Shrine.png,5,10
3229,201,13,stone_misc,TILESET - Eureka_B6.png,5,14
3230,201,14,stone_misc,TILESET - Eureka_B6.png,4,14
3231,201,15,stone_misc,TILESET - Shop_1.png,4,13
3232,202,0,stone_misc,TILESET - Canaan-ArmorShop.png,1,12
3233,202,1,stone_misc,TILESET - Ur.png,5,13
3234,202,2,stone_misc,TILESET - Saronia_Castle-Gate.png,4,13
3235,202,3,stone_misc,TILESET - Canaan-Magic_WeaponShop.png,0,13
3236,202,4,stone_misc,TILESET - Canaan-ArmorShop.png,0,13
3237,202,5,stone_misc,TILESET - Canaan-Inn_ItemShop.png,0,13
3238,202,6,stone_misc,TILESET - Amur-ArmorShop.png,0,13
3239,202,7,stone_misc,TILESET - Shop_1.png,0,13
3240,202,8,stone_misc,TILESET - Inn_ItemShop.png,0,13
3241,202,9,stone_misc,TILESET - Shop_1.png,2,9
3242,202,10,stone_misc,TILESET - Dogas_Village.png,5,5
3243,202,11,stone_misc,TILESET - Canaan-Inn_ItemShop.png,1,4
3244,202,12,stone_misc,TILESET - Tozus-Inn_ItemShop.png,1,4
3245,202,13,stone_misc,TILESET - Dogas_Village.png,4,11
3246,202,14,stone_misc,TILESET - Tozus-Inn_ItemShop.png,4,2
3247,202,15,stone_misc,TILESET - Ur_EldersHouse.png,4,14
3248,203,0,stone_misc,TILESET - Amur.png,4,12
3249,203,1,stone_misc,TILESET - Amur.png,3,10
3250,203,2,stone_misc,TILESET - Dogas_Village.png,3,10
3251,203,3,stone_misc,TILESET - Ur.png,3,10
3252,203,4,stone_misc,TILESET - Canaan.png,3,10
3253,203,5,stone_misc,TILESET - Canaan.png,4,12
3254,203,6,stone_misc,TILESET - Dogas_Village.png,4,12
3255,203,7,stone_misc,TILESET - Ur.png,4,12
3256,203,8,stone_misc,TILESET - Saronia_Castle-Gate.png,3,9
3257,203,9,stone_misc,TILESET - Amur.png,5,13
3258,203,10,stone_misc,TILESET - Canaan-ArmorShop.png,1,9
3259,203,11,stone_misc,TILESET - Canaan-Shrine.png,4,14
3260,203,12,stone_misc,TILESET - Canaan-CidHouse_1F.png,4,14
3261,203,13,stone_misc,TILESET - Ur_Shed.png,4,14
3262,203,14,stone_misc,TILESET - Canaan-NobleHouse.png,4,11
3263,203,15,stone_misc,TILESET - Falgabard.png,4,5
3264,204,0,stone_misc,TILESET - Kazus.png,4,5
3265,204,1,stone_misc,TILESET - Eureka_B3.png,1,10
3266,204,2,stone_misc,TILESET - Eureka_B1.png,1,10
3267,204,3,stone_misc,TILESET - Falgabard_Cave.png,1,10
3268,204,4,stone_misc,TILESET - Amur-Shrine.png,1,12
3269,204,5,stone_misc,TILESET - Dogas_Grotto1.png,0,9
3270,204,6,stone_misc,TILESET - Eureka_B6.png,2,5
3271,204,7,stone_misc,TILESET - Eureka_B6.png,0,2
3272,204,8,stone_misc,TILESET - Eureka_B6.png,3,15
3273,204,9,stone_misc,TILESET - Eureka_B6.png,1,4
3274,204,10,stone_misc,TILESET - Eureka_B6.png,0,1
3275,204,11,stone_misc,TILESET - Eureka_B6.png,0,8
3276,204,12,stone_misc,TILESET - Eureka_B6.png,2,2
3277,204,13,stone_misc,TILESET - Castle_Sasune.png,6,9
3278,204,14,stone_misc,TILESET - Saronia_Castle1.png,6,9
3279,204,15,stone_misc,TILESET - Airship.png,7,4
3280,205,0,stone_misc,TILESET - The_Invincible.png,7,4
3281,205,1,stone_misc,TILESET - Crystal_Tower_5F.png,6,12
3282,205,2,stone_misc,TILESET - Crystal Room.png,6,12
3283,205,3,stone_misc,TILESET - Ur_Shed.png,6,12
3284,205,4,stone_misc,TILESET - Ur_Shed.png,7,4
3285,205,5,stone_misc,TILESET - Ur_Shed.png,4,6
3286,205,6,stone_misc,TILESET - Canaan-NobleHouse.png,7,4
3287,205,7,stone_misc,TILESET - Eureka_B6.png,6,1
3288,205,8,stone_misc,TILESET - Kazus.png,5,1
3289,205,9,stone_misc,TILESET - Saronia_NorthEast.png,4,12
3290,205,10,stone_misc,TILESET - Saronia_NorthEast.png,3,10
3291,205,11,stone_misc,TILESET - Eureka_B6.png,0,0
3292,205,12,stone_misc,TILESET - Canaan.png,5,2
3293,205,13,stone_misc,TILESET - Amur-ArmorShop.png,1,9
3294,205,14,stone_misc,TILESET - Shop_1.png,1,9
3295,205,15,stone_misc,TILESET - Tozus-Magic_WeaponShop.png,1,9
3296,206,0,stone_misc,TILESET - Kazus.png,5,13
3297,206,1,stone_misc,TILESET - Amur-ArmorShop.png,1,12
3298,206,2,stone_misc,TILESET - Shop_1.png,1,12
3299,206,3,stone_misc,TILESET - Canaan-Magic_WeaponShop.png,1,12
3300,206,4,stone_misc,TILESET - Tozus-Magic_WeaponShop.png,1,12
3301,206,5,stone_misc,TILESET - Dogas_Village.png,3,6
3302,206,6,stone_misc,TILESET - Ur.png,3,6
3303,206,7,stone_misc,TILESET - Canaan.png,3,6
3304,206,8,stone_misc,TILESET - Canaan.png,7,7
3305,206,9,stone_misc,TILESET - Ur.png,7,7
3306,206,10,stone_misc,TILESET - Canaan-Magic_WeaponShop.png,2,9
3307,206,11,stone_misc,TILESET - Canaan-ArmorShop.png,2,9
3308,206,12,stone_misc,TILESET - Canaan-CidHouse_2F.png,2,9
3309,206,13,stone_misc,TILESET - Amur-ArmorShop.png,2,9
3310,206,14,stone_misc,TILESET - Ur_EldersHouse.png,2,9
3311,206,15,stone_misc,TILESET - Tozus-Magic_WeaponShop.png,2,9
3312,207,0,stone_misc,TILESET - Canaan.png,5,5
3313,207,1,stone_misc,TILESET - Canaan-ArmorShop.png,1,3
3314,207,2,stone_misc,TILESET - Falgabard.png,4,9
3315,207,3,stone_misc,TILESET - Kazus.png,4,9
3316,207,4,stone_misc,TILESET - Eureka_B6.png,2,1
3317,207,5,stone_misc,TILESET - Saronia_Castle-Gate.png,3,8
3318,207,6,stone_misc,TILESET - Ur_Shed.png,1,12
3319,207,7,stone_misc,TILESET - Amur-House.png,1,12
3320,207,8,stone_misc,TILESET - Canaan-CidHouse_1F.png,1,12
3321,207,9,stone_misc,TILESET - Canaan-Shrine.png,1,12
3322,207,10,stone_misc,TILESET - Saronia_Castle-Gate.png,4,12
3323,207,11,stone_misc,TILESET - Amur-Shrine.png,1,3
3324,207,12,stone_misc,TILESET - Ur_EldersHouse.png,1,3
3325,207,13,stone_misc,TILESET - Canaan-CidHouse_2F.png,1,3
3326,207,14,stone_misc,TILESET - Canaan-CidHouse_2F.png,1,1
3327,207,15,stone_misc,TILESET - Canaan-CidHouse_2F.png,1,2
3328,208,0,stone_misc,TILESET - Ur_EldersHouse.png,1,2
3329,208,1,stone_misc,TILESET - Ur_EldersHouse.png,1,1
3330,208,2,stone_misc,TILESET - Amur-Shrine.png,1,1
3331,208,3,stone_misc,TILESET - Amur-Shrine.png,1,2
3332,208,4,stone_misc,TILESET - Saronia_Castle2.png,1,8
3333,208,5,stone_misc,TILESET - Eureka_B6.png,1,2
3334,208,6,stone_misc,TILESET - Crystal_Tower_5F.png,2,12
3335,208,7,stone_misc,TILESET - Dwarven_HollowB1_B2.png,1,2
3336,208,8,stone_misc,TILESET - Dwarven_HollowB1_B2.png,1,1
3337,208,9,stone_misc,TILESET - Dwarven_HollowB1_B2.png,1,3
3338,208,10,stone_misc,TILESET - Dogas_Grotto1.png,1,0
3339,208,11,stone_misc,TILESET - Saronia_Castle2.png,0,14
3340,208,12,stone_misc,TILESET - Saronia_Catacombs1.png,0,14
3341,208,13,stone_misc,TILESET - Saronia_Castle2.png,0,6
3342,208,14,stone_misc,TILESET - Saronia_Catacombs1.png,0,6
3343,208,15,stone_misc,TILESET - Castle_Sasune_Inner.png,0,6
3344,209,0,stone_misc,TILESET - Saronia_Castle2.png,0,7
3345,209,1,stone_misc,TILESET - Saronia_Castle2.png,1,4
3346,209,2,stone_misc,TILESET - Saronia_Castle-Gate.png,5,5
3347,209,3,stone_misc,TILESET - Crystal_Tower_8F_1.png,3,5
3348,209,4,stone_misc,TILESET - Saronia_Castle2.png,1,2
3349,209,5,stone_misc,TILESET - Amur.png,3,8
3350,209,6,stone_misc,TILESET - Replito.png,4,9
3351,209,7,stone_misc,TILESET - Saronia_Castle-Gate.png,3,10
3352,209,8,stone_misc,TILESET - Amur.png,4,11
3353,209,9,stone_misc,TILESET - Saronia_Castle2.png,1,3
3354,209,10,stone_misc,TILESET - Dogas_Grotto1.png,0,11
3355,209,11,stone_misc,TILESET - Eureka_B6.png,6,2
3356,209,12,water_blue,TILESET - Wreck1.png,1,11
3357,209,13,water_blue,TILESET - Cave_of_Shadows4.png,4,8
3358,209,14,water_blue,TILESET - Ur_Well.png,4,8
3359,209,15,water_blue,TILESET - Cave_of_Tides3.png,4,8
3360,210,0,water_blue,TILESET - Cave_of_Shadows1_1.png,4,8
3361,210,1,water_blue,TILESET - Eureka_B1.png,3,0
3362,210,2,water_blue,TILESET - Crystal_Tower_1F.png,3,0
3363,210,3,water_blue,TILESET - Tower_of_Owen10F.png,4,14
3364,210,4,water_blue,TILESET - Tower_of_Owen3F.png,4,14
3365,210,5,water_blue,TILESET - Amur-House.png,4,7
3366,210,6,water_blue,TILESET - Saronia_NorthWest-Library.png,4,7
3367,210,7,water_blue,TILESET - Saronia_Castle-Gate.png,6,12
3368,210,8,water_blue,TILESET - Wreck1.png,0,1
3369,210,9,water_blue,TILESET - Crystal_Tower_8F_2.png,3,0
3370,210,10,water_blue,TILESET - Cave_of_Tides-Crystal_Room.png,3,0
3371,210,11,water_blue,TILESET - Tower_of_Owen1F.png,4,14
3372,210,12,water_blue,TILESET - Castle_Argus-Tower.png,0,4
3373,210,13,water_blue,TILESET - Crystal_Tower_1F.png,4,8
3374,210,14,water_blue,TILESET - Cave_of_Tides-Crystal_Room.png,4,8
3375,210,15,water_blue,TILESET - Crystal Room.png,4,8
3376,211,0,water_blue,TILESET - Tozus.png,0,7
3377,211,1,water_blue,TILESET - Saronia_Castle3.png,0,4
3378,211,2,water_blue,TILESET - Saronia_Castle-Gate.png,0,8
3379,211,3,water_blue,TILESET - Ancient_Ruins3.png,4,7
3380,211,4,water_blue,TILESET - Crystal_Tower_8F_2.png,3,15
3381,211,5,water_blue,TILESET - Castle_Argus-Tower.png,1,15
3382,211,6,water_blue,TILESET - Temple_of_Time1_1.png,3,12
3383,211,7,water_blue,TILESET - Gulgan_Gulch1.png,5,9
3384,211,8,water_blue,TILESET - Cave_of_Tides-Crystal_Room.png,3,12
3385,211,9,water_blue,TILESET - Crystal Room.png,3,12
3386,211,10,water_blue,TILESET - Crystal_Tower_8F_2.png,3,12
3387,211,11,water_blue,TILESET - Cave_of_Tides-Crystal_Room.png,4,12
3388,211,12,water_blue,TILESET - Eureka_B1.png,1,6
3389,211,13,water_blue,TILESET - Gulgan_Gulch1.png,0,1
3390,211,14,water_blue,TILESET - Gulgan_Gulch1.png,0,13
3391,211,15,water_blue,TILESET - Crystal Room.png,3,0
3392,212,0,water_blue,TILESET - Sewers1.png,4,15
3393,212,1,water_blue,TILESET - Gulgan_Gulch1.png,6,3
3394,212,2,water_blue,TILESET - Gulgan_Gulch1.png,2,15
3395,212,3,water_blue,TILESET - World_of_Darkness1.png,1,3
3396,212,4,water_blue,TILESET - Crystal_Tower_8F_2.png,2,8
3397,212,5,water_blue,TILESET - Crystal_Tower_8F_2.png,3,2
3398,212,6,water_blue,TILESET - Crystal Room.png,0,12
3399,212,7,water_blue,TILESET - World_of_Darkness1.png,1,7
3400,212,8,water_blue,TILESET - Tozus.png,0,14
3401,212,9,water_blue,TILESET - World_of_Darkness-Crystal_Room.png,4,6
3402,212,10,water_blue,TILESET - Cave_of_Shadows4.png,4,6
3403,212,11,water_blue,TILESET - World_of_Darkness1.png,4,6
3404,212,12,water_blue,TILESET - Dogas_Grotto1.png,4,6
3405,212,13,water_blue,TILESET - Cave_of_Shadows1_1.png,4,6
3406,212,14,water_blue,TILESET - Cave_of_Tides3.png,4,6
3407,212,15,water_blue,TILESET - Gulgan_Gulch1.png,3,13
3408,213,0,water_blue,TILESET - Ur_Well.png,4,6
3409,213,1,water_blue,TILESET - Cave_of_Shadows6.png,4,6
3410,213,2,water_blue,TILESET - Sewers1.png,4,6
3411,213,3,water_blue,TILESET - Dwarven_Hollow-ArmorShop.png,3,13
3412,213,4,water_blue,TILESET - Ancient_Ruins3.png,4,6
3413,213,5,water_blue,TILESET - Sunken_Cave1.png,0,4
3414,213,6,water_blue,TILESET - Ancient_Ruins3.png,0,4
3415,213,7,water_blue,TILESET - Crystal_Tower_8F_2.png,0,4
3416,213,8,water_blue,TILESET - Cave_of_Shadows6.png,0,4
3417,213,9,water_blue,TILESET - Falgabard_Cave.png,4,6
3418,213,10,water_blue,TILESET - Crystal Room.png,4,6
3419,213,11,water_blue,TILESET - Cave_of_Tides-Crystal_Room.png,4,6
3420,213,12,water_blue,TILESET - Crystal_Tower_1F.png,4,6
3421,213,13,water_blue,TILESET - Cave_of_Tides1.png,4,6
3422,213,14,water_blue,TILESET - Crystal_Tower_5F.png,4,6
3423,213,15,water_blue,TILESET - Amur-House.png,5,7
3424,214,0,water_blue,TILESET - Canaan-CidHouse_2F.png,5,7
3425,214,1,water_blue,TILESET - Canaan-CidHouse_1F.png,5,7
3426,214,2,water_blue,TILESET - Canaan-Shrine.png,5,0
3427,214,3,water_blue,TILESET - Canaan-CidHouse_1F.png,5,0
3428,214,4,water_blue,TILESET - Canaan-CidHouse_2F.png,5,0
3429,214,5,water_blue,TILESET - Amur-House.png,2,0
3430,214,6,water_blue,TILESET - Saronia_NorthWest-Library.png,2,0
3431,214,7,water_blue,TILESET - Canaan-CidHouse_1F.png,2,0
3432,214,8,water_blue,TILESET - Canaan-Shrine.png,5,7
3433,214,9,water_blue,TILESET - Canaan-Magic_WeaponShop.png,5,0
3434,214,10,water_blue,TILESET - Canaan-ArmorShop.png,5,0
3435,214,11,water_blue,TILESET - Canaan-ArmorShop.png,5,7
3436,214,12,water_blue,TILESET - Airship.png,4,7
3437,214,13,water_blue,TILESET - Eureka_B6.png,2,11
3438,214,14,water_blue,TILESET - Eureka_B6.png,1,10
3439,214,15,water_blue,TILESET - Eureka_B6.png,2,12
3440,215,0,water_blue,TILESET - Ur_EldersHouse.png,5,1
3441,215,1,water_blue,TILESET - Castle_Argus3F.png,0,4
3442,215,2,water_blue,TILESET - Saronia_Castle5.png,0,4
3443,215,3,water_blue,TILESET - Amur-Shrine.png,2,13
3444,215,4,water_blue,TILESET - Dwarven_HollowB3_1.png,2,13
3445,215,5,water_blue,TILESET - Castle_Argus3F.png,1,5
3446,215,6,water_blue,TILESET - Eureka_B6.png,0,14
3447,215,7,water_blue,TILESET - Temple_of_Time1_1.png,0,0
3448,215,8,water_blue,TILESET - Tozus.png,0,8
3449,215,9,water_blue,TILESET - Amur.png,0,8
3450,215,10,water_blue,TILESET - Ur.png,0,8
3451,215,11,water_blue,TILESET - Kazus.png,0,8
3452,215,12,water_blue,TILESET - Canaan.png,0,8
3453,215,13,water_blue,TILESET - Eureka_B6.png,0,13
3454,215,14,water_blue,TILESET - Ur_Shed.png,2,0
3455,215,15,water_blue,TILESET - Canaan-Shrine.png,2,0
3456,216,0,water_blue,TILESET - Tozus.png,6,12
3457,216,1,water_blue,TILESET - Canaan.png,6,12
3458,216,2,water_blue,TILESET - Kazus.png,6,12
3459,216,3,water_blue,TILESET - Amur.png,6,12
3460,216,4,water_blue,TILESET - Ur.png,6,12
3461,216,5,water_blue,TILESET - Crystal Room.png,0,4
3462,216,6,water_blue,TILESET - Mythril_Mine.png,0,4
3463,216,7,water_blue,TILESET - Castle_Sasune_Inner2.png,0,4
3464,216,8,water_blue,TILESET - Ur_Well.png,0,0
3465,216,9,water_blue,TILESET - Crystal_Tower_5F.png,4,1
3466,216,10,water_blue,TILESET - Cave_of_Tides1.png,4,1
3467,216,11,water_blue,TILESET - Cave_of_Tides-Crystal_Room.png,4,1
3468,216,12,water_blue,TILESET - Crystal_Tower_1F.png,4,1
3469,216,13,water_blue,TILESET - Crystal Room.png,4,1
3470,216,14,water_blue,TILESET - Ur_Shed.png,1,8
3471,216,15,water_blue,TILESET - Saronia_SouthEast2.png,0,4
3472,217,0,water_blue,TILESET - Castle_Sasune_Inner.png,0,4
3473,217,1,water_blue,TILESET - Ur_Shed.png,4,7
3474,217,2,water_blue,TILESET - Canaan-NobleHouse.png,4,7
3475,217,3,water_blue,TILESET - World_of_Darkness-Crystal_Room.png,2,8
3476,217,4,water_blue,TILESET - Crystal Room.png,2,8
3477,217,5,water_blue,TILESET - Cave_of_Tides-Crystal_Room.png,2,8
3478,217,6,water_blue,TILESET - Cave_of_Tides3.png,3,6
3479,217,7,water_blue,TILESET - Cave_of_Shadows4.png,3,6
3480,217,8,water_blue,TILESET - Ur_Well.png,3,6
3481,217,9,water_blue,TILESET - Dogas_Grotto1.png,3,6
3482,217,10,water_blue,TILESET - Cave_of_Shadows1_1.png,3,6
3483,217,11,water_blue,TILESET - Eureka_B1.png,2,9
3484,217,12,water_blue,TILESET - Crystal_Tower_8F_1.png,1,9
3485,217,13,water_blue,TILESET - Gulgan_Gulch1.png,3,1
3486,217,14,water_blue,TILESET - Gulgan_Gulch1.png,3,2
3487,217,15,water_blue,TILESET - World_of_Darkness-Crystal_Room.png,1,10
3488,218,0,water_blue,TILESET - Nepto_Temple1F.png,1,14
3489,218,1,water_blue,TILESET - Nepto_Temple1F.png,1,7
3490,218,2,water_blue,TILESET - Sewers1.png,4,0
3491,218,3,water_blue,TILESET - Cave_of_Tides3.png,6,12
3492,218,4,water_blue,TILESET - Crystal_Tower_1F.png,1,9
3493,218,5,water_blue,TILESET - Cave_of_Shadows4.png,0,15
3494,218,6,water_blue,TILESET - Cave_of_Tides3.png,0,15
3495,218,7,water_blue,TILESET - Dogas_Grotto1.png,0,15
3496,218,8,water_blue,TILESET - Cave_of_Shadows1_1.png,0,15
3497,218,9,water_blue,TILESET - Crystal_Tower_8F_1.png,1,8
3498,218,10,water_blue,TILESET - Crystal_Tower_8F_1.png,0,7
3499,218,11,water_blue,TILESET - Crystal_Tower_8F_1.png,1,14
3500,218,12,water_blue,TILESET - Cave_of_Shadows4.png,4,1
3501,218,13,water_blue,TILESET - Gulgan_Gulch1.png,4,9
3502,218,14,water_blue,TILESET - Ur_Well.png,4,1
3503,218,15,water_blue,TILESET - Cave_of_Tides3.png,4,1
3504,219,0,water_blue,TILESET - World_of_Darkness1.png,4,1
3505,219,1,water_blue,TILESET - Dogas_Grotto1.png,4,1
3506,219,2,water_blue,TILESET - Cave_of_Shadows1_1.png,4,1
3507,219,3,water_blue,TILESET - Saronia_Castle-Gate.png,0,9
3508,219,4,water_blue,TILESET - Saronia_Castle-Gate.png,0,10
3509,219,5,water_blue,TILESET - Tower_of_Owen10F.png,4,3
3510,219,6,water_blue,TILESET - Saronia_Castle-Gate.png,4,8
3511,219,7,water_blue,TILESET - Gulgan_Gulch1.png,1,4
3512,219,8,water_blue,TILESET - Eureka_B1.png,2,8
3513,219,9,water_blue,TILESET - Tower_of_Owen1F.png,0,12
3514,219,10,water_blue,TILESET - World_of_Darkness7.png,1,11
3515,219,11,water_blue,TILESET - Eureka_B6.png,6,12
3516,219,12,water_blue,TILESET - Crystal_Tower_1F.png,0,10
3517,219,13,water_blue,TILESET - Crystal_Tower_1F.png,5,4
3518,219,14,water_blue,TILESET - Cave_of_Tides1.png,3,6
3519,219,15,water_blue,TILESET - Shop_1.png,4,7
3520,220,0,water_blue,TILESET - Cave_of_Shadows1_1.png,4,10
3521,220,1,water_blue,TILESET - Dogas_Grotto1.png,4,10
3522,220,2,water_blue,TILESET - World_of_Darkness1.png,4,10
3523,220,3,water_blue,TILESET - Gulgan_Gulch1.png,4,10
3524,220,4,water_blue,TILESET - Ur_Well.png,4,10
3525,220,5,water_blue,TILESET - Cave_of_Shadows4.png,4,10
3526,220,6,water_blue,TILESET - Cave_of_Tides3.png,4,10
3527,220,7,water_blue,TILESET - Castle_Sasune_Inner2.png,1,6
3528,220,8,water_blue,TILESET - Castle_Sasune_Inner2.png,0,15
3529,220,9,water_blue,TILESET - Castle_Argus-Tower.png,0,15
3530,220,10,water_blue,TILESET - Saronia_SouthEast2.png,0,15
3531,220,11,water_blue,TILESET - Castle_Sasune_Inner.png,0,15
3532,220,12,water_blue,TILESET - Crystal_Tower_1F.png,5,1
3533,220,13,water_blue,TILESET - Mythril_Mine.png,1,2
3534,220,14,water_blue,TILESET - Sunken_Cave1.png,1,2
3535,220,15,water_blue,TILESET - Crystal Room.png,2,1
3536,221,0,water_blue,TILESET - Canaan-Inn_ItemShop.png,4,7
3537,221,1,water_blue,TILESET - Tozus.png,3,6
3538,221,2,water_blue,TILESET - Tozus.png,5,5
3539,221,3,water_blue,TILESET - Canaan-Inn_ItemShop.png,2,10
3540,221,4,water_blue,TILESET - Crystal_Tower_3F.png,0,2
3541,221,5,water_blue,TILESET - Crystal_Tower_1F.png,0,2
3542,221,6,water_blue,TILESET - Shop_1.png,1,10
3543,221,7,water_blue,TILESET - Tower_of_Owen10F.png,0,0
3544,221,8,water_blue,TILESET - Cave_of_Tides-Crystal_Room.png,5,0
3545,221,9,water_blue,TILESET - Temple_of_Time1_1.png,5,0
3546,221,10,water_blue,TILESET - World_of_Darkness1.png,0,0
3547,221,11,water_blue,TILESET - Amur.png,5,1
3548,221,12,water_blue,TILESET - Temple_of_Time1_1.png,4,14
3549,221,13,water_blue,TILESET - Temple_of_Time1_1.png,3,11
3550,221,14,water_blue,TILESET - Gulgan_Gulch1.png,4,14
3551,221,15,water_blue,TILESET - Crystal_Tower_1F.png,3,11
3552,222,0,water_blue,TILESET - Temple_of_Time1_1.png,3,10
3553,222,1,water_blue,TILESET - Gulgan_Gulch1.png,4,11
3554,222,2,water_blue,TILESET - Crystal_Tower_1F.png,3,10
3555,222,3,water_blue,TILESET - Dwarven_HollowB1_B2.png,4,11
3556,222,4,water_blue,TILESET - Heins_Castle1.png,3,10
3557,222,5,water_blue,TILESET - Ur_Well.png,1,4
3558,222,6,water_blue,TILESET - Dogas_Grotto1.png,1,4
3559,222,7,water_blue,TILESET - Tozus_Tunnel1.png,1,4
3560,222,8,water_blue,TILESET - Cave_of_Tides3.png,1,4
3561,222,9,water_blue,TILESET - World_of_Darkness-Crystal_Room.png,3,10
3562,222,10,water_blue,TILESET - Cave_of_Tides-Crystal_Room.png,2,6
3563,222,11,water_blue,TILESET - Crystal Room.png,2,6
3564,222,12,water_blue,TILESET - Crystal_Tower_8F_2.png,2,6
3565,222,13,water_blue,TILESET - World_of_Darkness7.png,0,13
3566,222,14,water_blue,TILESET - Cave_of_Tides-Crystal_Room.png,1,9
3567,222,15,water_blue,TILESET - Crystal Room.png,1,9
3568,223,0,water_blue,TILESET - Tozus_Tunnel1.png,0,2
3569,223,1,water_blue,TILESET - Ur_Well.png,0,2
3570,223,2,water_blue,TILESET - Dogas_Grotto1.png,0,2
3571,223,3,water_blue,TILESET - Cave_of_Shadows4.png,0,1
3572,223,4,water_blue,TILESET - Cave_of_Tides1.png,6,12
3573,223,5,water_blue,TILESET - Wreck1.png,1,5
3574,223,6,water_blue,TILESET - Gulgan_Gulch1.png,1,11
3575,223,7,water_blue,TILESET - Crystal Room.png,4,12
3576,223,8,water_blue,TILESET - World_of_Darkness1.png,2,1
3577,223,9,water_blue,TILESET - Crystal_Tower_1F.png,1,10
3578,223,10,water_blue,TILESET - Eureka_B1.png,2,7
3579,223,11,water_blue,TILESET - Crystal_Tower_8F_2.png,3,4
3580,223,12,water_blue,TILESET - Cave_of_Tides-Crystal_Room.png,3,4
3581,223,13,water_blue,TILESET - Crystal Room.png,3,4
3582,223,14,water_blue,TILESET - Tower_of_Owen1F.png,4,15
3583,223,15,water_blue,TILESET - Canaan-Shrine.png,6,1
3584,224,0,water_blue,TILESET - Canaan-Shrine.png,4,7
3585,224,1,water_blue,TILESET - Castle_Sasune_Inner2.png,0,11
3586,224,2,water_blue,TILESET - Tower_of_Owen10F.png,4,4
3587,224,3,water_blue,TILESET - Cave_of_Tides1.png,1,5
3588,224,4,water_blue,TILESET - Heins_Castle1.png,5,4
3589,224,5,water_blue,TILESET - World_of_Darkness1.png,5,4
3590,224,6,water_blue,TILESET - Saronia_Castle3.png,1,1
3591,224,7,water_blue,TILESET - Saronia_Catacombs1.png,1,1
3592,224,8,water_blue,TILESET - Chocobos_Forest.png,6,7
3593,224,9,water_blue,TILESET - Ur.png,4,9
3594,224,10,water_blue,TILESET - Amur.png,4,9
3595,224,11,water_blue,TILESET - Canaan-NobleHouse.png,5,7
3596,224,12,water_blue,TILESET - Canaan-NobleHouse.png,5,0
3597,224,13,water_blue,TILESET - Eureka_B6.png,2,10
3598,224,14,water_blue,TILESET - Canaan-NobleHouse.png,2,0
3599,224,15,water_blue,TILESET - Chocobos_Forest.png,0,4
3600,225,0,water_blue,TILESET - Eureka_B6.png,2,14
3601,225,1,water_blue,TILESET - Nepto_Temple1F.png,3,4
3602,225,2,water_blue,TILESET - Eureka_B6.png,1,15
3603,225,3,water_blue,TILESET - Eureka_B6.png,0,15
3604,225,4,water_blue,TILESET - Nepto_Temple1F.png,0,0
3605,225,5,water_blue,TILESET - Tozus.png,0,10
3606,225,6,water_blue,TILESET - Amur.png,0,10
3607,225,7,water_blue,TILESET - Ur.png,0,10
3608,225,8,water_blue,TILESET - Kazus.png,0,10
3609,225,9,water_blue,TILESET - Kazus.png,0,9
3610,225,10,water_blue,TILESET - Amur.png,0,9
3611,225,11,water_blue,TILESET - Ur.png,0,9
3612,225,12,water_blue,TILESET - Tozus.png,2,11
3613,225,13,water_blue,TILESET - Amur.png,2,11
3614,225,14,water_blue,TILESET - Ur.png,7,4
3615,225,15,water_blue,TILESET - Nepto_Temple1F.png,3,5
3616,226,0,water_blue,TILESET - Temple_of_Time1_1.png,3,3
3617,226,1,water_blue,TILESET - Nepto_Temple1F.png,1,8
3618,226,2,water_blue,TILESET - Eureka_B6.png,1,11
3619,226,3,water_blue,TILESET - Crystal_Tower_8F_2.png,3,10
3620,226,4,water_blue,TILESET - Cave_of_Tides-Crystal_Room.png,3,10
3621,226,5,water_blue,TILESET - Falgabard_Cave.png,1,4
3622,226,6,water_blue,TILESET - Sunken_Cave1.png,1,4
3623,226,7,water_blue,TILESET - Cave_of_Tides1.png,1,4
3624,226,8,water_blue,TILESET - Cave_of_Tides-Crystal_Room.png,3,11
3625,226,9,water_blue,TILESET - Crystal_Tower_8F_2.png,3,11
3626,226,10,water_blue,TILESET - World_of_Darkness-Crystal_Room.png,3,11
3627,226,11,water_blue,TILESET - Temple_of_Time1_1.png,4,12
3628,226,12,water_blue,TILESET - Ancient_Ruins3.png,4,15
3629,226,13,water_blue,TILESET - Ancient_Ruins3.png,0,13
3630,226,14,water_blue,TILESET - Cave_of_Shadows6.png,0,13
3631,226,15,water_blue,TILESET - Eureka_B1.png,1,12
3632,227,0,water_blue,TILESET - Cave_of_Shadows1_1.png,1,11
3633,227,1,water_blue,TILESET - Cave_of_Shadows4.png,1,11
3634,227,2,water_blue,TILESET - Sunken_Cave1.png,4,15
3635,227,3,water_blue,TILESET - Crystal_Tower_1F.png,6,9
3636,227,4,water_blue,TILESET - World_of_Darkness7.png,6,9
3637,227,5,water_blue,TILESET - Crystal_Tower_8F_2.png,6,9
3638,227,6,water_blue,TILESET - Crystal Room.png,6,9
3639,227,7,water_blue,TILESET - Dwarven_HollowB1_B2.png,6,9
3640,227,8,water_blue,TILESET - Amur-House.png,6,9
3641,227,9,water_blue,TILESET - Nepto_Temple1F.png,2,0
3642,227,10,water_blue,TILESET - Castle_Argus-Tower.png,0,3
3643,227,11,water_blue,TILESET - Castle_Sasune_Inner.png,0,3
3644,227,12,water_blue,TILESET - Cave_of_Shadows4.png,0,14
3645,227,13,water_blue,TILESET - Cave_of_Tides3.png,0,14
3646,227,14,water_blue,TILESET - Cave_of_Shadows1_1.png,0,14
3647,227,15,water_blue,TILESET - Dogas_Grotto1.png,0,14
3648,228,0,water_blue,TILESET - Ur_Well.png,0,14
3649,228,1,water_blue,TILESET - Cave_of_Shadows6.png,0,14
3650,228,2,water_blue,TILESET - Ur_Well.png,1,5
3651,228,3,water_blue,TILESET - Dogas_Grotto1.png,1,5
3652,228,4,water_blue,TILESET - Tozus_Tunnel1.png,1,5
3653,228,5,water_blue,TILESET - Cave_of_Tides3.png,1,5
3654,228,6,water_blue,TILESET - Cave_of_Shadows4.png,1,5
3655,228,7,water_blue,TILESET - Cave_of_Shadows1_1.png,1,5
3656,228,8,water_blue,TILESET - Ur_Well.png,0,15
3657,228,9,water_blue,TILESET - World_of_Darkness-Crystal_Room.png,2,9
3658,228,10,water_blue,TILESET - Cave_of_Tides-Crystal_Room.png,2,9
3659,228,11,water_blue,TILESET - Crystal Room.png,2,9
3660,228,12,water_blue,TILESET - Crystal_Tower_8F_2.png,2,9
3661,228,13,water_blue,TILESET - Tower_of_Owen10F.png,0,2
3662,228,14,water_blue,TILESET - Cave_of_Shadows4.png,0,0
3663,228,15,water_blue,TILESET - Cave_of_Shadows1_1.png,0,0
3664,229,0,water_blue,TILESET - Cave_of_Shadows1_1.png,0,13
3665,229,1,water_blue,TILESET - Falgabard_Cave.png,0,13
3666,229,2,water_blue,TILESET - World_of_Darkness-Crystal_Room.png,7,12
3667,229,3,water_blue,TILESET - Temple_of_Time1_1.png,7,12
3668,229,4,water_blue,TILESET - Crystal_Tower_1F.png,7,12
3669,229,5,water_blue,TILESET - Heins_Castle1.png,7,12
3670,229,6,water_blue,TILESET - Wreck1.png,4,0
3671,229,7,water_blue,TILESET - The_Invincible.png,4,0
3672,229,8,water_blue,TILESET - Canaan-NobleHouse.png,1,8
3673,229,9,water_blue,TILESET - Saronia_Castle3.png,0,3
3674,229,10,water_blue,TILESET - Tower_of_Owen10F.png,4,15
3675,229,11,water_blue,TILESET - Tower_of_Owen3F.png,4,15
3676,229,12,water_blue,TILESET - Crystal Room.png,7,12
3677,229,13,water_blue,TILESET - Cave_of_Tides-Crystal_Room.png,7,12
3678,229,14,water_blue,TILESET - Tozus.png,1,6
3679,229,15,water_blue,TILESET - Saronia_NorthWest-Library.png,1,8
3680,230,0,water_blue,TILESET - The_Invincible.png,0,13
3681,230,1,water_blue,TILESET - Wreck1.png,0,13
3682,230,2,water_blue,TILESET - Castle_Sasune_Inner2.png,1,1
3683,230,3,water_blue,TILESET - Crystal_Tower_8F_2.png,2,14
3684,230,4,water_blue,TILESET - Cave_of_Tides-Crystal_Room.png,2,14
3685,230,5,water_blue,TILESET - World_of_Darkness-Crystal_Room.png,0,7
3686,230,6,water_blue,TILESET - World_of_Darkness-Crystal_Room.png,1,8
3687,230,7,water_blue,TILESET - Tower_of_Owen1F.png,2,11
3688,230,8,water_blue,TILESET - Cave_of_Tides-Crystal_Room.png,0,7
3689,230,9,water_blue,TILESET - World_of_Darkness-Crystal_Room.png,1,14
3690,230,10,water_blue,TILESET - Heins_Castle1.png,1,14
3691,230,11,water_blue,TILESET - Crystal Room.png,1,12
3692,230,12,water_blue,TILESET - Cave_of_Tides-Crystal_Room.png,1,12
3693,230,13,water_blue,TILESET - Crystal_Tower_5F.png,1,12
3694,230,14,water_blue,TILESET - Canaan-CidHouse_2F.png,2,13
3695,230,15,water_blue,TILESET - Canaan-CidHouse_2F.png,5,1
3696,231,0,water_blue,TILESET - Airship.png,0,4
3697,231,1,water_blue,TILESET - Ur_EldersHouse.png,2,13
3698,231,2,water_blue,TILESET - Falgabard.png,2,4
3699,231,3,water_blue,TILESET - Cave_of_Tides1.png,0,14
3700,231,4,water_blue,TILESET - Cave_of_Tides-Crystal_Room.png,5,2
3701,231,5,water_blue,TILESET - Crystal Room.png,5,2
3702,231,6,water_blue,TILESET - Crystal Room.png,2,0
3703,231,7,water_blue,TILESET - Cave_of_Tides-Crystal_Room.png,2,0
3704,231,8,water_blue,TILESET - Tower_of_Owen10F.png,0,14
3705,231,9,water_blue,TILESET - Cave_of_Tides-Crystal_Room.png,2,1
3706,231,10,water_blue,TILESET - Temple_of_Time1_1.png,2,8
3707,231,11,water_blue,TILESET - Canaan-NobleHouse.png,5,2
3708,231,12,water_blue,TILESET - Canaan-NobleHouse.png,2,10
3709,231,13,water_blue,TILESET - Canaan-CidHouse_1F.png,5,2
3710,231,14,water_blue,TILESET - Canaan-CidHouse_1F.png,2,10
3711,231,15,water_blue,TILESET - Tozus-MayorHouse.png,2,10
3712,232,0,water_blue,TILESET - Tozus-Inn_ItemShop.png,2,10
3713,232,1,water_blue,TILESET - Canaan-Magic_WeaponShop.png,2,10
3714,232,2,water_blue,TILESET - Crystal_Tower_8F_1.png,6,1
3715,232,3,water_blue,TILESET - Sunken_Cave1.png,4,13
3716,232,4,water_blue,TILESET - Cave_of_Shadows6.png,4,13
3717,232,5,water_blue,TILESET - Ancient_Ruins3.png,4,13
3718,232,6,water_blue,TILESET - Canaan-Shrine.png,5,2
3719,232,7,water_blue,TILESET - Canaan-Shrine.png,2,10
3720,232,8,water_blue,TILESET - Canaan-Magic_WeaponShop.png,5,2
3721,232,9,water_blue,TILESET - Cave_of_Tides-Crystal_Room.png,0,12
3722,232,10,water_blue,TILESET - Cave_of_Tides-Crystal_Room.png,1,0
3723,232,11,water_blue,TILESET - Crystal Room.png,1,3
3724,232,12,water_blue,TILESET - Heins_Castle1.png,5,2
3725,232,13,water_blue,TILESET - World_of_Darkness1.png,5,2
3726,232,14,water_blue,TILESET - World_of_Darkness7.png,3,2
3727,232,15,water_blue,TILESET - Crystal_Tower_8F_2.png,4,12
3728,233,0,water_blue,TILESET - Saronia_Castle-Gate.png,5,2
3729,233,1,water_blue,TILESET - Tower_of_Owen10F.png,1,4
3730,233,2,water_blue,TILESET - Dogas_Grotto1.png,4,15
3731,233,3,water_blue,TILESET - Mythril_Mine.png,4,15
3732,233,4,water_blue,TILESET - Mythril_Mine.png,0,13
3733,233,5,water_blue,TILESET - Cave_of_Shadows1_1.png,0,1
3734,233,6,water_blue,TILESET - Crystal_Tower_1F.png,1,14
3735,233,7,water_blue,TILESET - Crystal_Tower_1F.png,0,7
3736,233,8,water_blue,TILESET - Crystal_Tower_1F.png,1,8
3737,233,9,water_blue,TILESET - Sewers1.png,0,8
3738,233,10,water_blue,TILESET - Crystal_Tower_8F_1.png,0,9
3739,233,11,water_blue,TILESET - Ancient_Ruins3.png,4,12
3740,233,12,water_blue,TILESET - Cave_of_Tides1.png,4,12
3741,233,13,water_blue,TILESET - Sunken_Cave1.png,4,12
3742,233,14,water_blue,TILESET - Cave_of_Shadows6.png,4,12
3743,233,15,water_blue,TILESET - Ur_Well.png,1,3
3744,234,0,water_blue,TILESET - Cave_of_Shadows4.png,1,3
3745,234,1,water_blue,TILESET - Cave_of_Tides3.png,1,3
3746,234,2,water_blue,TILESET - Cave_of_Shadows1_1.png,1,3
3747,234,3,water_blue,TILESET - Dogas_Grotto1.png,1,3
3748,234,4,water_blue,TILESET - Ur_Shed.png,6,1
3749,234,5,water_blue,TILESET - Saronia_SouthEast2.png,0,3
3750,234,6,water_blue,TILESET - Wreck1.png,0,0
3751,234,7,water_blue,TILESET - Gulgan_Gulch1.png,2,14
3752,234,8,water_blue,TILESET - Airship.png,4,0
3753,234,9,water_blue,TILESET - Sunken_Cave1.png,0,10
3754,234,10,water_blue,TILESET - Cave_of_Shadows6.png,0,10
3755,234,11,water_blue,TILESET - Mythril_Mine.png,0,10
3756,234,12,water_blue,TILESET - Temple_of_Time1_1.png,5,8
3757,234,13,water_blue,TILESET - Nepto_Temple1F.png,0,14
3758,234,14,water_blue,TILESET - Cave_of_Tides-Crystal_Room.png,1,10
3759,234,15,water_blue,TILESET - Crystal Room.png,1,10
3760,235,0,water_blue,TILESET - Wreck1.png,1,8
3761,235,1,water_blue,TILESET - World_of_Darkness7.png,1,1
3762,235,2,water_blue,TILESET - Cave_of_Tides3.png,1,11
3763,235,3,water_blue,TILESET - Ancient_Ruins3.png,0,12
3764,235,4,water_blue,TILESET - Mythril_Mine.png,0,12
3765,235,5,water_blue,TILESET - Cave_of_Shadows6.png,0,12
3766,235,6,water_blue,TILESET - Eureka_B1.png,1,15
3767,235,7,water_blue,TILESET - Cave_of_Shadows1_1.png,1,7
3768,235,8,water_blue,TILESET - Dogas_Grotto1.png,1,7
3769,235,9,water_blue,TILESET - Cave_of_Shadows4.png,1,7
3770,235,10,water_blue,TILESET - Cave_of_Tides3.png,1,7
3771,235,11,water_blue,TILESET - Ur_Well.png,1,7
3772,235,12,water_blue,TILESET - Crystal_Tower_8F_1.png,5,1
3773,235,13,water_blue,TILESET - World_of_Darkness-Crystal_Room.png,0,11
3774,235,14,water_blue,TILESET - Ancient_Ruins1.png,0,13
3775,235,15,water_blue,TILESET - Alter Cave.png,0,13
3776,236,0,water_blue,TILESET - Tozus_Tunnel1.png,1,11
3777,236,1,water_blue,TILESET - Dogas_Grotto1.png,1,11
3778,236,2,water_blue,TILESET - Ur_Well.png,1,11
3779,236,3,water_blue,TILESET - Ancient_Ruins1.png,4,15
3780,236,4,water_blue,TILESET - Mythril_Mine.png,4,12
3781,236,5,water_blue,TILESET - Canaan-CidHouse_1F.png,6,1
3782,236,6,water_blue,TILESET - Canaan-NobleHouse.png,6,1
3783,236,7,water_blue,TILESET - Temple_of_Time1_1.png,2,11
3784,236,8,water_blue,TILESET - Gulgan_Gulch1.png,1,0
3785,236,9,water_blue,TILESET - Cave_of_Shadows4.png,4,3
3786,236,10,water_blue,TILESET - Cave_of_Shadows1_1.png,4,3
3787,236,11,water_blue,TILESET - Tower_of_Owen10F.png,0,13
3788,236,12,water_blue,TILESET - Tower_of_Owen3F.png,0,13
3789,236,13,water_blue,TILESET - Tower_of_Owen10F.png,1,7
3790,236,14,water_blue,TILESET - Crystal_Tower_8F_1.png,5,3
3791,236,15,water_blue,TILESET - Canaan-Inn_ItemShop.png,6,9
3792,237,0,water_blue,TILESET - Canaan-Shrine.png,6,9
3793,237,1,water_blue,TILESET - Canaan-CidHouse_1F.png,6,9
3794,237,2,water_blue,TILESET - Canaan-CidHouse_2F.png,6,9
3795,237,3,water_blue,TILESET - Vikings_Cove-1.png,6,9
3796,237,4,water_blue,TILESET - Tozus-MayorHouse.png,6,9
3797,237,5,water_blue,TILESET - Tozus-Inn_ItemShop.png,6,9
3798,237,6,water_blue,TILESET - Amur-Inn_Pub.png,6,9
3799,237,7,water_blue,TILESET - Ur_Shed.png,6,9
3800,237,8,water_blue,TILESET - Ur_EldersHouse.png,6,9
3801,237,9,water_blue,TILESET - Cave_of_Tides-Crystal_Room.png,6,9
3802,237,10,water_blue,TILESET - World_of_Darkness1.png,2,13
3803,237,11,water_blue,TILESET - Sewers1.png,0,7
3804,237,12,water_blue,TILESET - Crystal_Tower_1F.png,0,13
3805,237,13,water_blue,TILESET - Tower_of_Owen1F.png,0,13
3806,237,14,water_blue,TILESET - Cave_of_Shadows4.png,6,12
3807,237,15,water_blue,TILESET - Cave_of_Shadows1_1.png,6,12
3808,238,0,water_blue,TILESET - World_of_Darkness1.png,1,2
3809,238,1,water_blue,TILESET - Tower_of_Owen1F.png,4,0
3810,238,2,water_blue,TILESET - World_of_Darkness1.png,2,2
3811,238,3,water_blue,TILESET - World_of_Darkness1.png,1,10
3812,238,4,water_blue,TILESET - Eureka_B1.png,2,13
3813,238,5,water_blue,TILESET - Cave_of_Tides1.png,0,15
3814,238,6,water_blue,TILESET - World_of_Darkness-Crystal_Room.png,2,2
3815,238,7,water_blue,TILESET - Cave_of_Tides-Crystal_Room.png,2,2
3816,238,8,water_blue,TILESET - Crystal Room.png,2,2
3817,238,9,water_blue,TILESET - Crystal Room.png,5,3
3818,238,10,water_blue,TILESET - Cave_of_Tides-Crystal_Room.png,5,3
3819,238,11,water_blue,TILESET - Temple_of_Time1_1.png,4,13
3820,238,12,water_blue,TILESET - Canaan-CidHouse_1F.png,1,8
3821,238,13,water_blue,TILESET - Amur-House.png,1,8
3822,238,14,water_blue,TILESET - Ur_EldersHouse.png,4,7
3823,238,15,water_blue,TILESET - Falgabard_Cave.png,4,15
3824,239,0,water_blue,TILESET - Canaan-CidHouse_1F.png,4,7
3825,239,1,water_blue,TILESET - Cave_of_Shadows4.png,1,9
3826,239,2,water_blue,TILESET - Ur_Well.png,1,9
3827,239,3,water_blue,TILESET - World_of_Darkness1.png,5,1
3828,239,4,water_blue,TILESET - Cave_of_Tides-Crystal_Room.png,1,3
3829,239,5,water_blue,TILESET - Crystal_Tower_1F.png,3,2
3830,239,6,water_blue,TILESET - Crystal_Tower_1F.png,1,3
3831,239,7,water_blue,TILESET - Ur_EldersHouse.png,1,7
3832,239,8,water_blue,TILESET - Inn_ItemShop.png,4,7
3833,239,9,water_blue,TILESET - Canaan-Inn_ItemShop.png,6,1
3834,239,10,water_blue,TILESET - Cave_of_Shadows6.png,1,2
3835,239,11,water_blue,TILESET - Ancient_Ruins3.png,1,2
3836,239,12,water_blue,TILESET - Mythril_Mine.png,4,13
3837,239,13,water_blue,TILESET - Canaan-ArmorShop.png,2,10
3838,239,14,water_blue,TILESET - Amur-ArmorShop.png,2,10
3839,239,15,water_blue,TILESET - Tozus-Magic_WeaponShop.png,2,10
3840,240,0,water_blue,TILESET - Canaan-Inn_ItemShop.png,5,2
3841,240,1,water_blue,TILESET - Canaan-Magic_WeaponShop.png,1,10
3842,240,2,water_blue,TILESET - Canaan-ArmorShop.png,1,10
3843,240,3,water_blue,TILESET - Tozus-Magic_WeaponShop.png,1,10
3844,240,4,water_blue,TILESET - Amur.png,1,6
3845,240,5,water_blue,TILESET - Airship.png,0,13
3846,240,6,water_blue,TILESET - Tozus_Tunnel1.png,0,0
3847,240,7,water_blue,TILESET - Canaan-Shrine.png,1,8
3848,240,8,water_blue,TILESET - Alter Cave.png,4,15
3849,240,9,water_blue,TILESET - Cave_of_Tides1.png,1,7
3850,240,10,water_blue,TILESET - Ancient_Ruins3.png,0,10
3851,240,11,water_blue,TILESET - Cave_of_Tides1.png,0,10
3852,240,12,water_blue,TILESET - Dogas_Grotto1.png,4,3
3853,240,13,water_blue,TILESET - Castle_Sasune_Inner2.png,1,9
3854,240,14,water_blue,TILESET - Mythril_Mine.png,0,6
3855,240,15,water_blue,TILESET - Amur-ArmorShop.png,5,0
3856,241,0,water_blue,TILESET - Amur-House.png,5,0
3857,241,1,water_blue,TILESET - Crystal_Tower_8F_1.png,0,4
3858,241,2,water_blue,TILESET - Castle_Argus-Tower.png,1,9
3859,241,3,water_blue,TILESET - Saronia_SouthEast2.png,1,9
3860,241,4,water_blue,TILESET - Nepto_Temple1F.png,3,6
3861,241,5,water_blue,TILESET - Eureka_B6.png,5,7
3862,241,6,water_blue,TILESET - Eureka_B6.png,2,13
3863,241,7,water_blue,TILESET - Ur_EldersHouse.png,2,11
3864,241,8,water_blue,TILESET - Airship.png,0,6
3865,241,9,water_blue,TILESET - Castle_Argus3F.png,0,3
3866,241,10,water_blue,TILESET - Amur-Shrine.png,2,11
3867,241,11,water_blue,TILESET - Canaan-CidHouse_2F.png,2,11
3868,241,12,water_blue,TILESET - Dwarven_HollowB3_1.png,2,11
3869,241,13,water_blue,TILESET - Eureka_B6.png,1,13
3870,241,14,water_blue,TILESET - Kazus.png,2,4
3871,241,15,water_blue,TILESET - Tozus.png,4,8
3872,242,0,water_blue,TILESET - The_Invincible.png,1,2
3873,242,1,water_blue,TILESET - Wreck1.png,1,2
3874,242,2,water_blue,TILESET - Ur_Well.png,4,3
3875,242,3,water_blue,TILESET - Ur_Well.png,6,14
3876,242,4,water_blue,TILESET - Castle_Sasune_Inner2.png,1,8
3877,242,5,water_blue,TILESET - Falgabard_Cave.png,4,12
3878,242,6,water_blue,TILESET - Cave_of_Tides3.png,4,12
3879,242,7,water_blue,TILESET - Ancient_Ruins1.png,4,12
3880,242,8,water_blue,TILESET - Cave_of_Shadows1_1.png,4,12
3881,242,9,water_blue,TILESET - Crystal_Tower_8F_2.png,4,11
3882,242,10,water_blue,TILESET - Cave_of_Tides-Crystal_Room.png,4,11
3883,242,11,water_blue,TILESET - Crystal_Tower_8F_1.png,2,8
3884,242,12,water_blue,TILESET - Tozus_Tunnel1.png,4,3
3885,242,13,water_blue,TILESET - Falgabard-Inn_ItemShop.png,1,10
3886,242,14,water_blue,TILESET - Amur-ArmorShop.png,1,10
3887,242,15,water_blue,TILESET - Amur-Magic_WeaponShop.png,1,10
3888,243,0,water_blue,TILESET - Cave_of_Tides1.png,1,11
3889,243,1,water_blue,TILESET - Cave_of_Tides3.png,0,0
3890,243,2,water_blue,TILESET - Crystal_Tower_8F_1.png,4,12
3891,243,3,water_blue,TILESET - Crystal_Tower_1F.png,1,2
3892,243,4,water_blue,TILESET - Cave_of_Tides3.png,1,9
3893,243,5,water_blue,TILESET - Cave_of_Shadows1_1.png,1,9
3894,243,6,water_blue,TILESET - Dogas_Grotto1.png,1,9
3895,243,7,water_blue,TILESET - World_of_Darkness7.png,0,3
3896,243,8,water_blue,TILESET - Crystal_Tower_8F_1.png,5,4
3897,243,9,water_blue,TILESET - Crystal_Tower_8F_1.png,1,2
3898,243,10,water_blue,TILESET - Tower_of_Owen1F.png,4,13
3899,243,11,water_blue,TILESET - Sewers1.png,0,12
3900,243,12,water_blue,TILESET - Tower_of_Owen10F.png,1,3
3901,243,13,water_blue,TILESET - Temple_of_Time1_1.png,3,14
3902,243,14,water_blue,TILESET - Gulgan_Gulch1.png,4,13
3903,243,15,water_blue,TILESET - Crystal Room.png,3,14
3904,244,0,water_blue,TILESET - Crystal_Tower_8F_2.png,3,14
3905,244,1,water_blue,TILESET - Cave_of_Shadows1_1.png,0,2
3906,244,2,water_blue,TILESET - Cave_of_Shadows4.png,0,2
3907,244,3,water_blue,TILESET - Cave_of_Tides1.png,4,15
3908,244,4,water_blue,TILESET - World_of_Darkness1.png,3,5
3909,244,5,water_blue,TILESET - World_of_Darkness1.png,2,14
3910,244,6,water_blue,TILESET - Cave_of_Tides-Crystal_Room.png,2,15
3911,244,7,water_blue,TILESET - Crystal_Tower_8F_2.png,1,9
3912,244,8,water_blue,TILESET - Tower_of_Owen1F.png,0,7
3913,244,9,water_blue,TILESET - World_of_Darkness7.png,2,11
3914,244,10,water_blue,TILESET - World_of_Darkness7.png,3,0
3915,244,11,water_blue,TILESET - World_of_Darkness1.png,2,4
3916,244,12,water_blue,TILESET - World_of_Darkness7.png,1,13
3917,244,13,water_blue,TILESET - Cave_of_Tides-Crystal_Room.png,2,13
3918,244,14,water_blue,TILESET - Crystal_Tower_3F.png,2,13
3919,244,15,water_blue,TILESET - Crystal_Tower_1F.png,2,13
3920,245,0,water_blue,TILESET - Cave_of_Tides-Crystal_Room.png,2,12
3921,245,1,water_blue,TILESET - Crystal Room.png,2,12
3922,245,2,water_blue,TILESET - Crystal Room.png,0,1
3923,245,3,water_blue,TILESET - Crystal Room.png,6,2
3924,245,4,water_blue,TILESET - Alter Cave.png,4,12
3925,245,5,water_blue,TILESET - Dwarven_Hollow-ArmorShop.png,1,10
3926,245,6,water_blue,TILESET - Replito-MagicShop.png,1,10
3927,245,7,water_blue,TILESET - Tozus-Magic_WeaponShop.png,1,8
3928,245,8,water_blue,TILESET - Ur.png,5,1
3929,245,9,water_blue,TILESET - Canaan.png,5,1
3930,245,10,water_blue,TILESET - Crystal Room.png,5,0
3931,245,11,water_blue,TILESET - Dogas_Grotto1.png,0,0
3932,245,12,water_blue,TILESET - Sewers1.png,0,0
3933,245,13,water_blue,TILESET - Sewers1.png,4,3
3934,245,14,water_blue,TILESET - World_of_Darkness1.png,2,3
3935,245,15,water_blue,TILESET - Crystal_Tower_8F_1.png,2,10
3936,246,0,water_blue,TILESET - Alter Cave.png,0,12
3937,246,1,water_blue,TILESET - Ur_EldersHouse.png,6,1
3938,246,2,water_blue,TILESET - Amur-ArmorShop.png,4,7
3939,246,3,water_blue,TILESET - Tozus-Magic_WeaponShop.png,4,7
3940,246,4,water_blue,TILESET - Amur-Shrine.png,4,7
3941,246,5,water_blue,TILESET - Cave_of_Tides-Crystal_Room.png,6,2
3942,246,6,water_blue,TILESET - Cave_of_Tides-Crystal_Room.png,0,1
3943,246,7,water_blue,TILESET - Cave_of_Tides-Crystal_Room.png,0,11
3944,246,8,water_blue,TILESET - Tozus-MayorHouse.png,1,8
3945,246,9,water_blue,TILESET - Falgabard-Inn_ItemShop.png,1,8
3946,246,10,water_blue,TILESET - Dwarven_Hollow-ArmorShop.png,1,8
3947,246,11,water_blue,TILESET - Shop_1.png,1,8
3948,246,12,water_blue,TILESET - Canaan-Shrine.png,1,9
3949,246,13,water_blue,TILESET - Tower_of_Owen3F.png,4,13
3950,246,14,water_blue,TILESET - Tower_of_Owen10F.png,4,13
3951,246,15,water_blue,TILESET - Castle_Sasune_Inner2.png,0,10
3952,247,0,water_blue,TILESET - Wreck1.png,0,15
3953,247,1,water_blue,TILESET - Cave_of_Tides-Crystal_Room.png,0,10
3954,247,2,water_blue,TILESET - Crystal Room.png,0,10
3955,247,3,water_blue,TILESET - Crystal_Tower_8F_1.png,2,2
3956,247,4,water_blue,TILESET - Tower_of_Owen10F.png,0,12
3957,247,5,water_blue,TILESET - Tower_of_Owen3F.png,0,12
3958,247,6,water_blue,TILESET - Castle_Argus-Tower.png,1,6
3959,247,7,water_blue,TILESET - Saronia_SouthEast2.png,1,6
3960,247,8,water_blue,TILESET - Tozus-MayorHouse.png,1,9
3961,247,9,water_blue,TILESET - Village_of_Gysahl-Farm.png,1,9
3962,247,10,water_blue,TILESET - Village_of_Gysahl-Farm.png,1,8
3963,247,11,water_blue,TILESET - Temple_of_Time1_1.png,5,6
3964,247,12,water_blue,TILESET - Sunken_Cave1.png,3,2
3965,247,13,water_blue,TILESET - Cave_of_Shadows6.png,3,2
3966,247,14,water_blue,TILESET - Cave_of_Tides-Crystal_Room.png,6,7
3967,247,15,water_blue,TILESET - Ancient_Ruins3.png,3,2
3968,248,0,water_blue,TILESET - Crystal_Tower_8F_2.png,6,7
3969,248,1,water_blue,TILESET - Mythril_Mine.png,3,2
3970,248,2,water_blue,TILESET - Tower_of_Owen10F.png,0,15
3971,248,3,water_blue,TILESET - Airship.png,4,14
3972,248,4,water_blue,TILESET - Castle_Sasune_Inner2.png,1,5
3973,248,5,water_blue,TILESET - Ur_Shed.png,5,2
3974,248,6,water_blue,TILESET - Ur_Shed.png,2,10
3975,248,7,water_blue,TILESET - Amur-House.png,2,10
3976,248,8,water_blue,TILESET - Amur-Inn_Pub.png,2,10
3977,248,9,water_blue,TILESET - Shop_1.png,2,10
3978,248,10,water_blue,TILESET - Shop_1.png,5,2
3979,248,11,water_blue,TILESET - Dwarven_Hollow-ArmorShop.png,2,10
3980,248,12,water_blue,TILESET - Replito-MagicShop.png,2,10
3981,248,13,water_blue,TILESET - Crystal_Tower_8F_1.png,0,12
3982,248,14,water_blue,TILESET - Saronia_Castle-Gate.png,5,1
3983,248,15,water_blue,TILESET - Eureka_B1.png,2,10
3984,249,0,water_blue,TILESET - Crystal Room.png,3,8
3985,249,1,water_blue,TILESET - Crystal_Tower_8F_2.png,2,1
3986,249,2,water_blue,TILESET - Crystal_Tower_1F.png,3,4
3987,249,3,water_blue,TILESET - Crystal_Tower_8F_2.png,0,12
3988,249,4,water_blue,TILESET - Eureka_B1.png,1,1
3989,249,5,water_blue,TILESET - Wreck1.png,0,10
3990,249,6,water_blue,TILESET - The_Invincible.png,0,10
3991,249,7,water_blue,TILESET - Canaan-CidHouse_1F.png,1,9
3992,249,8,water_blue,TILESET - Tozus.png,1,7
3993,249,9,water_blue,TILESET - Canaan-ArmorShop.png,1,8
3994,249,10,water_blue,TILESET - Canaan-Magic_WeaponShop.png,6,1
3995,249,11,water_blue,TILESET - Shop_1.png,6,1
3996,249,12,water_blue,TILESET - Temple_of_Time1_1.png,3,13
3997,249,13,water_blue,TILESET - Gulgan_Gulch1.png,5,10
3998,249,14,water_blue,TILESET - Cave_of_Tides-Crystal_Room.png,3,13
3999,249,15,water_blue,TILESET - Crystal Room.png,3,13
4000,250,0,water_blue,TILESET - Crystal_Tower_8F_2.png,3,13
4001,250,1,water_blue,TILESET - Cave_of_Tides-Crystal_Room.png,3,14
4002,250,2,water_blue,TILESET - Tower_of_Owen1F.png,3,2
4003,250,3,water_blue,TILESET - Cave_of_Shadows4.png,4,9
4004,250,4,water_blue,TILESET - World_of_Darkness-Crystal_Room.png,4,9
4005,250,5,water_blue,TILESET - Cave_of_Shadows6.png,4,9
4006,250,6,water_blue,TILESET - Sewers1.png,4,9
4007,250,7,water_blue,TILESET - Cave_of_Tides3.png,4,9
4008,250,8,water_blue,TILESET - World_of_Darkness1.png,4,9
4009,250,9,water_blue,TILESET - Dogas_Grotto1.png,4,9
4010,250,10,water_blue,TILESET - Cave_of_Shadows1_1.png,4,9
4011,250,11,water_blue,TILESET - Ur_Well.png,4,9
4012,250,12,water_blue,TILESET - Dwarven_Hollow-ArmorShop.png,4,1
4013,250,13,water_blue,TILESET - Nepto_Temple1F.png,0,13
4014,250,14,water_blue,TILESET - Gulgan_Gulch1.png,4,1
4015,250,15,water_blue,TILESET - Crystal Room.png,4,9
4016,251,0,water_blue,TILESET - Cave_of_Tides-Crystal_Room.png,4,9
4017,251,1,water_blue,TILESET - Cave_of_Tides1.png,4,9
4018,251,2,water_blue,TILESET - Crystal_Tower_5F.png,4,9
4019,251,3,water_blue,TILESET - Crystal_Tower_1F.png,4,9
4020,251,4,water_blue,TILESET - Crystal_Tower_1F.png,0,0
4021,251,5,water_blue,TILESET - Crystal_Tower_5F.png,0,0
4022,251,6,water_blue,TILESET - Canaan.png,4,9
4023,251,7,water_blue,TILESET - Cave_of_Shadows1_1.png,3,2
4024,251,8,water_blue,TILESET - Alter Cave.png,3,2
4025,251,9,water_blue,TILESET - Falgabard_Cave.png,3,2
4026,251,10,water_blue,TILESET - Ancient_Ruins1.png,3,2
4027,251,11,water_blue,TILESET - Sunken_Cave1.png,0,0
4028,251,12,water_blue,TILESET - Canaan.png,1,5
4029,251,13,water_blue,TILESET - Crystal_Tower_8F_1.png,1,0
4030,251,14,water_blue,TILESET - Nepto_Temple1F.png,2,1
4031,251,15,water_blue,TILESET - Cave_of_Tides1.png,0,2
4032,252,0,water_blue,TILESET - Gulgan_Gulch1.png,4,6
4033,252,1,water_blue,TILESET - Temple_of_Time1_1.png,2,13
4034,252,2,water_blue,TILESET - World_of_Darkness-Crystal_Room.png,7,13
4035,252,3,water_blue,TILESET - Cave_of_Tides-Crystal_Room.png,3,8
4036,252,4,water_blue,TILESET - Crystal Room.png,3,9
4037,252,5,water_blue,TILESET - Crystal Room.png,2,11
4038,252,6,water_blue,TILESET - Tower_of_Owen3F.png,0,7
4039,252,7,water_blue,TILESET - Tower_of_Owen10F.png,0,7
4040,252,8,water_blue,TILESET - Replito-MagicShop.png,1,8
4041,252,9,water_blue,TILESET - Amur-Magic_WeaponShop.png,1,8
4042,252,10,water_blue,TILESET - Amur-ArmorShop.png,1,8
4043,252,11,water_blue,TILESET - Cave_of_Tides-Crystal_Room.png,4,10
4044,252,12,water_blue,TILESET - Cave_of_Tides1.png,4,10
4045,252,13,water_blue,TILESET - Crystal Room.png,4,10
4046,252,14,water_blue,TILESET - Crystal_Tower_1F.png,4,10
4047,252,15,water_blue,TILESET - Crystal_Tower_5F.png,4,10
4048,253,0,water_blue,TILESET - Dwarven_Hollow-ArmorShop.png,4,3
4049,253,1,water_blue,TILESET - Gulgan_Gulch1.png,4,3
4050,253,2,water_blue,TILESET - World_of_Darkness-Crystal_Room.png,1,13
4051,253,3,water_blue,TILESET - World_of_Darkness1.png,1,13
4052,253,4,water_blue,TILESET - Canaan-ArmorShop.png,6,1
4053,253,5,water_blue,TILESET - Canaan-Magic_WeaponShop.png,4,7
4054,253,6,water_blue,TILESET - Canaan-ArmorShop.png,4,7
4055,253,7,water_blue,TILESET - Cave_of_Shadows1_1.png,4,15
4056,253,8,water_blue,TILESET - Crystal_Tower_1F.png,7,13
4057,253,9,water_blue,TILESET - Heins_Castle1.png,7,13
4058,253,10,water_blue,TILESET - Temple_of_Time1_1.png,7,13
4059,253,11,water_blue,TILESET - Wreck1.png,0,14
4060,253,12,water_blue,TILESET - Castle_Sasune_Inner2.png,0,7
4061,253,13,water_blue,TILESET - World_of_Darkness7.png,2,3
4062,253,14,water_blue,TILESET - Crystal_Tower_8F_2.png,0,11
4063,253,15,water_blue,TILESET - Crystal_Tower_8F_2.png,1,10
4064,254,0,water_blue,TILESET - World_of_Darkness7.png,0,0
4065,254,1,water_blue,TILESET - Saronia_Catacombs1.png,0,10
4066,254,2,water_blue,TILESET - Tozus-MayorHouse.png,4,7
4067,254,3,water_blue,TILESET - Tozus-Inn_ItemShop.png,4,7
4068,254,4,water_blue,TILESET - Amur-Inn_Pub.png,4,7
4069,254,5,water_blue,TILESET - Village_of_Gysahl-Farm.png,4,7
4070,254,6,water_blue,TILESET - Inn_ItemShop.png,6,1
4071,254,7,water_blue,TILESET - Alter Cave.png,1,2
4072,254,8,water_blue,TILESET - Cave_of_Shadows1_1.png,1,2
4073,254,9,water_blue,TILESET - Ancient_Ruins1.png,1,2
4074,254,10,water_blue,TILESET - Airship.png,1,2
4075,254,11,water_blue,TILESET - Castle_Sasune.png,5,7
4076,254,12,water_blue,TILESET - Saronia_Castle1.png,5,7
4077,254,13,water_blue,TILESET - Castle_Argus.png,5,7
4078,254,14,water_blue,TILESET - Castle_Argus.png,2,11
4079,254,15,water_blue,TILESET - Saronia_Castle1.png,2,11
4080,255,0,water_blue,TILESET - Castle_Sasune.png,2,11
4081,255,1,water_blue,TILESET - Crystal_Tower_3F.png,0,0
4082,255,2,water_blue,TILESET - Wreck1.png,4,15
4083,255,3,water_blue,TILESET - The_Invincible.png,4,15
4084,255,4,water_blue,TILESET - Village_of_Gysahl-Farm.png,2,0
4085,255,5,water_blue,TILESET - Amur-Inn_Pub.png,2,0
4086,255,6,water_blue,TILESET - Inn_ItemShop.png,2,0
4087,255,7,water_blue,TILESET - Airship.png,4,15
4088,255,8,water_blue,TILESET - Crystal_Tower_1F.png,4,11
4089,255,9,water_blue,TILESET - Crystal_Tower_3F.png,4,11
4090,255,10,water_blue,TILESET - Crystal_Tower_5F.png,4,11
4091,255,11,water_blue,TILESET - World_of_Darkness7.png,0,4
4092,255,12,water_blue,TILESET - World_of_Darkness7.png,0,5
4093,255,13,water_blue,TILESET - Crystal_Tower_1F.png,1,7
4094,255,14,water_blue,TILESET - Crystal_Tower_3F.png,1,7
4095,255,15,water_blue,TILESET - Crystal_Tower_5F.png,1,7
4096,256,0,water_blue,TILESET - Crystal Room.png,2,4
4097,256,1,water_blue,TILESET - Cave_of_Tides-Crystal_Room.png,2,4
4098,256,2,water_blue,TILESET - Crystal_Tower_8F_2.png,2,4
4099,256,3,water_blue,TILESET - Temple_of_Time1_1.png,5,1
4100,256,4,water_blue,TILESET - Temple_of_Time1_1.png,5,7
4101,256,5,water_blue,TILESET - Crystal Room.png,3,5
4102,256,6,water_blue,TILESET - Cave_of_Tides-Crystal_Room.png,3,5
4103,256,7,water_blue,TILESET - Cave_of_Tides-Crystal_Room.png,7,13
4104,256,8,water_blue,TILESET - Crystal Room.png,7,13
4105,256,9,water_blue,TILESET - Castle_Sasune_Inner2.png,1,4
4106,256,10,water_blue,TILESET - Castle_Sasune_Inner.png,1,4
4107,256,11,water_blue,TILESET - Saronia_SouthEast2.png,0,7
4108,256,12,water_blue,TILESET - Castle_Argus-Tower.png,0,7
4109,256,13,water_blue,TILESET - Castle_Sasune_Inner.png,0,7
4110,256,14,water_blue,TILESET - Saronia_Castle-Gate.png,1,5
4111,256,15,water_blue,TILESET - Eureka_B1.png,0,11
4112,257,0,water_blue,TILESET - Nepto_Temple1F.png,0,10
4113,257,1,water_blue,TILESET - Cave_of_Shadows6.png,4,2
4114,257,2,water_blue,TILESET - Sewers1.png,4,2
4115,257,3,water_blue,TILESET - World_of_Darkness-Crystal_Room.png,4,2
4116,257,4,water_blue,TILESET - Ur_Well.png,4,2
4117,257,5,water_blue,TILESET - Gulgan_Gulch1.png,4,2
4118,257,6,water_blue,TILESET - Cave_of_Tides3.png,4,2
4119,257,7,water_blue,TILESET - Cave_of_Shadows4.png,4,2
4120,257,8,water_blue,TILESET - World_of_Darkness1.png,4,2
4121,257,9,water_blue,TILESET - Dogas_Grotto1.png,4,2
4122,257,10,water_blue,TILESET - Cave_of_Shadows1_1.png,4,2
4123,257,11,water_blue,TILESET - Dwarven_Hollow-ArmorShop.png,4,2
4124,257,12,water_blue,TILESET - World_of_Darkness-Crystal_Room.png,1,12
4125,257,13,water_blue,TILESET - World_of_Darkness1.png,1,12
4126,257,14,water_blue,TILESET - Eureka_B1.png,2,1
4127,257,15,water_blue,TILESET - Eureka_B1.png,3,3
4128,258,0,water_blue,TILESET - Crystal_Tower_8F_2.png,2,10
4129,258,1,water_blue,TILESET - Cave_of_Tides-Crystal_Room.png,2,10
4130,258,2,water_blue,TILESET - Crystal Room.png,5,1
4131,258,3,water_blue,TILESET - Crystal Room.png,1,2
4132,258,4,water_blue,TILESET - Wreck1.png,4,13
4133,258,5,water_blue,TILESET - Cave_of_Tides3.png,0,1
4134,258,6,water_blue,TILESET - Crystal_Tower_8F_1.png,5,2
4135,258,7,water_blue,TILESET - Crystal Room.png,0,13
4136,258,8,water_blue,TILESET - Cave_of_Tides-Crystal_Room.png,0,13
4137,258,9,water_blue,TILESET - Crystal Room.png,2,14
4138,258,10,water_blue,TILESET - Nepto_Temple1F.png,1,4
4139,258,11,water_blue,TILESET - World_of_Darkness-Crystal_Room.png,2,4
4140,258,12,water_blue,TILESET - Cave_of_Shadows6.png,1,4
4141,258,13,water_blue,TILESET - Cave_of_Shadows4.png,1,4
4142,258,14,water_blue,TILESET - Cave_of_Shadows1_1.png,1,4
4143,258,15,water_blue,TILESET - Nepto_Temple1F.png,3,8
4144,259,0,water_blue,TILESET - Nepto_Temple1F.png,1,0
4145,259,1,water_blue,TILESET - Crystal Room.png,3,10
4146,259,2,water_blue,TILESET - Crystal Room.png,3,11
4147,259,3,water_blue,TILESET - Crystal_Tower_1F.png,2,4
4148,259,4,water_blue,TILESET - Eureka_B6.png,5,9
4149,259,5,water_blue,TILESET - Crystal_Tower_8F_2.png,1,13
4150,259,6,water_blue,TILESET - Cave_of_Tides-Crystal_Room.png,1,13
4151,259,7,water_blue,TILESET - Crystal Room.png,1,13
4152,259,8,water_blue,TILESET - Crystal_Tower_8F_1.png,1,13
4153,259,9,water_blue,TILESET - Bahamuts_Nest.png,0,6
4154,259,10,water_blue,TILESET - Crystal_Tower_8F_2.png,1,14
4155,259,11,water_blue,TILESET - Cave_of_Tides-Crystal_Room.png,1,14
4156,259,12,water_blue,TILESET - World_of_Darkness1.png,1,14
4157,259,13,water_blue,TILESET - Chocobos_Forest.png,0,6
4158,259,14,water_blue,TILESET - Eureka_B6.png,6,7
4159,259,15,water_blue,TILESET - Canaan.png,0,9
4160,260,0,water_blue,TILESET - Tozus.png,0,9
4161,260,1,water_blue,TILESET - Canaan.png,0,10
4162,260,2,water_blue,TILESET - Crystal_Tower_3F.png,1,12
4163,260,3,water_blue,TILESET - Crystal_Tower_1F.png,1,12
4164,260,4,water_blue,TILESET - Crystal_Tower_5F.png,4,2
4165,260,5,water_blue,TILESET - Cave_of_Tides1.png,4,2
4166,260,6,water_blue,TILESET - Cave_of_Tides-Crystal_Room.png,4,2
4167,260,7,water_blue,TILESET - Crystal Room.png,4,2
4168,260,8,water_blue,TILESET - Crystal_Tower_1F.png,4,2
4169,260,9,water_blue,TILESET - Saronia_Castle3.png,1,8
4170,260,10,water_blue,TILESET - Saronia_Catacombs1.png,1,8
4171,260,11,water_blue,TILESET - Saronia_Castle5.png,0,3
4172,260,12,water_blue,TILESET - Kazus.png,2,11
4173,260,13,water_blue,TILESET - Ur.png,2,11
4174,260,14,water_blue,TILESET - Eureka_B6.png,5,8
4175,260,15,water_blue,TILESET - Ancient_Ruins3.png,0,6
4176,261,0,water_blue,TILESET - Cave_of_Shadows6.png,0,6
4177,261,1,water_blue,TILESET - Sunken_Cave1.png,0,6
4178,261,2,water_blue,TILESET - Crystal_Tower_8F_2.png,0,6
4179,261,3,water_blue,TILESET - Saronia_Catacombs1.png,0,11
4180,261,4,water_blue,TILESET - Tower_of_Owen1F.png,2,14
4181,261,5,water_blue,TILESET - Cave_of_Tides1.png,1,3
4182,261,6,water_blue,TILESET - Tozus.png,1,15
4183,261,7,water_blue,TILESET - Eureka_B1.png,3,4
4184,261,8,water_blue,TILESET - World_of_Darkness1.png,0,6
4185,261,9,water_blue,TILESET - Crystal_Tower_8F_1.png,1,10
4186,261,10,water_blue,TILESET - Crystal_Tower_8F_1.png,2,6
4187,261,11,water_blue,TILESET - Wreck1.png,1,4
4188,261,12,water_blue,TILESET - Crystal_Tower_1F.png,5,2
4189,261,13,water_blue,TILESET - Crystal_Tower_1F.png,0,12
4190,261,14,water_blue,TILESET - World_of_Darkness7.png,0,1
4191,261,15,water_blue,TILESET - World_of_Darkness7.png,6,2
4192,262,0,water_blue,TILESET - World_of_Darkness1.png,1,9
4193,262,1,water_blue,TILESET - Crystal_Tower_1F.png,2,14
4194,262,2,water_blue,TILESET - Cave_of_Tides-Crystal_Room.png,1,1
4195,262,3,water_blue,TILESET - Heins_Castle1.png,5,3
4196,262,4,water_blue,TILESET - Castle_Sasune_Inner2.png,1,7
4197,262,5,water_blue,TILESET - Temple_of_Time1_1.png,4,15
4198,262,6,water_blue,TILESET - World_of_Darkness-Crystal_Room.png,2,3
4199,262,7,water_blue,TILESET - Gulgan_Gulch1.png,0,0
4200,262,8,water_blue,TILESET - Dwarven_Hollow-ArmorShop.png,0,0
4201,262,9,water_blue,TILESET - Falgabard_Cave.png,0,0
4202,262,10,water_blue,TILESET - Canaan-ArmorShop.png,5,1
4203,262,11,water_blue,TILESET - Saronia_Catacombs1.png,1,6
4204,262,12,water_blue,TILESET - Saronia_Castle3.png,1,6
4205,262,13,water_blue,TILESET - Cave_of_Tides-Crystal_Room.png,0,2
4206,262,14,water_blue,TILESET - Crystal Room.png,0,2
4207,262,15,water_blue,TILESET - Nepto_Temple1F.png,0,7
4208,263,0,water_blue,TILESET - World_of_Darkness-Crystal_Room.png,6,1
4209,263,1,water_blue,TILESET - Eureka_B1.png,3,1
4210,263,2,water_blue,TILESET - Eureka_B6.png,6,11
4211,263,3,water_blue,TILESET - Tozus_Tunnel1.png,6,12
4212,263,4,water_blue,TILESET - World_of_Darkness1.png,6,12
4213,263,5,water_blue,TILESET - Eureka_B1.png,7,4
4214,263,6,water_blue,TILESET - World_of_Darkness1.png,3,0
4215,263,7,water_blue,TILESET - Temple_of_Time1_1.png,2,7
4216,263,8,water_blue,TILESET - Crystal_Tower_8F_2.png,7,1
4217,263,9,water_blue,TILESET - Sunken_Cave1.png,7,1
4218,263,10,water_blue,TILESET - Tower_of_Owen1F.png,7,1
4219,263,11,water_blue,TILESET - Cave_of_Shadows6.png,7,1
4220,263,12,water_blue,TILESET - Ancient_Ruins3.png,7,1
4221,263,13,water_blue,TILESET - Cave_of_Tides-Crystal_Room.png,7,1
4222,263,14,water_blue,TILESET - Temple_of_Time1_1.png,7,0
4223,263,15,water_blue,TILESET - Temple_of_Time1_1.png,2,9
4224,264,0,water_blue,TILESET - Crystal_Tower_3F.png,3,5
4225,264,1,water_blue,TILESET - Crystal_Tower_1F.png,3,5
4226,264,2,water_blue,TILESET - Crystal Room.png,7,1
4227,264,3,water_blue,TILESET - Eureka_B1.png,4,15
4228,264,4,water_blue,TILESET - Saronia_Castle-Gate.png,1,12
4229,264,5,water_blue,TILESET - Eureka_B1.png,2,5
4230,264,6,water_blue,TILESET - Castle_Argus3F.png,0,11
4231,264,7,water_blue,TILESET - Saronia_Castle5.png,0,11
4232,264,8,water_blue,TILESET - Tozus.png,2,4
4233,264,9,water_blue,TILESET - Crystal Room.png,0,6
4234,264,10,water_blue,TILESET - Castle_Sasune_Inner2.png,0,3
4235,264,11,water_blue,TILESET - Castle_Sasune_Inner.png,1,9
4236,264,12,water_blue,TILESET - Crystal Room.png,2,3
4237,264,13,water_blue,TILESET - Cave_of_Tides-Crystal_Room.png,2,3
4238,264,14,water_blue,TILESET - Crystal_Tower_1F.png,2,3
4239,264,15,water_blue,TILESET - Crystal_Tower_3F.png,2,3
4240,265,0,water_blue,TILESET - Crystal_Tower_5F.png,2,3
4241,265,1,water_blue,TILESET - Eureka_B6.png,1,14
4242,265,2,water_blue,TILESET - Crystal Room.png,1,14
4243,265,3,water_blue,TILESET - World_of_Darkness7.png,2,4
4244,265,4,water_blue,TILESET - Saronia_Catacombs1.png,1,9
4245,265,5,water_blue,TILESET - Amur.png,2,4
4246,265,6,water_blue,TILESET - Saronia_Castle3.png,1,9
4247,265,7,water_blue,TILESET - Dragons_Peak.png,1,7
4248,265,8,water_blue,TILESET - Inn_ItemShop.png,0,11
4249,265,9,water_blue,TILESET - Ur_Shed.png,0,11
4250,265,10,water_blue,TILESET - Shop_1.png,0,11
4251,265,11,water_blue,TILESET - Airship.png,3,2
4252,265,12,water_blue,TILESET - Ur_Shed.png,6,2
4253,265,13,water_blue,TILESET - Ur_EldersHouse.png,6,2
4254,265,14,water_blue,TILESET - Ur_EldersHouse.png,0,11
4255,265,15,water_blue,TILESET - Dwarven_HollowB3_1.png,0,11
4256,266,0,water_blue,TILESET - Dwarven_Hollow-ArmorShop.png,0,11
4257,266,1,water_blue,TILESET - Gulgan_Gulch1.png,0,11
4258,266,2,water_blue,TILESET - Dwarven_HollowB1_B2.png,0,11
4259,266,3,water_blue,TILESET - Amur-ArmorShop.png,0,11
4260,266,4,water_blue,TILESET - Amur-House.png,0,11
4261,266,5,water_blue,TILESET - Amur-Inn_Pub.png,0,11
4262,266,6,water_blue,TILESET - Tozus-Inn_ItemShop.png,0,11
4263,266,7,water_blue,TILESET - Tozus-MayorHouse.png,0,11
4264,266,8,water_blue,TILESET - Vikings_Cove-1.png,0,11
4265,266,9,water_blue,TILESET - Tozus-Magic_WeaponShop.png,0,11
4266,266,10,water_blue,TILESET - Castle_Argus-Tower.png,0,11
4267,266,11,water_blue,TILESET - Vikings_Cove-Inn_ItemShop.png,0,11
4268,266,12,water_blue,TILESET - Nepto_Temple1F.png,0,15
4269,266,13,water_blue,TILESET - Temple_of_Time1_1.png,0,15
4270,266,14,water_blue,TILESET - Crystal Room.png,1,8
4271,266,15,water_blue,TILESET - Cave_of_Tides-Crystal_Room.png,1,8
4272,267,0,water_blue,TILESET - Crystal_Tower_8F_2.png,1,8
4273,267,1,water_blue,TILESET - Crystal_Tower_8F_2.png,0,7
4274,267,2,water_blue,TILESET - Crystal Room.png,0,7
4275,267,3,water_blue,TILESET - Saronia_Catacombs1.png,1,7
4276,267,4,water_blue,TILESET - Shop_1.png,6,2
4277,267,5,water_blue,TILESET - Inn_ItemShop.png,6,2
4278,267,6,water_blue,TILESET - Castle_Argus-Tower.png,1,7
4279,267,7,water_blue,TILESET - Saronia_SouthEast2.png,1,7
4280,267,8,water_blue,TILESET - Saronia_Castle3.png,1,7
4281,267,9,water_blue,TILESET - Heins_Castle1.png,0,7
4282,267,10,water_blue,TILESET - Heins_Castle1.png,1,8
4283,267,11,water_blue,TILESET - Dwarven_Hollow-ArmorShop.png,2,15
4284,267,12,water_blue,TILESET - Airship.png,0,7
4285,267,13,water_blue,TILESET - World_of_Darkness-Crystal_Room.png,0,0
4286,267,14,water_blue,TILESET - Crystal Room.png,4,11
4287,267,15,water_blue,TILESET - Crystal Room.png,0,11
4288,268,0,water_blue,TILESET - World_of_Darkness1.png,0,2
4289,268,1,water_blue,TILESET - Saronia_Castle-Gate.png,1,6
4290,268,2,water_blue,TILESET - Crystal_Tower_8F_2.png,2,15
4291,268,3,water_blue,TILESET - Crystal Room.png,2,15
4292,268,4,water_blue,TILESET - World_of_Darkness7.png,0,7
4293,268,5,water_blue,TILESET - World_of_Darkness7.png,1,14
4294,268,6,water_blue,TILESET - Crystal_Tower_8F_1.png,7,1
4295,268,7,water_blue,TILESET - Eureka_B1.png,2,14
4296,268,8,water_blue,TILESET - Cave_of_Shadows1_1.png,1,10
4297,268,9,water_blue,TILESET - Cave_of_Shadows4.png,1,10
4298,268,10,water_blue,TILESET - Dogas_Grotto1.png,1,10
4299,268,11,water_blue,TILESET - Temple_of_Time1_1.png,2,12
4300,268,12,water_blue,TILESET - Castle_Sasune_Inner2.png,7,1
4301,268,13,water_blue,TILESET - Mythril_Mine.png,7,1
4302,268,14,water_blue,TILESET - World_of_Darkness7.png,7,0
4303,268,15,water_blue,TILESET - Cave_of_Tides-Crystal_Room.png,7,0
4304,269,0,water_blue,TILESET - Castle_Argus-Tower.png,7,1
4305,269,1,water_blue,TILESET - Saronia_SouthEast2.png,7,1
4306,269,2,water_blue,TILESET - Crystal_Tower_8F_2.png,7,0
4307,269,3,water_blue,TILESET - Crystal Room.png,7,0
4308,269,4,water_blue,TILESET - Castle_Sasune_Inner.png,7,1
4309,269,5,water_blue,TILESET - Temple_of_Time1_1.png,2,14
4310,269,6,water_blue,TILESET - Crystal Room.png,2,13
4311,269,7,water_blue,TILESET - Castle_Sasune_Inner.png,0,5
4312,269,8,water_blue,TILESET - Castle_Argus-Tower.png,0,5
4313,269,9,water_blue,TILESET - Saronia_Castle-Gate.png,4,9
4314,269,10,water_blue,TILESET - Cave_of_Tides3.png,1,10
4315,269,11,water_blue,TILESET - Crystal_Tower_8F_1.png,0,10
4316,269,12,water_blue,TILESET - Cave_of_Tides3.png,4,3
4317,269,13,water_blue,TILESET - Gulgan_Gulch1.png,1,12
4318,269,14,water_blue,TILESET - World_of_Darkness1.png,0,3
4319,269,15,water_blue,TILESET - Crystal_Tower_1F.png,1,1
4320,270,0,water_blue,TILESET - Tower_of_Owen3F.png,4,12
4321,270,1,water_blue,TILESET - Tower_of_Owen10F.png,4,12
4322,270,2,water_blue,TILESET - World_of_Darkness7.png,3,5
4323,270,3,water_blue,TILESET - Crystal_Tower_8F_2.png,0,15
4324,270,4,water_blue,TILESET - Cave_of_Tides-Crystal_Room.png,0,15
4325,270,5,water_blue,TILESET - Crystal Room.png,0,15
4326,270,6,water_blue,TILESET - Cave_of_Tides-Crystal_Room.png,2,11
4327,270,7,water_blue,TILESET - World_of_Darkness1.png,0,10
4328,270,8,water_blue,TILESET - Tower_of_Owen10F.png,4,0
4329,270,9,water_blue,TILESET - Cave_of_Tides1.png,1,9
4330,270,10,water_blue,TILESET - The_Invincible.png,0,8
4331,270,11,water_blue,TILESET - Cave_of_Tides-Crystal_Room.png,6,1
4332,270,12,water_blue,TILESET - Kazus.png,1,7
4333,270,13,water_blue,TILESET - Crystal_Tower_1F.png,6,2
4334,270,14,water_blue,TILESET - Crystal_Tower_1F.png,0,1
4335,270,15,water_blue,TILESET - Crystal_Tower_3F.png,0,1
4336,271,0,water_blue,TILESET - Crystal_Tower_5F.png,0,1
4337,271,1,water_blue,TILESET - Ur.png,1,7
4338,271,2,water_blue,TILESET - Amur.png,1,7
4339,271,3,water_blue,TILESET - Crystal_Tower_3F.png,6,2
4340,271,4,water_blue,TILESET - Crystal_Tower_5F.png,6,2
4341,271,5,water_blue,TILESET - Canaan-Magic_WeaponShop.png,1,8
4342,271,6,water_blue,TILESET - The_Invincible.png,4,14
4343,271,7,water_blue,TILESET - Sewers1.png,0,13
4344,271,8,water_blue,TILESET - Cave_of_Tides1.png,0,0
4345,271,9,water_blue,TILESET - Chocobos_Forest.png,1,14
4346,271,10,water_blue,TILESET - Tozus-MayorHouse.png,1,7
4347,271,11,water_blue,TILESET - Village_of_Gysahl-Farm.png,1,7
4348,271,12,water_blue,TILESET - Ancient_Ruins1.png,0,10
4349,271,13,water_blue,TILESET - Falgabard_Cave.png,0,10
4350,271,14,water_blue,TILESET - Cave_of_Shadows1_1.png,0,10
4351,271,15,water_blue,TILESET - Alter Cave.png,0,10
4352,272,0,water_blue,TILESET - Cave_of_Tides-Crystal_Room.png,0,0
4353,272,1,water_blue,TILESET - Crystal Room.png,0,0
4354,272,2,water_blue,TILESET - Saronia_Castle-Gate.png,1,14
4355,272,3,water_blue,TILESET - Crystal_Tower_1F.png,1,0
4356,272,4,water_blue,TILESET - Eureka_B6.png,7,10
4357,272,5,water_blue,TILESET - Eureka_B6.png,7,11
4358,272,6,water_blue,TILESET - Eureka_B6.png,7,12
4359,272,7,water_blue,TILESET - Saronia_Catacombs1.png,0,15
4360,272,8,water_blue,TILESET - Saronia_Castle3.png,0,15
4361,272,9,water_blue,TILESET - Saronia_SouthEast2.png,1,5
4362,272,10,water_blue,TILESET - Wreck1.png,0,8
4363,272,11,water_blue,TILESET - Wreck1.png,0,7
4364,272,12,water_blue,TILESET - The_Invincible.png,0,7
4365,272,13,water_blue,TILESET - Crystal Room.png,6,7
4366,272,14,water_blue,TILESET - Crystal_Tower_1F.png,5,3
4367,272,15,water_blue,TILESET - Tozus_Tunnel1.png,0,1
4368,273,0,water_blue,TILESET - Wreck1.png,4,14
4369,273,1,water_blue,TILESET - Gulgan_Gulch1.png,2,9
4370,273,2,water_blue,TILESET - World_of_Darkness-Crystal_Room.png,4,3
4371,273,3,water_blue,TILESET - World_of_Darkness1.png,4,3
4372,273,4,water_blue,TILESET - Falgabard_Cave.png,4,3
4373,273,5,water_blue,TILESET - Sunken_Cave1.png,4,3
4374,273,6,water_blue,TILESET - Castle_Argus-Tower.png,1,5
4375,273,7,water_blue,TILESET - World_of_Darkness7.png,1,12
4376,273,8,water_blue,TILESET - Sewers1.png,1,2
4377,273,9,water_blue,TILESET - Mythril_Mine.png,0,5
4378,273,10,water_blue,TILESET - Crystal_Tower_8F_2.png,0,5
4379,273,11,water_blue,TILESET - Cave_of_Tides-Crystal_Room.png,0,5
4380,273,12,water_blue,TILESET - Crystal Room.png,0,5
4381,273,13,water_blue,TILESET - Ancient_Ruins3.png,0,5
4382,273,14,water_blue,TILESET - Tower_of_Owen1F.png,0,5
4383,273,15,water_blue,TILESET - Cave_of_Shadows6.png,0,5
4384,274,0,water_blue,TILESET - Sunken_Cave1.png,0,5
4385,274,1,water_blue,TILESET - Castle_Sasune_Inner2.png,0,5
4386,274,2,water_blue,TILESET - Saronia_Castle5.png,0,10
4387,274,3,water_blue,TILESET - Castle_Argus3F.png,0,10
4388,274,4,water_blue,TILESET - Canaan.png,1,6
4389,274,5,water_blue,TILESET - Canaan-CidHouse_2F.png,6,1
4390,274,6,water_blue,TILESET - Canaan-CidHouse_2F.png,4,7
4391,274,7,water_blue,TILESET - Cave_of_Tides1.png,1,10
4392,274,8,water_blue,TILESET - Ur_Shed.png,1,9
4393,274,9,water_blue,TILESET - Amur-House.png,1,9
4394,274,10,water_blue,TILESET - Saronia_NorthWest-Library.png,1,9
4395,274,11,water_blue,TILESET - Airship.png,0,12
4396,274,12,water_blue,TILESET - The_Invincible.png,0,12
4397,274,13,water_blue,TILESET - Wreck1.png,0,12
4398,274,14,water_blue,TILESET - World_of_Darkness1.png,0,1
4399,274,15,water_blue,TILESET - World_of_Darkness1.png,6,2
4400,275,0,water_blue,TILESET - World_of_Darkness7.png,2,12
4401,275,1,water_blue,TILESET - Ur_Well.png,1,10
4402,275,2,water_blue,TILESET - World_of_Darkness-Crystal_Room.png,2,5
4403,275,3,water_blue,TILESET - Saronia_Castle-Gate.png,2,4
4404,275,4,water_blue,TILESET - Temple_of_Time1_1.png,2,10
4405,275,5,water_blue,TILESET - Temple_of_Time1_1.png,0,9
4406,275,6,water_blue,TILESET - Eureka_B6.png,6,10
4407,275,7,water_blue,TILESET - Sewers1.png,0,10
4408,275,8,water_blue,TILESET - Cave_of_Tides-Crystal_Room.png,0,9
4409,275,9,water_blue,TILESET - Crystal Room.png,0,9
4410,275,10,water_blue,TILESET - Crystal_Tower_8F_2.png,0,9
4411,275,11,water_blue,TILESET - Temple_of_Time1_1.png,7,5
4412,275,12,water_blue,TILESET - Eureka_B1.png,2,12
4413,275,13,water_blue,TILESET - Cave_of_Shadows6.png,4,0
4414,275,14,water_blue,TILESET - Sunken_Cave1.png,4,0
4415,275,15,water_blue,TILESET - Mythril_Mine.png,4,0
4416,276,0,water_blue,TILESET - Ancient_Ruins3.png,4,0
4417,276,1,water_blue,TILESET - Mythril_Mine.png,6,13
4418,276,2,water_blue,TILESET - Crystal_Tower_1F.png,2,11
4419,276,3,water_blue,TILESET - Crystal_Tower_3F.png,2,11
4420,276,4,water_blue,TILESET - Crystal_Tower_1F.png,3,8
4421,276,5,water_blue,TILESET - Crystal Room.png,1,7
4422,276,6,water_blue,TILESET - World_of_Darkness1.png,5,3
4423,276,7,water_blue,TILESET - Ur.png,1,5
4424,276,8,water_blue,TILESET - Saronia_Catacombs1.png,0,7
4425,276,9,water_blue,TILESET - Saronia_Catacombs1.png,1,4
4426,276,10,water_blue,TILESET - Dwarven_Hollow-ArmorShop.png,0,10
4427,276,11,water_blue,TILESET - Gulgan_Gulch1.png,0,10
4428,276,12,water_blue,TILESET - Saronia_Castle3.png,0,10
4429,276,13,water_blue,TILESET - Dwarven_HollowB1_B2.png,0,10
4430,276,14,water_blue,TILESET - Amur-House.png,0,10
4431,276,15,water_blue,TILESET - Amur-ArmorShop.png,0,10
4432,277,0,water_blue,TILESET - Dwarven_HollowB3_1.png,0,10
4433,277,1,water_blue,TILESET - Amur-Inn_Pub.png,0,10
4434,277,2,water_blue,TILESET - Inn_ItemShop.png,0,10
4435,277,3,water_blue,TILESET - Ur_Shed.png,0,10
4436,277,4,water_blue,TILESET - Ur_EldersHouse.png,0,10
4437,277,5,water_blue,TILESET - Shop_1.png,0,10
4438,277,6,water_blue,TILESET - Airship.png,0,3
4439,277,7,water_blue,TILESET - Tozus-MayorHouse.png,0,10
4440,277,8,water_blue,TILESET - Tozus-Inn_ItemShop.png,0,10
4441,277,9,water_blue,TILESET - Temple_of_Time1_1.png,2,3
4442,277,10,water_blue,TILESET - Nepto_Temple1F.png,2,3
4443,277,11,water_blue,TILESET - Falgabard_Cave.png,4,13
4444,277,12,water_blue,TILESET - Ancient_Ruins1.png,4,13
4445,277,13,water_blue,TILESET - Cave_of_Shadows1_1.png,4,13
4446,277,14,water_blue,TILESET - Alter Cave.png,4,13
4447,277,15,water_blue,TILESET - Crystal_Tower_1F.png,0,11
4448,278,0,water_blue,TILESET - Crystal_Tower_3F.png,0,11
4449,278,1,water_blue,TILESET - Crystal_Tower_5F.png,0,11
4450,278,2,water_blue,TILESET - Falgabard_Cave.png,4,9
4451,278,3,water_blue,TILESET - Nepto_Temple1F.png,1,2
4452,278,4,water_blue,TILESET - Eureka_B6.png,1,9
4453,278,5,water_blue,TILESET - Eureka_B6.png,2,9
4454,278,6,water_blue,TILESET - World_of_Darkness1.png,2,5
4455,278,7,water_blue,TILESET - Temple_of_Time1_1.png,5,5
4456,278,8,water_blue,TILESET - Temple_of_Time1_1.png,4,11
4457,278,9,water_blue,TILESET - World_of_Darkness1.png,0,11
4458,278,10,water_blue,TILESET - World_of_Darkness1.png,1,1
4459,278,11,water_blue,TILESET - Crystal Room.png,2,10
4460,278,12,water_blue,TILESET - Nepto_Temple1F.png,0,11
4461,278,13,water_blue,TILESET - Canaan-ArmorShop.png,2,13
4462,278,14,water_blue,TILESET - Canaan-Shrine.png,2,13
4463,278,15,water_blue,TILESET - Canaan-CidHouse_1F.png,2,13
4464,279,0,water_blue,TILESET - Canaan-CidHouse_1F.png,5,1
4465,279,1,water_blue,TILESET - Canaan-CidHouse_2F.png,1,9
4466,279,2,water_blue,TILESET - Canaan-Inn_ItemShop.png,5,1
4467,279,3,water_blue,TILESET - Canaan-Inn_ItemShop.png,2,13
4468,279,4,water_blue,TILESET - Tozus-Magic_WeaponShop.png,2,13
4469,279,5,water_blue,TILESET - Tozus-MayorHouse.png,2,13
4470,279,6,water_blue,TILESET - Canaan-Magic_WeaponShop.png,2,13
4471,279,7,water_blue,TILESET - Canaan-Magic_WeaponShop.png,5,1
4472,279,8,water_blue,TILESET - Vikings_Cove-1.png,1,9
4473,279,9,water_blue,TILESET - Shop_1.png,5,1
4474,279,10,water_blue,TILESET - Canaan-NobleHouse.png,5,1
4475,279,11,water_blue,TILESET - Tozus-Magic_WeaponShop.png,7,1
4476,279,12,water_blue,TILESET - Cave_of_Tides-Crystal_Room.png,5,1
4477,279,13,water_blue,TILESET - Cave_of_Tides-Crystal_Room.png,1,2
4478,279,14,water_blue,TILESET - Subterranean_Lake1.png,4,15
4479,279,15,water_blue,TILESET - World_of_Darkness-Crystal_Room.png,5,1
4480,280,0,water_blue,TILESET - World_of_Darkness1.png,2,11
4481,280,1,water_blue,TILESET - Crystal_Tower_1F.png,6,1
4482,280,2,water_blue,TILESET - World_of_Darkness-Crystal_Room.png,5,4
4483,280,3,water_blue,TILESET - World_of_Darkness-Crystal_Room.png,1,7
4484,280,4,water_blue,TILESET - Cave_of_Tides-Crystal_Room.png,1,7
4485,280,5,water_blue,TILESET - Canaan-Shrine.png,0,11
4486,280,6,water_blue,TILESET - Canaan-ArmorShop.png,0,11
4487,280,7,water_blue,TILESET - Canaan-CidHouse_1F.png,6,2
4488,280,8,water_blue,TILESET - Canaan-CidHouse_1F.png,0,11
4489,280,9,water_blue,TILESET - Canaan-CidHouse_2F.png,0,11
4490,280,10,water_blue,TILESET - Tozus.png,1,5
4491,280,11,water_blue,TILESET - Retrieval_Forest.png,2,0
4492,280,12,water_blue,TILESET - Canaan-Inn_ItemShop.png,2,0
4493,280,13,water_blue,TILESET - Tozus-Inn_ItemShop.png,2,0
4494,280,14,water_blue,TILESET - Tozus-MayorHouse.png,2,0
4495,280,15,water_blue,TILESET - Nepto_Temple1F.png,1,1
4496,281,0,water_blue,TILESET - Castle_Sasune_Inner.png,1,1
4497,281,1,water_blue,TILESET - Saronia_SouthEast2.png,1,1
4498,281,2,water_blue,TILESET - Castle_Argus-Tower.png,1,1
4499,281,3,water_blue,TILESET - Crystal_Tower_8F_2.png,2,11
4500,281,4,water_blue,TILESET - Airship.png,0,10
4501,281,5,water_blue,TILESET - World_of_Darkness1.png,4,4
4502,281,6,water_blue,TILESET - Canaan-ArmorShop.png,1,7
4503,281,7,water_blue,TILESET - Canaan-ArmorShop.png,7,1
4504,281,8,water_blue,TILESET - Canaan-NobleHouse.png,7,1
4505,281,9,water_blue,TILESET - Nepto_Temple1F.png,1,3
4506,281,10,water_blue,TILESET - Crystal Room.png,6,1
4507,281,11,water_blue,TILESET - Ur.png,1,6
4508,281,12,water_blue,TILESET - Canaan-NobleHouse.png,1,9
4509,281,13,water_blue,TILESET - Saronia_Castle-Gate.png,1,13
4510,281,14,water_blue,TILESET - Nepto_Temple1F.png,5,2
4511,281,15,water_blue,TILESET - Crystal_Tower_1F.png,2,9
4512,282,0,water_blue,TILESET - Crystal_Tower_8F_2.png,1,0
4513,282,1,water_blue,TILESET - Castle_Argus-Tower.png,1,4
4514,282,2,water_blue,TILESET - Saronia_SouthEast2.png,1,4
4515,282,3,water_blue,TILESET - Crystal_Tower_5F.png,1,0
4516,282,4,water_blue,TILESET - Crystal_Tower_3F.png,1,0
4517,282,5,water_blue,TILESET - Chocobos_Forest.png,1,7
4518,282,6,water_blue,TILESET - Falgabard_Cave.png,4,2
4519,282,7,water_blue,TILESET - Crystal_Tower_1F.png,2,0
4520,282,8,water_blue,TILESET - Castle_Sasune_Inner.png,1,8
4521,282,9,water_blue,TILESET - Nepto_Temple1F.png,3,7
4522,282,10,water_blue,TILESET - Crystal_Tower_8F_1.png,2,4
4523,282,11,water_blue,TILESET - Crystal_Tower_8F_1.png,6,7
4524,282,12,water_blue,TILESET - Canaan-Shrine.png,7,1
4525,282,13,water_blue,TILESET - Canaan-CidHouse_1F.png,7,1
4526,282,14,water_blue,TILESET - Cave_of_Shadows1_1.png,7,1
4527,282,15,water_blue,TILESET - World_of_Darkness7.png,7,1
4528,283,0,water_blue,TILESET - Amur-ArmorShop.png,7,1
4529,283,1,water_blue,TILESET - Canaan-CidHouse_2F.png,7,1
4530,283,2,water_blue,TILESET - Canaan-Magic_WeaponShop.png,7,1
4531,283,3,water_blue,TILESET - Ur_Shed.png,7,1
4532,283,4,water_blue,TILESET - Ur_EldersHouse.png,7,1
4533,283,5,water_blue,TILESET - Airship.png,7,1
4534,283,6,water_blue,TILESET - Alter Cave.png,7,1
4535,283,7,water_blue,TILESET - Nepto_Temple1F.png,6,12
4536,283,8,water_blue,TILESET - Cave_of_Shadows6.png,1,8
4537,283,9,water_blue,TILESET - Dogas_Grotto1.png,1,8
4538,283,10,water_blue,TILESET - Cave_of_Shadows4.png,1,8
4539,283,11,water_blue,TILESET - Cave_of_Tides3.png,1,8
4540,283,12,water_blue,TILESET - Cave_of_Shadows1_1.png,1,8
4541,283,13,water_blue,TILESET - World_of_Darkness7.png,2,5
4542,283,14,water_blue,TILESET - Eureka_B6.png,3,9
4543,283,15,water_blue,TILESET - World_of_Darkness7.png,2,13
4544,284,0,water_blue,TILESET - Crystal_Tower_3F.png,1,1
4545,284,1,water_blue,TILESET - World_of_Darkness1.png,2,12
4546,284,2,water_blue,TILESET - Eureka_B1.png,2,11
4547,284,3,water_blue,TILESET - Castle_Sasune_Inner.png,1,7
4548,284,4,water_blue,TILESET - Canaan-Magic_WeaponShop.png,6,2
4549,284,5,water_blue,TILESET - Canaan-Magic_WeaponShop.png,0,11
4550,284,6,water_blue,TILESET - Dragons_Peak.png,2,0
4551,284,7,water_blue,TILESET - Bahamuts_Nest.png,0,3
4552,284,8,water_blue,TILESET - Eureka_B6.png,7,7
4553,284,9,water_blue,TILESET - Eureka_B6.png,1,12
4554,284,10,water_blue,TILESET - Nepto_Temple1F.png,4,3
4555,284,11,water_blue,TILESET - World_of_Darkness7.png,0,6
4556,284,12,water_blue,TILESET - Eureka_B6.png,2,15
4557,284,13,water_blue,TILESET - Eureka_B6.png,7,8
4558,284,14,water_blue,TILESET - Eureka_B6.png,6,8
4559,284,15,water_blue,TILESET - Eureka_B6.png,0,11
4560,285,0,water_blue,TILESET - Castle_Argus3F.png,1,2
4561,285,1,water_blue,TILESET - Amur.png,4,8
4562,285,2,water_blue,TILESET - Dogas_Village.png,4,8
4563,285,3,water_blue,TILESET - Ur.png,4,8
4564,285,4,water_blue,TILESET - Canaan.png,4,8
4565,285,5,water_blue,TILESET - Eureka_B6.png,7,9
4566,285,6,water_blue,TILESET - Crystal_Tower_8F_1.png,0,6
4567,285,7,water_blue,TILESET - Tozus-Magic_WeaponShop.png,2,11
4568,285,8,water_blue,TILESET - Tozus-MayorHouse.png,2,11
4569,285,9,water_blue,TILESET - Tozus-Inn_ItemShop.png,2,11
4570,285,10,water_blue,TILESET - Vikings_Cove-Inn_ItemShop.png,2,11
4571,285,11,water_blue,TILESET - Shop_1.png,2,0
4572,285,12,water_blue,TILESET - Canaan-ArmorShop.png,2,0
4573,285,13,water_blue,TILESET - Amur.png,1,5
4574,285,14,water_blue,TILESET - Kazus.png,1,5
4575,285,15,water_blue,TILESET - Retrieval_Forest.png,1,7
4576,286,0,water_blue,TILESET - Saronia_Castle-Gate.png,0,11
4577,286,1,water_blue,TILESET - Airship.png,4,12
4578,286,2,water_blue,TILESET - The_Invincible.png,4,12
4579,286,3,water_blue,TILESET - Wreck1.png,4,12
4580,286,4,water_blue,TILESET - Shop_1.png,7,1
4581,286,5,water_blue,TILESET - Saronia_Catacombs1.png,1,5
4582,286,6,water_blue,TILESET - Saronia_Castle3.png,1,5
4583,286,7,water_blue,TILESET - Shop_1.png,1,7
4584,286,8,water_blue,TILESET - Canaan-Magic_WeaponShop.png,1,7
4585,286,9,water_blue,TILESET - Tozus.png,4,10
4586,286,10,water_blue,TILESET - Crystal_Tower_1F.png,2,2
4587,286,11,water_blue,TILESET - Castle_Argus-Tower.png,1,8
4588,286,12,water_blue,TILESET - Saronia_SouthEast2.png,1,8
4589,286,13,water_blue,TILESET - Retrieval_Forest.png,1,14
4590,286,14,water_blue,TILESET - Ur.png,5,2
4591,286,15,water_blue,TILESET - Saronia_Castle3.png,0,7
4592,287,0,water_blue,TILESET - Saronia_Castle3.png,1,4
4593,287,1,water_blue,TILESET - Canaan-Inn_ItemShop.png,0,10
4594,287,2,water_blue,TILESET - Vikings_Cove-1.png,0,10
4595,287,3,water_blue,TILESET - Tozus-Magic_WeaponShop.png,0,10
4596,287,4,water_blue,TILESET - Canaan-NobleHouse.png,0,10
4597,287,5,water_blue,TILESET - Vikings_Cove-Inn_ItemShop.png,0,10
4598,287,6,water_blue,TILESET - Castle_Argus-Tower.png,0,10
4599,287,7,water_blue,TILESET - Saronia_SouthEast2.png,0,10
4600,287,8,water_blue,TILESET - Eureka_B6.png,4,8
4601,287,9,water_blue,TILESET - World_of_Darkness7.png,6,7
4602,287,10,water_blue,TILESET - Eureka_B6.png,4,6
4603,287,11,water_blue,TILESET - World_of_Darkness-Crystal_Room.png,0,5
4604,287,12,water_blue,TILESET - Crystal_Tower_8F_1.png,0,5
4605,287,13,water_blue,TILESET - Crystal Room.png,4,3
4606,287,14,water_blue,TILESET - Cave_of_Tides-Crystal_Room.png,4,3
4607,287,15,water_blue,TILESET - Crystal_Tower_3F.png,4,3
4608,288,0,water_blue,TILESET - Crystal_Tower_5F.png,4,3
4609,288,1,water_blue,TILESET - Crystal_Tower_1F.png,4,3
4610,288,2,water_blue,TILESET - Crystal Room.png,2,5
4611,288,3,water_blue,TILESET - Cave_of_Tides1.png,4,3
4612,288,4,water_blue,TILESET - Wreck1.png,3,6
4613,288,5,water_blue,TILESET - Ur_Shed.png,1,7
4614,288,6,water_blue,TILESET - Canaan-NobleHouse.png,1,7
4615,288,7,water_blue,TILESET - Amur-ArmorShop.png,2,13
4616,288,8,water_blue,TILESET - Shop_1.png,2,13
4617,288,9,water_blue,TILESET - Ur_Shed.png,5,1
4618,288,10,water_blue,TILESET - Amur-House.png,2,13
4619,288,11,water_blue,TILESET - Dwarven_HollowB1_B2.png,1,9
4620,288,12,water_blue,TILESET - Amur-Inn_Pub.png,2,13
4621,288,13,water_blue,TILESET - Canaan-NobleHouse.png,2,13
4622,288,14,water_blue,TILESET - Nepto_Temple1F.png,2,4
4623,288,15,water_blue,TILESET - Nepto_Temple1F.png,0,1
4624,289,0,water_blue,TILESET - Nepto_Temple1F.png,6,2
4625,289,1,water_blue,TILESET - Dwarven_Hollow-ArmorShop.png,2,13
4626,289,2,water_blue,TILESET - Tozus-Inn_ItemShop.png,2,13
4627,289,3,water_blue,TILESET - Inn_ItemShop.png,5,1
4628,289,4,water_blue,TILESET - Alter Cave.png,4,0
4629,289,5,water_blue,TILESET - Alter Cave.png,6,13
4630,289,6,water_blue,TILESET - Cave_of_Shadows1_1.png,4,0
4631,289,7,water_blue,TILESET - Falgabard_Cave.png,4,0
4632,289,8,water_blue,TILESET - Ancient_Ruins1.png,4,0
4633,289,9,water_blue,TILESET - Cave_of_Tides1.png,0,1
4634,289,10,water_blue,TILESET - World_of_Darkness-Crystal_Room.png,2,10
4635,289,11,water_blue,TILESET - Saronia_Castle3.png,0,5
4636,289,12,water_blue,TILESET - Dogas_Grotto1.png,0,1
4637,289,13,water_blue,TILESET - Ur_Well.png,0,1
4638,289,14,water_blue,TILESET - World_of_Darkness7.png,6,1
4639,289,15,water_blue,TILESET - World_of_Darkness1.png,0,13
4640,290,0,water_blue,TILESET - Crystal_Tower_1F.png,4,12
4641,290,1,water_blue,TILESET - Eureka_B6.png,3,7
4642,290,2,water_blue,TILESET - World_of_Darkness7.png,6,12
4643,290,3,water_blue,TILESET - World_of_Darkness7.png,1,8
4644,290,4,water_blue,TILESET - Falgabard.png,5,1
4645,290,5,water_blue,TILESET - Tower_of_Owen1F.png,0,8
4646,290,6,water_blue,TILESET - Crystal_Tower_1F.png,7,5
4647,290,7,water_blue,TILESET - World_of_Darkness-Crystal_Room.png,7,5
4648,290,8,water_blue,TILESET - Crystal_Tower_8F_2.png,3,6
4649,290,9,water_blue,TILESET - World_of_Darkness1.png,4,12
4650,290,10,water_blue,TILESET - Nepto_Temple1F.png,2,5
4651,290,11,water_blue,TILESET - Amur-House.png,1,10
4652,290,12,water_blue,TILESET - Saronia_NorthWest-Library.png,1,10
4653,290,13,water_blue,TILESET - Ur_Shed.png,1,10
4654,290,14,water_blue,TILESET - World_of_Darkness7.png,1,0
4655,290,15,water_blue,TILESET - World_of_Darkness1.png,1,0
4656,291,0,water_blue,TILESET - Ur_Well.png,1,8
4657,291,1,water_blue,TILESET - Chocobos_Forest.png,7,1
4658,291,2,water_blue,TILESET - Tozus-MayorHouse.png,7,1
4659,291,3,water_blue,TILESET - Amur-House.png,7,1
4660,291,4,water_blue,TILESET - Ancient_Ruins1.png,7,1
4661,291,5,water_blue,TILESET - Dwarven_Hollow-ArmorShop.png,7,1
4662,291,6,water_blue,TILESET - Castle_Argus3F.png,7,1
4663,291,7,water_blue,TILESET - Sunken_Cave1.png,0,3
4664,291,8,water_blue,TILESET - Cave_of_Shadows6.png,0,3
4665,291,9,water_blue,TILESET - Ancient_Ruins3.png,0,3
4666,291,10,water_blue,TILESET - Crystal_Tower_8F_2.png,0,3
4667,291,11,water_blue,TILESET - Saronia_Castle3.png,7,1
4668,291,12,water_blue,TILESET - Amur-ArmorShop.png,1,7
4669,291,13,water_blue,TILESET - Falgabard-Inn_ItemShop.png,1,7
4670,291,14,water_blue,TILESET - Tozus-Magic_WeaponShop.png,1,7
4671,291,15,water_blue,TILESET - Dwarven_Hollow-ArmorShop.png,1,7
4672,292,0,water_blue,TILESET - Replito-MagicShop.png,1,7
4673,292,1,water_blue,TILESET - Chocobos_Forest.png,2,0
4674,292,2,water_blue,TILESET - Tozus-Magic_WeaponShop.png,2,0
4675,292,3,water_blue,TILESET - Vikings_Cove-1.png,2,0
4676,292,4,water_blue,TILESET - Dwarven_HollowB3_1.png,2,0
4677,292,5,water_blue,TILESET - Dwarven_HollowB1_B2.png,2,0
4678,292,6,water_blue,TILESET - Amur-Shrine.png,2,0
4679,292,7,water_blue,TILESET - Amur-ArmorShop.png,2,0
4680,292,8,water_blue,TILESET - Saronia_Castle-Gate.png,0,12
4681,292,9,water_blue,TILESET - Nepto_Temple1F.png,0,12
4682,292,10,water_blue,TILESET - World_of_Darkness7.png,2,14
4683,292,11,water_blue,TILESET - Gulgan_Gulch1.png,1,9
4684,292,12,water_blue,TILESET - Crystal_Tower_8F_1.png,0,13
4685,292,13,water_blue,TILESET - Wreck1.png,1,7
4686,292,14,water_blue,TILESET - Eureka_B6.png,3,6
4687,292,15,water_blue,TILESET - Canaan-CidHouse_1F.png,1,10
4688,293,0,water_blue,TILESET - Canaan-NobleHouse.png,1,10
4689,293,1,water_blue,TILESET - Nepto_Temple1F.png,1,13
4690,293,2,water_blue,TILESET - Temple_of_Time1_1.png,0,8
4691,293,3,water_blue,TILESET - Crystal_Tower_8F_2.png,1,7
4692,293,4,water_blue,TILESET - Crystal_Tower_8F_2.png,3,8
4693,293,5,water_blue,TILESET - World_of_Darkness7.png,2,6
4694,293,6,water_blue,TILESET - World_of_Darkness7.png,1,10
4695,293,7,water_blue,TILESET - Castle_Argus3F.png,1,7
4696,293,8,water_blue,TILESET - Canaan-Shrine.png,1,10
4697,293,9,water_blue,TILESET - Nepto_Temple1F.png,1,12
4698,293,10,water_blue,TILESET - Tower_of_Owen1F.png,1,2
4699,293,11,water_blue,TILESET - Castle_Sasune.png,2,14
4700,293,12,water_blue,TILESET - Saronia_Castle1.png,2,14
4701,293,13,water_blue,TILESET - Castle_Argus.png,2,14
4702,293,14,water_blue,TILESET - Canaan-CidHouse_2F.png,2,10
4703,293,15,water_blue,TILESET - Castle_Argus.png,2,12
4704,294,0,water_blue,TILESET - Canaan-CidHouse_2F.png,5,2
4705,294,1,water_blue,TILESET - Ur_EldersHouse.png,5,2
4706,294,2,water_blue,TILESET - Ur_EldersHouse.png,2,10
4707,294,3,water_blue,TILESET - Castle_Sasune.png,2,12
4708,294,4,water_blue,TILESET - Saronia_Castle1.png,2,12
4709,294,5,water_blue,TILESET - Alter Cave.png,0,5
4710,294,6,water_blue,TILESET - Saronia_Castle5.png,0,5
4711,294,7,water_blue,TILESET - Castle_Argus3F.png,0,5
4712,294,8,water_blue,TILESET - Cave_of_Shadows1_1.png,0,5
4713,294,9,water_blue,TILESET - Dwarven_HollowB3_1.png,2,10
4714,294,10,water_blue,TILESET - Amur-Shrine.png,2,10
4715,294,11,water_blue,TILESET - Ancient_Ruins1.png,0,5
4716,294,12,water_blue,TILESET - The_Invincible.png,0,5
4717,294,13,water_blue,TILESET - Airship.png,0,5
4718,294,14,water_blue,TILESET - Chocobos_Forest.png,0,5
4719,294,15,water_blue,TILESET - Canaan-Magic_WeaponShop.png,0,10
4720,295,0,water_blue,TILESET - Canaan-Shrine.png,0,10
4721,295,1,water_blue,TILESET - Canaan-ArmorShop.png,0,10
4722,295,2,water_blue,TILESET - Canaan-CidHouse_1F.png,0,10
4723,295,3,water_blue,TILESET - Canaan-CidHouse_2F.png,0,10
4724,295,4,water_blue,TILESET - Nepto_Temple1F.png,6,1
4725,295,5,water_blue,TILESET - Ur_EldersHouse.png,2,0
4726,295,6,water_blue,TILESET - Canaan-CidHouse_2F.png,2,0
4727,295,7,water_blue,TILESET - Dogas_Village.png,2,4
4728,295,8,water_blue,TILESET - Canaan-Magic_WeaponShop.png,2,11
4729,295,9,water_blue,TILESET - Canaan-Shrine.png,2,11
4730,295,10,water_blue,TILESET - Canaan-ArmorShop.png,2,11
4731,295,11,water_blue,TILESET - Crystal_Tower_8F_1.png,1,1
4732,295,12,water_blue,TILESET - Kazus.png,5,2
4733,295,13,water_blue,TILESET - Amur.png,5,2
4734,295,14,water_blue,TILESET - Castle_Sasune_Inner2.png,1,2
4735,295,15,water_blue,TILESET - Crystal_Tower_8F_2.png,2,0
4736,296,0,water_blue,TILESET - Eureka_B1.png,0,9
4737,296,1,water_blue,TILESET - Tower_of_Owen10F.png,0,8
4738,296,2,water_blue,TILESET - Tower_of_Owen3F.png,0,8
4739,296,3,water_blue,TILESET - Tozus.png,0,15
4740,296,4,water_blue,TILESET - Crystal_Tower_1F.png,2,5
4741,296,5,water_blue,TILESET - Crystal_Tower_3F.png,2,5
4742,296,6,water_blue,TILESET - Crystal_Tower_5F.png,2,5
4743,296,7,water_blue,TILESET - Cave_of_Tides-Crystal_Room.png,2,5
4744,296,8,water_blue,TILESET - Crystal Room.png,5,4
4745,296,9,water_blue,TILESET - Cave_of_Tides-Crystal_Room.png,5,4
4746,296,10,water_blue,TILESET - Vikings_Cove-1.png,1,10
4747,296,11,water_blue,TILESET - Canaan-Inn_ItemShop.png,0,11
4748,296,12,water_blue,TILESET - Canaan-NobleHouse.png,6,2
4749,296,13,water_blue,TILESET - Canaan-NobleHouse.png,0,11
4750,296,14,water_blue,TILESET - Castle_Argus3F.png,1,8
4751,296,15,water_blue,TILESET - Cave_of_Tides1.png,1,8
4752,297,0,water_blue,TILESET - Eureka_B6.png,4,7
4753,297,1,water_blue,TILESET - Crystal_Tower_1F.png,2,8
4754,297,2,water_blue,TILESET - Ur_EldersHouse.png,1,9
4755,297,3,water_blue,TILESET - Ur_Shed.png,2,13
4756,297,4,water_blue,TILESET - Inn_ItemShop.png,2,13
4757,297,5,water_blue,TILESET - Saronia_NorthWest-Library.png,1,7
4758,297,6,water_blue,TILESET - Amur-House.png,1,7
4759,297,7,water_blue,TILESET - Canaan-CidHouse_1F.png,1,7
4760,297,8,water_blue,TILESET - Canaan-Shrine.png,1,7
4761,297,9,water_blue,TILESET - Crystal_Tower_3F.png,2,12
4762,297,10,water_blue,TILESET - Crystal_Tower_1F.png,2,12
4763,297,11,water_blue,TILESET - Mythril_Mine.png,4,14
4764,297,12,water_blue,TILESET - Sunken_Cave1.png,4,14
4765,297,13,water_blue,TILESET - Eureka_B6.png,3,8
4766,297,14,water_blue,TILESET - Crystal_Tower_1F.png,6,12
4767,297,15,water_blue,TILESET - Cave_of_Tides-Crystal_Room.png,6,12
4768,298,0,water_blue,TILESET - World_of_Darkness7.png,7,5
4769,298,1,water_blue,TILESET - Crystal_Tower_8F_2.png,7,5
4770,298,2,water_blue,TILESET - Cave_of_Tides-Crystal_Room.png,7,5
4771,298,3,water_blue,TILESET - Crystal Room.png,7,5
4772,298,4,water_blue,TILESET - World_of_Darkness1.png,0,12
4773,298,5,water_blue,TILESET - World_of_Darkness7.png,0,12
4774,298,6,water_blue,TILESET - World_of_Darkness-Crystal_Room.png,1,11
4775,298,7,water_blue,TILESET - World_of_Darkness1.png,1,11
4776,298,8,water_blue,TILESET - Crystal Room.png,0,3
4777,298,9,water_blue,TILESET - Mythril_Mine.png,0,3
4778,298,10,water_blue,TILESET - Falgabard-Inn_ItemShop.png,1,9
4779,298,11,water_blue,TILESET - World_of_Darkness7.png,4,3
4780,298,12,water_blue,TILESET - Crystal_Tower_8F_1.png,0,3
4781,298,13,water_blue,TILESET - Canaan-Magic_WeaponShop.png,2,0
4782,298,14,water_blue,TILESET - Uneis_Shrine.png,2,0
4783,298,15,water_blue,TILESET - Ur.png,2,4
4784,299,0,water_blue,TILESET - Canaan-CidHouse_1F.png,2,11
4785,299,1,water_blue,TILESET - Dwarven_Hollow-ArmorShop.png,2,11
4786,299,2,water_blue,TILESET - Amur-ArmorShop.png,2,11
4787,299,3,water_blue,TILESET - Amur-House.png,2,11
4788,299,4,water_blue,TILESET - Amur-Inn_Pub.png,2,11
4789,299,5,water_blue,TILESET - Inn_ItemShop.png,2,11
4790,299,6,water_blue,TILESET - Ur_Shed.png,2,11
4791,299,7,water_blue,TILESET - Canaan-Inn_ItemShop.png,2,11
4792,299,8,water_blue,TILESET - Canaan-NobleHouse.png,2,11
4793,299,9,water_blue,TILESET - Tozus.png,1,12
4794,299,10,water_blue,TILESET - Tozus.png,0,13
4795,299,11,water_blue,TILESET - Crystal_Tower_1F.png,2,1
4796,299,12,water_blue,TILESET - Crystal_Tower_1F.png,2,10
4797,299,13,water_blue,TILESET - Nepto_Temple1F.png,1,10
4798,299,14,water_blue,TILESET - Dragons_Peak.png,1,14
4799,299,15,water_blue,TILESET - Bahamuts_Nest.png,0,4
4800,300,0,water_blue,TILESET - Bahamuts_Nest.png,0,5
4801,300,1,water_blue,TILESET - Crystal_Tower_8F_2.png,3,5
4802,300,2,water_blue,TILESET - Shop_1.png,2,11
4803,300,3,water_blue,TILESET - Dwarven_Hollow-ArmorShop.png,2,0
4804,300,4,water_blue,TILESET - Gulgan_Gulch1.png,2,0
4805,300,5,water_blue,TILESET - Castle_Sasune_Inner2.png,1,3
4806,300,6,water_blue,TILESET - Dwarven_HollowB3_1.png,1,10
4807,300,7,water_blue,TILESET - Dwarven_HollowB1_B2.png,1,10
4808,300,8,water_blue,TILESET - Amur-Shrine.png,1,10
4809,300,9,water_blue,TILESET - Uneis_Shrine.png,1,10
4810,300,10,water_blue,TILESET - Village_of_the_Ancients-Shirine.png,1,10
4811,300,11,water_blue,TILESET - Gulgan_Gulch1.png,1,10
4812,300,12,water_blue,TILESET - Canaan-CidHouse_2F.png,1,10
4813,300,13,water_blue,TILESET - Village_of_the_Ancients-Shirine.png,1,8
4814,300,14,water_blue,TILESET - Canaan-CidHouse_2F.png,1,8
4815,300,15,water_blue,TILESET - Alter Cave.png,4,14
4816,301,0,water_blue,TILESET - Ur_EldersHouse.png,1,8
4817,301,1,water_blue,TILESET - Ancient_Ruins3.png,4,14
4818,301,2,water_blue,TILESET - Cave_of_Shadows6.png,4,14
4819,301,3,water_blue,TILESET - Gulgan_Gulch1.png,1,1
4820,301,4,water_blue,TILESET - Gulgan_Gulch1.png,1,2
4821,301,5,water_blue,TILESET - Gulgan_Gulch1.png,1,3
4822,301,6,water_blue,TILESET - Eureka_B1.png,1,0
4823,301,7,water_blue,TILESET - Nepto_Temple1F.png,1,15
4824,301,8,water_blue,TILESET - Nepto_Temple1F.png,5,3
4825,301,9,water_blue,TILESET - Dwarven_Hollow-ArmorShop.png,1,9
4826,301,10,water_blue,TILESET - Vikings_Cove-1.png,1,8
4827,301,11,water_blue,TILESET - Cave_of_Shadows1_1.png,4,14
4828,301,12,water_blue,TILESET - Amur-Shrine.png,1,8
4829,301,13,water_blue,TILESET - Ancient_Ruins1.png,4,14
4830,301,14,water_blue,TILESET - Uneis_Shrine.png,1,8
4831,301,15,water_blue,TILESET - Crystal_Tower_8F_2.png,5,2
4832,302,0,water_blue,TILESET - Eureka_B6.png,4,9
4833,302,1,water_blue,TILESET - Castle_Argus-Tower.png,1,2
4834,302,2,water_blue,TILESET - Saronia_SouthEast2.png,1,2
4835,302,3,water_blue,TILESET - Castle_Sasune_Inner.png,1,2
4836,302,4,water_blue,TILESET - Saronia_Castle3.png,1,2
4837,302,5,water_blue,TILESET - Saronia_Catacombs1.png,1,2
4838,302,6,water_blue,TILESET - Eureka_B6.png,6,9
4839,302,7,water_blue,TILESET - Castle_Argus3F.png,1,6
4840,302,8,water_blue,TILESET - Canaan.png,2,4
4841,302,9,water_blue,TILESET - Crystal_Tower_1F.png,1,11
4842,302,10,water_blue,TILESET - Cave_of_Tides-Crystal_Room.png,1,11
4843,302,11,water_blue,TILESET - Crystal_Tower_3F.png,1,11
4844,302,12,water_blue,TILESET - Crystal Room.png,1,11
4845,302,13,water_blue,TILESET - Crystal_Tower_5F.png,1,11
4846,302,14,water_blue,TILESET - Ancient_Ruins1.png,0,3
4847,302,15,water_blue,TILESET - Cave_of_Shadows1_1.png,0,3
4848,303,0,water_blue,TILESET - Alter Cave.png,0,3
4849,303,1,water_blue,TILESET - Chocobos_Forest.png,0,3
4850,303,2,water_blue,TILESET - Castle_Argus3F.png,0,7
4851,303,3,water_blue,TILESET - Eureka_B6.png,0,10
4852,303,4,water_blue,TILESET - Eureka_B6.png,7,6
4853,303,5,water_blue,TILESET - Eureka_B6.png,5,6
4854,303,6,water_blue,TILESET - Eureka_B6.png,6,6
4855,303,7,water_blue,TILESET - Castle_Argus3F.png,1,4
4856,303,8,water_blue,TILESET - Castle_Argus3F.png,0,15
4857,303,9,water_blue,TILESET - Kazus.png,4,8
4858,303,10,water_blue,TILESET - Falgabard.png,4,8
4859,303,11,water_blue,TILESET - Saronia_NorthEast.png,4,8
4860,303,12,water_blue,TILESET - Tower_of_Owen3F.png,1,2
4861,303,13,water_blue,TILESET - Tower_of_Owen10F.png,1,2
4862,303,14,water_blue,TILESET - Uneis_Shrine.png,2,10
4863,303,15,water_blue,TILESET - Crystal_Tower_5F.png,1,13
4864,304,0,water_blue,TILESET - Crystal_Tower_3F.png,1,13
4865,304,1,water_blue,TILESET - Crystal_Tower_1F.png,1,13
4866,304,2,water_blue,TILESET - Canaan-CidHouse_2F.png,1,7
4867,304,3,water_blue,TILESET - Amur-Shrine.png,1,7
4868,304,4,water_blue,TILESET - Dwarven_HollowB1_B2.png,1,7
4869,304,5,water_blue,TILESET - Dwarven_HollowB3_1.png,1,7
4870,304,6,water_blue,TILESET - Vikings_Cove-1.png,1,7
4871,304,7,water_blue,TILESET - Eureka_B6.png,0,12
4872,304,8,water_blue,TILESET - Tower_of_Owen1F.png,0,10
4873,304,9,water_blue,TILESET - Tower_of_Owen1F.png,2,5
4874,304,10,water_blue,TILESET - Tower_of_Owen3F.png,0,10
4875,304,11,water_blue,TILESET - Tower_of_Owen10F.png,0,10
4876,304,12,water_blue,TILESET - Crystal_Tower_8F_2.png,1,1
4877,304,13,water_blue,TILESET - Crystal_Tower_8F_2.png,0,13
4878,304,14,water_blue,TILESET - Crystal_Tower_8F_2.png,1,2
4879,304,15,water_blue,TILESET - Saronia_Catacombs1.png,1,3
4880,305,0,water_blue,TILESET - Saronia_Castle3.png,1,3
4881,305,1,water_blue,TILESET - Saronia_SouthEast2.png,1,3
4882,305,2,water_blue,TILESET - Castle_Argus-Tower.png,1,3
4883,305,3,water_blue,TILESET - Ur_EldersHouse.png,1,10
4884,305,4,water_blue,TILESET - Crystal_Tower_8F_2.png,5,1
4885,305,5,water_blue,TILESET - Gulgan_Gulch1.png,1,8
4886,305,6,water_blue,TILESET - World_of_Darkness1.png,6,1
4887,305,7,water_blue,TILESET - Nepto_Temple1F.png,0,2
4888,305,8,water_blue,TILESET - Crystal_Tower_8F_2.png,6,1
4889,305,9,water_blue,TILESET - Crystal_Tower_8F_2.png,2,2
4890,305,10,water_blue,TILESET - Castle_Argus3F.png,1,3
4891,305,11,water_blue,TILESET - Bahamuts_Nest.png,1,7
4892,305,12,water_blue,TILESET - Castle_Argus3F.png,1,1
4893,305,13,nature_green,TILESET - SealedCave.png,3,0
4894,305,14,nature_green,TILESET - Ancient_Ruins1.png,4,8
4895,305,15,nature_green,TILESET - Cave_of_the_Circle1.png,4,8
4896,306,0,nature_green,TILESET - Vikings_Cove-1.png,3,14
4897,306,1,nature_green,TILESET - Retrieval_Forest.png,4,6
4898,306,2,nature_green,TILESET - Chocobos_Forest.png,4,6
4899,306,3,nature_green,TILESET - Amur.png,0,3
4900,306,4,nature_green,TILESET - Kazus.png,0,3
4901,306,5,nature_green,TILESET - Ur.png,0,3
4902,306,6,nature_green,TILESET - Ur.png,7,8
4903,306,7,nature_green,TILESET - Vikings_Cove-1.png,1,11
4904,306,8,nature_green,TILESET - Sewers1.png,1,11
4905,306,9,nature_green,TILESET - Sewers1.png,0,2
4906,306,10,nature_green,TILESET - Tower_of_Owen4F.png,3,11
4907,306,11,nature_green,TILESET - Nepto_Temple1F.png,3,12
4908,306,12,nature_green,TILESET - SealedCave.png,3,12
4909,306,13,nature_green,TILESET - Heins_Castle1.png,3,12
4910,306,14,nature_green,TILESET - Kazus.png,4,0
4911,306,15,nature_green,TILESET - Falgabard.png,4,0
4912,307,0,nature_green,TILESET - Kazus.png,4,1
4913,307,1,nature_green,TILESET - Falgabard.png,4,1
4914,307,2,nature_green,TILESET - Falgabard.png,6,2
4915,307,3,nature_green,TILESET - Kazus.png,6,2
4916,307,4,nature_green,TILESET - Dogas_Village.png,4,1
4917,307,5,nature_green,TILESET - Canaan.png,4,1
4918,307,6,nature_green,TILESET - Ur.png,4,1
4919,307,7,nature_green,TILESET - Ur.png,3,0
4920,307,8,nature_green,TILESET - Canaan.png,3,0
4921,307,9,nature_green,TILESET - Ur.png,6,0
4922,307,10,nature_green,TILESET - Kazus.png,0,0
4923,307,11,nature_green,TILESET - Amur.png,6,0
4924,307,12,nature_green,TILESET - Amur.png,0,0
4925,307,13,nature_green,TILESET - Canaan.png,0,0
4926,307,14,nature_green,TILESET - Canaan.png,6,0
4927,307,15,nature_green,TILESET - Tozus.png,6,0
4928,308,0,nature_green,TILESET - Canaan.png,6,8
4929,308,1,nature_green,TILESET - Ur.png,6,8
4930,308,2,nature_green,TILESET - Ur.png,6,4
4931,308,3,nature_green,TILESET - Kazus.png,6,4
4932,308,4,nature_green,TILESET - Tozus.png,2,15
4933,308,5,nature_green,TILESET - Heins_Castle1.png,3,15
4934,308,6,nature_green,TILESET - Ur.png,2,15
4935,308,7,nature_green,TILESET - Canaan.png,2,15
4936,308,8,nature_green,TILESET - Canaan.png,6,4
4937,308,9,nature_green,TILESET - Ur.png,4,3
4938,308,10,nature_green,TILESET - Dogas_Village.png,4,3
4939,308,11,nature_green,TILESET - Canaan.png,4,3
4940,308,12,nature_green,TILESET - Kazus.png,4,3
4941,308,13,nature_green,TILESET - Falgabard.png,4,3
4942,308,14,nature_green,TILESET - Castle_Argus.png,0,9
4943,308,15,nature_green,TILESET - Saronia_Castle1.png,0,9
4944,309,0,nature_green,TILESET - Castle_Sasune.png,0,9
4945,309,1,nature_green,TILESET - Castle_Argus.png,0,0
4946,309,2,nature_green,TILESET - SealedCave.png,3,15
4947,309,3,nature_green,TILESET - Temple_of_Time1_1.png,5,4
4948,309,4,nature_green,TILESET - Castle_Sasune.png,1,0
4949,309,5,nature_green,TILESET - Saronia_Castle1.png,1,0
4950,309,6,nature_green,TILESET - Castle_Argus.png,1,0
4951,309,7,nature_green,TILESET - Amur.png,4,1
4952,309,8,nature_green,TILESET - Saronia_NorthEast.png,4,1
4953,309,9,nature_green,TILESET - Saronia_NorthEast.png,6,2
4954,309,10,nature_green,TILESET - Amur.png,6,2
4955,309,11,nature_green,TILESET - Dogas_Village.png,6,2
4956,309,12,nature_green,TILESET - Ur.png,6,2
4957,309,13,nature_green,TILESET - Canaan.png,6,2
4958,309,14,nature_green,TILESET - Tozus.png,6,2
4959,309,15,nature_green,TILESET - Tozus.png,4,1
4960,310,0,nature_green,TILESET - Tozus.png,4,0
4961,310,1,nature_green,TILESET - Canaan.png,4,0
4962,310,2,nature_green,TILESET - Amur.png,4,0
4963,310,3,nature_green,TILESET - Ur.png,4,0
4964,310,4,nature_green,TILESET - Tozus.png,3,15
4965,310,5,nature_green,TILESET - Heins_Castle1.png,4,6
4966,310,6,nature_green,TILESET - Cave_of_the_Circle1.png,4,6
4967,310,7,nature_green,TILESET - Tower_of_Owen6F.png,4,6
4968,310,8,nature_green,TILESET - Vikings_Cove-1.png,3,13
4969,310,9,nature_green,TILESET - Saronia_Castle1.png,1,2
4970,310,10,nature_green,TILESET - Castle_Argus.png,1,2
4971,310,11,nature_green,TILESET - Replito.png,2,14
4972,310,12,nature_green,TILESET - Amur.png,4,3
4973,310,13,nature_green,TILESET - Vikings_Cove-Inn_ItemShop.png,4,6
4974,310,14,nature_green,TILESET - Temple_of_Time1_1.png,4,1
4975,310,15,nature_green,TILESET - Ancient_Ruins1.png,4,1
4976,311,0,nature_green,TILESET - Vikings_Cove-1.png,4,9
4977,311,1,nature_green,TILESET - Tower_of_Owen6F.png,4,1
4978,311,2,nature_green,TILESET - Ancient_Ruins3.png,4,1
4979,311,3,nature_green,TILESET - Sewers1.png,4,1
4980,311,4,nature_green,TILESET - Cave_of_the_Circle1.png,4,1
4981,311,5,nature_green,TILESET - Heins_Castle1.png,4,1
4982,311,6,nature_green,TILESET - Chocobos_Forest.png,0,1
4983,311,7,nature_green,TILESET - Chocobos_Forest.png,6,2
4984,311,8,nature_green,TILESET - Chocobos_Forest.png,1,13
4985,311,9,nature_green,TILESET - Retrieval_Forest.png,1,13
4986,311,10,nature_green,TILESET - Retrieval_Forest.png,1,12
4987,311,11,nature_green,TILESET - Retrieval_Forest.png,1,11
4988,311,12,nature_green,TILESET - Chocobos_Forest.png,1,11
4989,311,13,nature_green,TILESET - Chocobos_Forest.png,1,12
4990,311,14,nature_green,TILESET - Cave_of_the_Circle1.png,3,6
4991,311,15,nature_green,TILESET - Ancient_Ruins3.png,3,6
4992,312,0,nature_green,TILESET - Vikings_Cove-1.png,6,3
4993,312,1,nature_green,TILESET - Vikings_Cove-1.png,0,1
4994,312,2,nature_green,TILESET - SealedCave.png,1,6
4995,312,3,nature_green,TILESET - Sewers1.png,1,5
4996,312,4,nature_green,TILESET - Sewers1.png,0,14
4997,312,5,nature_green,TILESET - Sewers1.png,0,1
4998,312,6,nature_green,TILESET - SealedCave.png,2,9
4999,312,7,nature_green,TILESET - Vikings_Cove-1.png,2,15
5000,312,8,nature_green,TILESET - Vikings_Cove-1.png,0,13
5001,312,9,nature_green,TILESET - Nepto_Temple1F.png,3,0
5002,312,10,nature_green,TILESET - Retrieval_Forest.png,4,1
5003,312,11,nature_green,TILESET - Chocobos_Forest.png,4,1
5004,312,12,nature_green,TILESET - Chocobos_Forest.png,4,10
5005,312,13,nature_green,TILESET - Retrieval_Forest.png,4,10
5006,312,14,nature_green,TILESET - Tozus.png,0,5
5007,312,15,nature_green,TILESET - Tozus.png,0,6
5008,313,0,nature_green,TILESET - Chocobos_Forest.png,4,0
5009,313,1,nature_green,TILESET - Retrieval_Forest.png,4,0
5010,313,2,nature_green,TILESET - Retrieval_Forest.png,2,4
5011,313,3,nature_green,TILESET - Ancient_Ruins1.png,3,6
5012,313,4,nature_green,TILESET - Falgabard_Cave.png,3,6
5013,313,5,nature_green,TILESET - Retrieval_Forest.png,2,5
5014,313,6,nature_green,TILESET - Crystal_Tower_8F_1.png,4,7
5015,313,7,nature_green,TILESET - Tower_of_Owen4F.png,1,15
5016,313,8,nature_green,TILESET - Retrieval_Forest.png,7,0
5017,313,9,nature_green,TILESET - SealedCave.png,2,8
5018,313,10,nature_green,TILESET - Nepto_Temple1F.png,2,6
5019,313,11,nature_green,TILESET - Retrieval_Forest.png,0,7
5020,313,12,nature_green,TILESET - Chocobos_Forest.png,0,7
5021,313,13,nature_green,TILESET - Ur.png,2,3
5022,313,14,nature_green,TILESET - Canaan.png,2,8
5023,313,15,nature_green,TILESET - Amur.png,2,8
5024,314,0,nature_green,TILESET - Ur.png,2,8
5025,314,1,nature_green,TILESET - Saronia_NorthEast.png,2,7
5026,314,2,nature_green,TILESET - Chocobos_Forest.png,5,5
5027,314,3,nature_green,TILESET - Cave_of_the_Circle1.png,4,10
5028,314,4,nature_green,TILESET - Tower_of_Owen6F.png,4,10
5029,314,5,nature_green,TILESET - Ancient_Ruins3.png,4,10
5030,314,6,nature_green,TILESET - Sewers1.png,4,10
5031,314,7,nature_green,TILESET - Heins_Castle1.png,4,10
5032,314,8,nature_green,TILESET - Chocobos_Forest.png,5,0
5033,314,9,nature_green,TILESET - Castle_Argus.png,1,3
5034,314,10,nature_green,TILESET - Saronia_Castle1.png,1,3
5035,314,11,nature_green,TILESET - Vikings_Cove-Inn_ItemShop.png,4,11
5036,314,12,nature_green,TILESET - Tower_of_Owen6F.png,4,3
5037,314,13,nature_green,TILESET - Vikings_Cove-1.png,1,4
5038,314,14,nature_green,TILESET - SealedCave.png,2,7
5039,314,15,nature_green,TILESET - Vikings_Cove-1.png,4,10
5040,315,0,nature_green,TILESET - Ancient_Ruins1.png,4,10
5041,315,1,nature_green,TILESET - Canaan-Inn_ItemShop.png,1,9
5042,315,2,nature_green,TILESET - Falgabard-ArmorShop.png,7,11
5043,315,3,nature_green,TILESET - Heins_Castle1.png,0,0
5044,315,4,nature_green,TILESET - Tower_of_Owen3F.png,0,0
5045,315,5,nature_green,TILESET - Tower_of_Owen6F.png,0,0
5046,315,6,nature_green,TILESET - Ancients_Maze1.png,5,0
5047,315,7,nature_green,TILESET - Goldor_Manor2.png,7,7
5048,315,8,nature_green,TILESET - Castle_Argus.png,4,8
5049,315,9,nature_green,TILESET - Molten_CaveB1.png,4,8
5050,315,10,nature_green,TILESET - Retrieval_Forest.png,4,8
5051,315,11,nature_green,TILESET - Nepto_Temple1F.png,7,7
5052,315,12,nature_green,TILESET - Alter Cave.png,5,0
5053,315,13,nature_green,TILESET - Saronia_Castle-Gate.png,5,0
5054,315,14,nature_green,TILESET - Goldor_Manor1_1.png,5,0
5055,315,15,nature_green,TILESET - Dogas_Village.png,5,0
5056,316,0,nature_green,TILESET - Saronia_Castle-Gate.png,7,0
5057,316,1,nature_green,TILESET - Retrieval_Forest.png,4,14
5058,316,2,nature_green,TILESET - Chocobos_Forest.png,4,14
5059,316,3,nature_green,TILESET - Canaan.png,3,5
5060,316,4,nature_green,TILESET - Ur.png,3,5
5061,316,5,nature_green,TILESET - Canaan.png,2,14
5062,316,6,nature_green,TILESET - Amur.png,2,14
5063,316,7,nature_green,TILESET - Ur.png,2,14
5064,316,8,nature_green,TILESET - Castle_Sasune.png,1,2
5065,316,9,nature_green,TILESET - Tozus.png,4,3
5066,316,10,nature_green,TILESET - Canaan.png,7,8
5067,316,11,nature_green,TILESET - Retrieval_Forest.png,4,2
5068,316,12,nature_green,TILESET - Chocobos_Forest.png,4,2
5069,316,13,nature_green,TILESET - Chocobos_Forest.png,2,4
5070,316,14,nature_green,TILESET - Tower_of_Owen4F.png,3,1
5071,316,15,nature_green,TILESET - Chocobos_Forest.png,0,2
5072,317,0,nature_green,TILESET - Cave_of_the_Circle1.png,0,2
5073,317,1,nature_green,TILESET - Ancient_Ruins1.png,0,2
5074,317,2,nature_green,TILESET - Falgabard_Cave.png,0,2
5075,317,3,nature_green,TILESET - Ancient_Ruins3.png,0,2
5076,317,4,nature_green,TILESET - Mythril_Mine.png,0,2
5077,317,5,nature_green,TILESET - SealedCave.png,1,12
5078,317,6,nature_green,TILESET - Tower_of_Owen4F.png,2,7
5079,317,7,nature_green,TILESET - Tower_of_Owen4F.png,1,6
5080,317,8,nature_green,TILESET - Tower_of_Owen4F.png,2,12
5081,317,9,nature_green,TILESET - Tower_of_Owen4F.png,3,14
5082,317,10,nature_green,TILESET - Tower_of_Owen4F.png,3,13
5083,317,11,nature_green,TILESET - Tower_of_Owen4F.png,3,10
5084,317,12,nature_green,TILESET - Tower_of_Owen6F.png,1,4
5085,317,13,nature_green,TILESET - Tower_of_Owen4F.png,2,10
5086,317,14,nature_green,TILESET - Sunken_Cave1.png,0,2
5087,317,15,nature_green,TILESET - Chocobos_Forest.png,1,15
5088,318,0,nature_green,TILESET - Canaan.png,0,3
5089,318,1,nature_green,TILESET - Canaan.png,2,1
5090,318,2,nature_green,TILESET - Canaan.png,2,3
5091,318,3,nature_green,TILESET - Amur.png,2,1
5092,318,4,nature_green,TILESET - Ur.png,2,1
5093,318,5,nature_green,TILESET - Ur.png,5,10
5094,318,6,nature_green,TILESET - Nepto_Temple1F.png,7,12
5095,318,7,nature_green,TILESET - Tower_of_Owen4F.png,7,12
5096,318,8,nature_green,TILESET - Ancient_Ruins3.png,0,14
5097,318,9,nature_green,TILESET - Cave_of_the_Circle1.png,0,14
5098,318,10,nature_green,TILESET - Cave_of_the_Circle1.png,1,5
5099,318,11,nature_green,TILESET - Ancient_Ruins3.png,1,5
5100,318,12,nature_green,TILESET - Falgabard.png,4,7
5101,318,13,nature_green,TILESET - Kazus.png,3,13
5102,318,14,nature_green,TILESET - Falgabard.png,2,13
5103,318,15,nature_green,TILESET - Replito.png,2,13
5104,319,0,nature_green,TILESET - Canaan-CidHouse_1F.png,7,11
5105,319,1,nature_green,TILESET - Canaan-Shrine.png,7,11
5106,319,2,nature_green,TILESET - Tozus.png,1,8
5107,319,3,nature_green,TILESET - Castle_Sasune.png,7,1
5108,319,4,nature_green,TILESET - Retrieval_Forest.png,0,2
5109,319,5,nature_green,TILESET - Vikings_Cove-Inn_ItemShop.png,3,2
5110,319,6,nature_green,TILESET - Kazus.png,2,1
5111,319,7,nature_green,TILESET - Ur.png,5,9
5112,319,8,nature_green,TILESET - Retrieval_Forest.png,4,7
5113,319,9,nature_green,TILESET - Retrieval_Forest.png,2,9
5114,319,10,nature_green,TILESET - Kazus.png,2,0
5115,319,11,nature_green,TILESET - Dogas_Grotto1.png,7,12
5116,319,12,nature_green,TILESET - Falgabard.png,2,5
5117,319,13,nature_green,TILESET - Kazus.png,2,5
5118,319,14,nature_green,TILESET - Amur.png,2,7
5119,319,15,nature_green,TILESET - Castle_Argus.png,7,1
5120,320,0,nature_green,TILESET - Saronia_Castle1.png,7,1
5121,320,1,nature_green,TILESET - Kazus.png,2,7
5122,320,2,nature_green,TILESET - Falgabard.png,2,7
5123,320,3,nature_green,TILESET - Falgabard.png,2,6
5124,320,4,nature_green,TILESET - Kazus.png,2,6
5125,320,5,nature_green,TILESET - Vikings_Cove-Inn_ItemShop.png,3,1
5126,320,6,nature_green,TILESET - SealedCave.png,3,1
5127,320,7,nature_green,TILESET - Tower_of_Owen4F.png,6,9
5128,320,8,nature_green,TILESET - Nepto_Temple1F.png,6,9
5129,320,9,nature_green,TILESET - Tozus.png,2,12
5130,320,10,nature_green,TILESET - Ur.png,0,1
5131,320,11,nature_green,TILESET - Ur.png,0,2
5132,320,12,nature_green,TILESET - Ur.png,3,2
5133,320,13,nature_green,TILESET - Kazus.png,2,12
5134,320,14,nature_green,TILESET - Chocobos_Forest.png,0,9
5135,320,15,nature_green,TILESET - Dogas_Village.png,2,7
5136,321,0,nature_green,TILESET - Ur.png,2,7
5137,321,1,nature_green,TILESET - Mythril_Mine.png,1,5
5138,321,2,nature_green,TILESET - Sunken_Cave1.png,1,5
5139,321,3,nature_green,TILESET - SealedCave.png,2,1
5140,321,4,nature_green,TILESET - Tower_of_Owen6F.png,4,4
5141,321,5,nature_green,TILESET - Falgabard.png,2,14
5142,321,6,nature_green,TILESET - SealedCave.png,7,12
5143,321,7,nature_green,TILESET - Saronia_NorthEast.png,4,3
5144,321,8,nature_green,TILESET - Kazus.png,2,14
5145,321,9,nature_green,TILESET - Falgabard-WaterFall.png,7,11
5146,321,10,nature_green,TILESET - Ancient_Ruins1.png,0,0
5147,321,11,nature_green,TILESET - Tozus-Inn_ItemShop.png,0,0
5148,321,12,nature_green,TILESET - Wreck1.png,4,6
5149,321,13,nature_green,TILESET - Subterranean_Lake1.png,4,6
5150,321,14,nature_green,TILESET - Nepto_Temple1F.png,3,3
5151,321,15,nature_green,TILESET - Heins_Castle1.png,5,0
5152,322,0,nature_green,TILESET - Amur-Inn_Pub.png,5,7
5153,322,1,nature_green,TILESET - Canaan-Inn_ItemShop.png,5,7
5154,322,2,nature_green,TILESET - Canaan-Inn_ItemShop.png,5,0
5155,322,3,nature_green,TILESET - Uneis_Shrine.png,2,13
5156,322,4,nature_green,TILESET - Heins_Castle1.png,0,4
5157,322,5,nature_green,TILESET - Temple_of_Time1_1.png,3,4
5158,322,6,nature_green,TILESET - Temple_of_Time1_1.png,3,5
5159,322,7,nature_green,TILESET - Dogas_Grotto1.png,3,10
5160,322,8,nature_green,TILESET - Ancient_Ruins1.png,1,4
5161,322,9,nature_green,TILESET - Subterranean_Lake1.png,1,4
5162,322,10,nature_green,TILESET - Cave_of_the_Circle1.png,1,4
5163,322,11,nature_green,TILESET - Ancient_Ruins3.png,1,4
5164,322,12,nature_green,TILESET - Vikings_Cove-1.png,4,11
5165,322,13,nature_green,TILESET - Nepto_Temple1F.png,3,10
5166,322,14,nature_green,TILESET - Nepto_Temple1F.png,3,11
5167,322,15,nature_green,TILESET - Vikings_Cove-1.png,4,14
5168,323,0,nature_green,TILESET - Heins_Castle1.png,3,11
5169,323,1,nature_green,TILESET - Kazus.png,2,13
5170,323,2,nature_green,TILESET - Ur.png,2,6
5171,323,3,nature_green,TILESET - Chocobos_Forest.png,2,9
5172,323,4,nature_green,TILESET - Chocobos_Forest.png,4,7
5173,323,5,nature_green,TILESET - Tozus.png,4,7
5174,323,6,nature_green,TILESET - Kazus.png,4,7
5175,323,7,nature_green,TILESET - Tozus.png,0,4
5176,323,8,nature_green,TILESET - Falgabard_Cave.png,1,3
5177,323,9,nature_green,TILESET - Ancient_Ruins1.png,1,3
5178,323,10,nature_green,TILESET - Cave_of_the_Circle1.png,1,3
5179,323,11,nature_green,TILESET - Ancient_Ruins3.png,1,3
5180,323,12,nature_green,TILESET - Mythril_Mine.png,1,3
5181,323,13,nature_green,TILESET - Retrieval_Forest.png,1,15
5182,323,14,nature_green,TILESET - Retrieval_Forest.png,6,2
5183,323,15,nature_green,TILESET - Retrieval_Forest.png,0,1
5184,324,0,nature_green,TILESET - Chocobos_Forest.png,5,2
5185,324,1,nature_green,TILESET - Retrieval_Forest.png,5,2
5186,324,2,nature_green,TILESET - Vikings_Cove-1.png,1,0
5187,324,3,nature_green,TILESET - SealedCave.png,1,15
5188,324,4,nature_green,TILESET - Chocobos_Forest.png,0,15
5189,324,5,nature_green,TILESET - Chocobos_Forest.png,4,9
5190,324,6,nature_green,TILESET - Retrieval_Forest.png,4,9
5191,324,7,nature_green,TILESET - Tower_of_Owen4F.png,3,0
5192,324,8,nature_green,TILESET - Tower_of_Owen4F.png,3,15
5193,324,9,nature_green,TILESET - Tower_of_Owen4F.png,3,12
5194,324,10,nature_green,TILESET - Tower_of_Owen4F.png,2,9
5195,324,11,nature_green,TILESET - Chocobos_Forest.png,2,5
5196,324,12,nature_green,TILESET - Vikings_Cove-1.png,3,1
5197,324,13,nature_green,TILESET - Vikings_Cove-1.png,3,2
5198,324,14,nature_green,TILESET - Heins_Castle1.png,1,10
5199,324,15,nature_green,TILESET - Heins_Castle1.png,4,11
5200,325,0,nature_green,TILESET - Chocobos_Forest.png,7,0
5201,325,1,nature_green,TILESET - Tower_of_Owen6F.png,1,7
5202,325,2,nature_green,TILESET - Vikings_Cove-Inn_ItemShop.png,2,13
5203,325,3,nature_green,TILESET - Mythril_Mine.png,1,11
5204,325,4,nature_green,TILESET - Falgabard_Cave.png,1,11
5205,325,5,nature_green,TILESET - Cave_of_the_Circle1.png,1,11
5206,325,6,nature_green,TILESET - Tozus.png,3,8
5207,325,7,nature_green,TILESET - Tozus.png,2,6
5208,325,8,nature_green,TILESET - Falgabard.png,3,13
5209,325,9,nature_green,TILESET - Falgabard.png,2,12
5210,325,10,nature_green,TILESET - Ur.png,2,13
5211,325,11,nature_green,TILESET - Amur.png,2,13
5212,325,12,nature_green,TILESET - Canaan.png,2,13
5213,325,13,nature_green,TILESET - Canaan.png,3,4
5214,325,14,nature_green,TILESET - Ur.png,3,4
5215,325,15,nature_green,TILESET - Ur.png,2,12
5216,326,0,nature_green,TILESET - Canaan.png,2,12
5217,326,1,nature_green,TILESET - Amur.png,2,12
5218,326,2,nature_green,TILESET - Ur.png,3,3
5219,326,3,nature_green,TILESET - Ur.png,0,0
5220,326,4,nature_green,TILESET - Canaan.png,4,7
5221,326,5,nature_green,TILESET - Heins_Castle1.png,4,4
5222,326,6,nature_green,TILESET - Ur.png,2,10
5223,326,7,nature_green,TILESET - Ur.png,5,3
5224,326,8,nature_green,TILESET - SealedCave.png,2,14
5225,326,9,nature_green,TILESET - SealedCave.png,3,4
5226,326,10,nature_green,TILESET - Falgabard.png,4,2
5227,326,11,nature_green,TILESET - Kazus.png,4,2
5228,326,12,nature_green,TILESET - Tozus.png,2,1
5229,326,13,nature_green,TILESET - Heins_Castle1.png,2,6
5230,326,14,nature_green,TILESET - Ancient_Ruins3.png,1,11
5231,326,15,nature_green,TILESET - Ancient_Ruins1.png,1,11
5232,327,0,nature_green,TILESET - Tozus.png,4,2
5233,327,1,nature_green,TILESET - Chocobos_Forest.png,0,8
5234,327,2,nature_green,TILESET - Canaan-Inn_ItemShop.png,7,11
5235,327,3,nature_green,TILESET - Dogas_Village.png,4,2
5236,327,4,nature_green,TILESET - Ur.png,5,7
5237,327,5,nature_green,TILESET - Dogas_Village.png,4,7
5238,327,6,nature_green,TILESET - Vikings_Cove-Inn_ItemShop.png,4,12
5239,327,7,nature_green,TILESET - Vikings_Cove-Inn_ItemShop.png,5,9
5240,327,8,nature_green,TILESET - Vikings_Cove-Inn_ItemShop.png,4,14
5241,327,9,nature_green,TILESET - Vikings_Cove-1.png,5,9
5242,327,10,nature_green,TILESET - Chocobos_Forest.png,4,13
5243,327,11,nature_green,TILESET - Retrieval_Forest.png,4,13
5244,327,12,nature_green,TILESET - Saronia_NorthEast.png,4,2
5245,327,13,nature_green,TILESET - Nepto_Temple1F.png,5,8
5246,327,14,nature_green,TILESET - Tower_of_Owen4F.png,2,1
5247,327,15,nature_green,TILESET - World_of_Darkness-Crystal_Room.png,2,0
5248,328,0,nature_green,TILESET - Tozus.png,2,13
5249,328,1,nature_green,TILESET - World_of_Darkness-Crystal_Room.png,1,3
5250,328,2,nature_green,TILESET - Tozus.png,0,3
5251,328,3,nature_green,TILESET - Retrieval_Forest.png,0,15
5252,328,4,nature_green,TILESET - Retrieval_Forest.png,0,14
5253,328,5,nature_green,TILESET - Chocobos_Forest.png,2,3
5254,328,6,nature_green,TILESET - Tower_of_Owen4F.png,1,12
5255,328,7,nature_green,TILESET - Nepto_Temple1F.png,2,2
5256,328,8,nature_green,TILESET - Ancient_Ruins3.png,1,7
5257,328,9,nature_green,TILESET - Cave_of_the_Circle1.png,1,7
5258,328,10,nature_green,TILESET - Ancient_Ruins1.png,1,7
5259,328,11,nature_green,TILESET - Retrieval_Forest.png,2,3
5260,328,12,nature_green,TILESET - Retrieval_Forest.png,5,3
5261,328,13,nature_green,TILESET - Chocobos_Forest.png,1,5
5262,328,14,nature_green,TILESET - Chocobos_Forest.png,5,3
5263,328,15,nature_green,TILESET - Amur.png,5,3
5264,329,0,nature_green,TILESET - Canaan.png,5,3
5265,329,1,nature_green,TILESET - Canaan.png,2,7
5266,329,2,nature_green,TILESET - Canaan-NobleHouse.png,7,11
5267,329,3,nature_green,TILESET - Ur.png,4,2
5268,329,4,nature_green,TILESET - Temple_of_Time1_1.png,0,14
5269,329,5,nature_green,TILESET - Cave_of_the_Circle1.png,0,0
5270,329,6,nature_green,TILESET - Saronia_Castle-Gate.png,1,11
5271,329,7,nature_green,TILESET - Saronia_Castle-Gate.png,1,3
5272,329,8,nature_green,TILESET - Saronia_Castle-Gate.png,1,9
5273,329,9,nature_green,TILESET - Falgabard-Inn_ItemShop.png,7,11
5274,329,10,nature_green,TILESET - Airship.png,0,0
5275,329,11,nature_green,TILESET - Kazus.png,6,0
5276,329,12,nature_green,TILESET - Tokkul.png,7,7
5277,329,13,nature_green,TILESET - Falgabard-Shrine.png,7,11
5278,329,14,nature_green,TILESET - Amur-Inn_Pub.png,5,0
5279,329,15,nature_green,TILESET - World_of_Darkness-Crystal_Room.png,0,4
5280,330,0,nature_green,TILESET - Temple_of_Time1_1.png,3,6
5281,330,1,nature_green,TILESET - Heins_Castle1.png,6,7
5282,330,2,nature_green,TILESET - Heins_Castle1.png,0,6
5283,330,3,nature_green,TILESET - Uneis_Shrine.png,2,11
5284,330,4,nature_green,TILESET - Temple_of_Time1_1.png,1,8
5285,330,5,nature_green,TILESET - Heins_Castle1.png,2,1
5286,330,6,nature_green,TILESET - Cave_of_Tides-Crystal_Room.png,4,15
5287,330,7,nature_green,TILESET - Crystal Room.png,4,15
5288,330,8,nature_green,TILESET - Nepto_Temple1F.png,2,8
5289,330,9,nature_green,TILESET - World_of_Darkness-Crystal_Room.png,2,1
5290,330,10,nature_green,TILESET - Heins_Castle1.png,1,3
5291,330,11,nature_green,TILESET - Heins_Castle1.png,3,2
5292,330,12,nature_green,TILESET - Vikings_Cove-Inn_ItemShop.png,0,13
5293,330,13,nature_green,TILESET - Nepto_Temple1F.png,2,11
5294,330,14,nature_green,TILESET - Cave_of_the_Circle1.png,1,9
5295,330,15,nature_green,TILESET - Ancient_Ruins3.png,1,9
5296,331,0,nature_green,TILESET - Mythril_Mine.png,3,6
5297,331,1,nature_green,TILESET - Heins_Castle1.png,0,10
5298,331,2,nature_green,TILESET - Amur.png,2,2
5299,331,3,nature_green,TILESET - Kazus.png,2,2
5300,331,4,nature_green,TILESET - Ur.png,7,9
5301,331,5,nature_green,TILESET - Ur.png,2,2
5302,331,6,nature_green,TILESET - Ur.png,5,8
5303,331,7,nature_green,TILESET - Canaan.png,5,8
5304,331,8,nature_green,TILESET - Canaan.png,2,2
5305,331,9,nature_green,TILESET - Tower_of_Owen6F.png,1,3
5306,331,10,nature_green,TILESET - Chocobos_Forest.png,5,7
5307,331,11,nature_green,TILESET - Ur.png,3,12
5308,331,12,nature_green,TILESET - Dogas_Village.png,2,6
5309,331,13,nature_green,TILESET - Canaan.png,2,6
5310,331,14,nature_green,TILESET - Replito.png,2,12
5311,331,15,nature_green,TILESET - Canaan.png,2,10
5312,332,0,nature_green,TILESET - Amur.png,2,10
5313,332,1,nature_green,TILESET - Castle_Argus.png,1,5
5314,332,2,nature_green,TILESET - Saronia_Castle1.png,1,5
5315,332,3,nature_green,TILESET - Retrieval_Forest.png,5,8
5316,332,4,nature_green,TILESET - Chocobos_Forest.png,5,8
5317,332,5,nature_green,TILESET - Castle_Sasune.png,1,3
5318,332,6,nature_green,TILESET - Uneis_Shrine.png,4,7
5319,332,7,nature_green,TILESET - Canaan-CidHouse_2F.png,7,11
5320,332,8,nature_green,TILESET - Ur.png,4,7
5321,332,9,nature_green,TILESET - Retrieval_Forest.png,0,9
5322,332,10,nature_green,TILESET - Chocobos_Forest.png,4,12
5323,332,11,nature_green,TILESET - Chocobos_Forest.png,5,1
5324,332,12,nature_green,TILESET - Canaan.png,7,9
5325,332,13,nature_green,TILESET - Tozus.png,2,2
5326,332,14,nature_green,TILESET - Retrieval_Forest.png,1,5
5327,332,15,nature_green,TILESET - Chocobos_Forest.png,1,6
5328,333,0,nature_green,TILESET - Vikings_Cove-1.png,4,6
5329,333,1,nature_green,TILESET - Chocobos_Forest.png,2,10
5330,333,2,nature_green,TILESET - Retrieval_Forest.png,2,10
5331,333,3,nature_green,TILESET - Chocobos_Forest.png,4,8
5332,333,4,nature_green,TILESET - Cave_of_the_Circle1.png,0,15
5333,333,5,nature_green,TILESET - Ancient_Ruins3.png,0,15
5334,333,6,nature_green,TILESET - Ancient_Ruins1.png,0,15
5335,333,7,nature_green,TILESET - SealedCave.png,2,13
5336,333,8,nature_green,TILESET - Saronia_NorthEast.png,4,0
5337,333,9,nature_green,TILESET - Nepto_Temple1F.png,4,12
5338,333,10,nature_green,TILESET - Vikings_Cove-1.png,5,10
5339,333,11,nature_green,TILESET - Vikings_Cove-1.png,4,13
5340,333,12,nature_green,TILESET - SealedCave.png,3,14
5341,333,13,nature_green,TILESET - Nepto_Temple1F.png,3,14
5342,333,14,nature_green,TILESET - Heins_Castle1.png,3,14
5343,333,15,nature_green,TILESET - Amur.png,3,13
5344,334,0,nature_green,TILESET - Canaan.png,3,13
5345,334,1,nature_green,TILESET - Ur.png,3,13
5346,334,2,nature_green,TILESET - Ur.png,5,4
5347,334,3,nature_green,TILESET - SealedCave.png,2,10
5348,334,4,nature_green,TILESET - Tower_of_Owen4F.png,1,14
5349,334,5,nature_green,TILESET - SealedCave.png,7,4
5350,334,6,nature_green,TILESET - Heins_Castle1.png,1,9
5351,334,7,nature_green,TILESET - Ancient_Ruins1.png,1,9
5352,334,8,nature_green,TILESET - Temple_of_Time1_1.png,1,11
5353,334,9,nature_green,TILESET - Tozus.png,4,14
5354,334,10,nature_green,TILESET - Tozus.png,4,15
5355,334,11,nature_green,TILESET - Cave_of_the_Circle1.png,4,3
5356,334,12,nature_green,TILESET - Heins_Castle1.png,4,3
5357,334,13,nature_green,TILESET - Chocobos_Forest.png,5,6
5358,334,14,nature_green,TILESET - Chocobos_Forest.png,4,11
5359,334,15,nature_green,TILESET - Vikings_Cove-Inn_ItemShop.png,5,10
5360,335,0,nature_green,TILESET - Vikings_Cove-Inn_ItemShop.png,4,13
5361,335,1,nature_green,TILESET - Vikings_Cove-Inn_ItemShop.png,1,11
5362,335,2,nature_green,TILESET - Tozus-Inn_ItemShop.png,1,9
5363,335,3,nature_green,TILESET - Amur-Inn_Pub.png,1,9
5364,335,4,nature_green,TILESET - Castle_Sasune.png,1,5
5365,335,5,nature_green,TILESET - Canaan-Inn_ItemShop.png,1,8
5366,335,6,nature_green,TILESET - Tozus-Inn_ItemShop.png,1,8
5367,335,7,nature_green,TILESET - Amur-Inn_Pub.png,1,8
5368,335,8,nature_green,TILESET - Vikings_Cove-1.png,0,0
5369,335,9,nature_green,TILESET - Tozus.png,0,0
5370,335,10,nature_green,TILESET - Castle_Sasune.png,6,1
5371,335,11,nature_green,TILESET - Temple_of_Time1_1.png,4,10
5372,335,12,nature_green,TILESET - Ancient_Ruins3.png,4,3
5373,335,13,nature_green,TILESET - Ancient_Ruins3.png,4,9
5374,335,14,nature_green,TILESET - Tower_of_Owen6F.png,4,9
5375,335,15,nature_green,TILESET - Cave_of_the_Circle1.png,4,9
5376,336,0,nature_green,TILESET - Heins_Castle1.png,4,9
5377,336,1,nature_green,TILESET - Vikings_Cove-1.png,4,1
5378,336,2,nature_green,TILESET - Vikings_Cove-1.png,4,3
5379,336,3,nature_green,TILESET - Nepto_Temple1F.png,5,6
5380,336,4,nature_green,TILESET - Nepto_Temple1F.png,4,14
5381,336,5,nature_green,TILESET - Nepto_Temple1F.png,4,13
5382,336,6,nature_green,TILESET - Vikings_Cove-Inn_ItemShop.png,2,9
5383,336,7,nature_green,TILESET - Saronia_Castle2.png,6,2
5384,336,8,nature_green,TILESET - Mythril_Mine.png,6,0
5385,336,9,nature_green,TILESET - Canaan.png,7,11
5386,336,10,nature_green,TILESET - Canaan-ArmorShop.png,5,8
5387,336,11,nature_green,TILESET - SealedCave.png,7,13
5388,336,12,nature_green,TILESET - Dogas_Grotto1.png,7,13
5389,336,13,nature_green,TILESET - Tower_of_Owen4F.png,7,13
5390,336,14,nature_green,TILESET - Nepto_Temple1F.png,7,13
5391,336,15,nature_green,TILESET - Retrieval_Forest.png,5,5
5392,337,0,nature_green,TILESET - Retrieval_Forest.png,4,11
5393,337,1,nature_green,TILESET - Retrieval_Forest.png,5,0
5394,337,2,nature_green,TILESET - Retrieval_Forest.png,5,7
5395,337,3,nature_green,TILESET - Retrieval_Forest.png,4,12
5396,337,4,nature_green,TILESET - Nepto_Temple1F.png,5,7
5397,337,5,nature_green,TILESET - Nepto_Temple1F.png,5,1
5398,337,6,nature_green,TILESET - Heins_Castle1.png,3,13
5399,337,7,nature_green,TILESET - Nepto_Temple1F.png,3,13
5400,337,8,nature_green,TILESET - SealedCave.png,3,13
5401,337,9,nature_green,TILESET - Nepto_Temple1F.png,2,13
5402,337,10,nature_green,TILESET - Vikings_Cove-1.png,2,14
5403,337,11,nature_green,TILESET - Heins_Castle1.png,0,2
5404,337,12,nature_green,TILESET - Ancient_Ruins1.png,0,14
5405,337,13,nature_green,TILESET - Falgabard_Cave.png,1,5
5406,337,14,nature_green,TILESET - Ancient_Ruins1.png,1,5
5407,337,15,nature_green,TILESET - Tower_of_Owen6F.png,4,2
5408,338,0,nature_green,TILESET - Ancient_Ruins3.png,4,2
5409,338,1,nature_green,TILESET - Cave_of_the_Circle1.png,4,2
5410,338,2,nature_green,TILESET - Heins_Castle1.png,4,2
5411,338,3,nature_green,TILESET - Canaan.png,2,0
5412,338,4,nature_green,TILESET - Canaan.png,5,9
5413,338,5,nature_green,TILESET - Ur.png,2,0
5414,338,6,nature_green,TILESET - Tozus.png,2,0
5415,338,7,nature_green,TILESET - SealedCave.png,3,3
5416,338,8,nature_green,TILESET - Vikings_Cove-Inn_ItemShop.png,1,0
5417,338,9,nature_green,TILESET - Vikings_Cove-Inn_ItemShop.png,4,7
5418,338,10,nature_green,TILESET - Vikings_Cove-Inn_ItemShop.png,1,1
5419,338,11,nature_green,TILESET - Vikings_Cove-Inn_ItemShop.png,1,3
5420,338,12,nature_green,TILESET - Temple_of_Time1_1.png,0,10
5421,338,13,nature_green,TILESET - SealedCave.png,2,5
5422,338,14,nature_green,TILESET - Tower_of_Owen4F.png,2,14
5423,338,15,nature_green,TILESET - Heins_Castle1.png,1,12
5424,339,0,nature_green,TILESET - Amur.png,2,0
5425,339,1,nature_green,TILESET - Tower_of_Owen4F.png,3,3
5426,339,2,nature_green,TILESET - Tower_of_Owen6F.png,1,5
5427,339,3,nature_green,TILESET - Chocobos_Forest.png,0,14
5428,339,4,nature_green,TILESET - Goldor_Manor1_1.png,2,2
5429,339,5,nature_green,TILESET - Heins_Castle1.png,2,11
5430,339,6,nature_green,TILESET - Crystal_Tower_1F.png,4,15
5431,339,7,nature_green,TILESET - Tozus.png,2,7
5432,339,8,nature_green,TILESET - Canaan.png,4,2
5433,339,9,nature_green,TILESET - Falgabard.png,3,15
5434,339,10,nature_green,TILESET - Saronia_Castle-Gate.png,1,1
5435,339,11,nature_green,TILESET - Wreck1.png,0,2
5436,339,12,nature_green,TILESET - Dogas_Grotto1.png,2,5
5437,339,13,nature_green,TILESET - Goldor_Manor1_1.png,4,0
5438,339,14,nature_green,TILESET - Nepto_Temple1F.png,4,0
5439,339,15,nature_green,TILESET - Ancient_Ruins1.png,4,3
5440,340,0,nature_green,TILESET - Temple_of_Time1_1.png,4,9
5441,340,1,nature_green,TILESET - Temple_of_Time1_1.png,4,2
5442,340,2,nature_green,TILESET - Heins_Castle1.png,2,10
5443,340,3,nature_green,TILESET - Wreck1.png,1,10
5444,340,4,nature_green,TILESET - Temple_of_Time1_1.png,0,13
5445,340,5,nature_green,TILESET - Inn_ItemShop.png,5,2
5446,340,6,nature_green,TILESET - Inn_ItemShop.png,2,10
5447,340,7,nature_green,TILESET - Temple_of_Time1_1.png,2,1
5448,340,8,nature_green,TILESET - Temple_of_Time1_1.png,0,7
5449,340,9,nature_green,TILESET - Canaan-Inn_ItemShop.png,1,10
5450,340,10,nature_green,TILESET - Sunken_Cave1.png,1,11
5451,340,11,nature_green,TILESET - Tower_of_Owen4F.png,7,0
5452,340,12,nature_green,TILESET - Nepto_Temple1F.png,7,0
5453,340,13,nature_green,TILESET - Heins_Castle1.png,7,0
5454,340,14,nature_green,TILESET - Temple_of_Time1_1.png,1,6
5455,340,15,nature_green,TILESET - Nepto_Temple1F.png,2,7
5456,341,0,nature_green,TILESET - Bahamuts_Nest.png,2,2
5457,341,1,nature_green,TILESET - Cave_of_the_Circle1.png,6,12
5458,341,2,nature_green,TILESET - Heins_Castle1.png,3,5
5459,341,3,nature_green,TILESET - Crystal_Tower_8F_2.png,4,15
5460,341,4,nature_green,TILESET - Retrieval_Forest.png,1,6
5461,341,5,nature_green,TILESET - Cave_of_the_Circle1.png,1,10
5462,341,6,nature_green,TILESET - Ancient_Ruins3.png,1,10
5463,341,7,nature_green,TILESET - Nepto_Temple1F.png,2,12
5464,341,8,nature_green,TILESET - SealedCave.png,7,0
5465,341,9,nature_green,TILESET - Heins_Castle1.png,2,9
5466,341,10,nature_green,TILESET - Retrieval_Forest.png,0,8
5467,341,11,nature_green,TILESET - Tozus.png,2,5
5468,341,12,nature_green,TILESET - Saronia_Castle-Gate.png,1,2
5469,341,13,nature_green,TILESET - Saronia_Castle-Gate.png,1,0
5470,341,14,nature_green,TILESET - Ancients_Maze1.png,4,15
5471,341,15,nature_green,TILESET - Ancients_Maze1.png,4,7
5472,342,0,nature_green,TILESET - Saronia_Castle-Gate.png,4,2
5473,342,1,nature_green,TILESET - Saronia_Castle-Gate.png,2,7
5474,342,2,nature_green,TILESET - Subterranean_Lake1.png,0,0
5475,342,3,nature_green,TILESET - Vikings_Cove-Inn_ItemShop.png,2,15
5476,342,4,nature_green,TILESET - Vikings_Cove-1.png,4,4
5477,342,5,nature_green,TILESET - Tower_of_Owen4F.png,3,4
5478,342,6,nature_green,TILESET - Heins_Castle1.png,2,3
5479,342,7,nature_green,TILESET - Nepto_Temple1F.png,4,15
5480,342,8,nature_green,TILESET - Tower_of_Owen4F.png,2,11
5481,342,9,nature_green,TILESET - Heins_Castle1.png,2,14
5482,342,10,nature_green,TILESET - Tozus-Inn_ItemShop.png,1,7
5483,342,11,nature_green,TILESET - Amur-Inn_Pub.png,1,7
5484,342,12,nature_green,TILESET - Ancient_Ruins1.png,4,4
5485,342,13,nature_green,TILESET - Subterranean_Lake1.png,4,3
5486,342,14,nature_green,TILESET - Vikings_Cove-Inn_ItemShop.png,2,14
5487,342,15,nature_green,TILESET - Retrieval_Forest.png,5,1
5488,343,0,nature_green,TILESET - Cave_of_the_Circle1.png,0,1
5489,343,1,nature_green,TILESET - Mythril_Mine.png,0,1
5490,343,2,nature_green,TILESET - Nepto_Temple1F.png,2,10
5491,343,3,nature_green,TILESET - Retrieval_Forest.png,0,13
5492,343,4,nature_green,TILESET - Chocobos_Forest.png,0,13
5493,343,5,nature_green,TILESET - Vikings_Cove-1.png,1,12
5494,343,6,nature_green,TILESET - Chocobos_Forest.png,2,8
5495,343,7,nature_green,TILESET - Retrieval_Forest.png,2,8
5496,343,8,nature_green,TILESET - Heins_Castle1.png,0,9
5497,343,9,nature_green,TILESET - World_of_Darkness-Crystal_Room.png,2,15
5498,343,10,nature_green,TILESET - Nepto_Temple1F.png,2,9
5499,343,11,nature_green,TILESET - Nepto_Temple1F.png,4,7
5500,343,12,nature_green,TILESET - Nepto_Temple1F.png,2,14
5501,343,13,nature_green,TILESET - World_of_Darkness-Crystal_Room.png,7,1
5502,343,14,nature_green,TILESET - Nepto_Temple1F.png,5,5
5503,343,15,nature_green,TILESET - Nepto_Temple1F.png,4,11
5504,344,0,nature_green,TILESET - World_of_Darkness-Crystal_Room.png,3,8
5505,344,1,nature_green,TILESET - SealedCave.png,2,11
5506,344,2,nature_green,TILESET - SealedCave.png,2,12
5507,344,3,nature_green,TILESET - Dragons_Peak.png,4,8
5508,344,4,nature_green,TILESET - Tower_of_Owen4F.png,0,11
5509,344,5,nature_green,TILESET - Heins_Castle1.png,4,12
5510,344,6,nature_green,TILESET - Falgabard.png,5,3
5511,344,7,nature_green,TILESET - Heins_Castle1.png,1,1
5512,344,8,nature_green,TILESET - Heins_Castle1.png,0,13
5513,344,9,nature_green,TILESET - Retrieval_Forest.png,5,6
5514,344,10,nature_green,TILESET - Bahamuts_Nest.png,3,4
5515,344,11,nature_green,TILESET - Saronia_NorthWest.png,5,0
5516,344,12,nature_green,TILESET - Amur.png,7,11
5517,344,13,nature_green,TILESET - Inn_ItemShop.png,1,8
5518,344,14,nature_green,TILESET - Tower_of_Owen4F.png,2,13
5519,344,15,nature_green,TILESET - Vikings_Cove-Inn_ItemShop.png,1,4
5520,345,0,nature_green,TILESET - Nepto_Temple1F.png,5,0
5521,345,1,nature_green,TILESET - Tozus.png,0,2
5522,345,2,nature_green,TILESET - Amur.png,0,2
5523,345,3,nature_green,TILESET - Canaan.png,0,2
5524,345,4,nature_green,TILESET - Kazus.png,0,2
5525,345,5,nature_green,TILESET - Castle_Argus.png,2,6
5526,345,6,nature_green,TILESET - Castle_Argus.png,2,7
5527,345,7,nature_green,TILESET - Kazus.png,0,1
5528,345,8,nature_green,TILESET - Canaan.png,0,1
5529,345,9,nature_green,TILESET - Tozus.png,0,1
5530,345,10,nature_green,TILESET - Amur.png,0,1
5531,345,11,nature_green,TILESET - Heins_Castle1.png,3,4
5532,345,12,nature_green,TILESET - Tower_of_Owen4F.png,1,0
5533,345,13,nature_green,TILESET - Tower_of_Owen4F.png,0,9
5534,345,14,nature_green,TILESET - SealedCave.png,1,1
5535,345,15,nature_green,TILESET - Tozus-Inn_ItemShop.png,1,10
5536,346,0,nature_green,TILESET - Amur-Inn_Pub.png,1,10
5537,346,1,nature_green,TILESET - Retrieval_Forest.png,1,4
5538,346,2,nature_green,TILESET - Chocobos_Forest.png,1,4
5539,346,3,nature_green,TILESET - Chocobos_Forest.png,3,0
5540,346,4,nature_green,TILESET - Retrieval_Forest.png,3,0
5541,346,5,nature_green,TILESET - Kazus.png,5,3
5542,346,6,nature_green,TILESET - Kazus.png,3,15
5543,346,7,nature_green,TILESET - Saronia_Castle-Gate.png,2,12
5544,346,8,nature_green,TILESET - Saronia_Castle-Gate.png,3,13
5545,346,9,nature_green,TILESET - Saronia_Castle-Gate.png,2,13
5546,346,10,nature_green,TILESET - Chocobos_Forest.png,2,6
5547,346,11,nature_green,TILESET - Retrieval_Forest.png,2,6
5548,346,12,nature_green,TILESET - Tozus.png,4,5
5549,346,13,nature_green,TILESET - Saronia_Castle-Gate.png,4,1
5550,346,14,nature_green,TILESET - Vikings_Cove-1.png,2,9
5551,346,15,nature_green,TILESET - Canaan-Inn_ItemShop.png,7,1
5552,347,0,nature_green,TILESET - Ur.png,7,10
5553,347,1,nature_green,TILESET - Dogas_Village.png,4,6
5554,347,2,nature_green,TILESET - Heins_Castle1.png,2,15
5555,347,3,nature_green,TILESET - Heins_Castle1.png,2,2
5556,347,4,nature_green,TILESET - Retrieval_Forest.png,4,15
5557,347,5,nature_green,TILESET - Tozus.png,3,14
5558,347,6,nature_green,TILESET - Tozus.png,4,13
5559,347,7,nature_green,TILESET - Ancient_Ruins3.png,0,1
5560,347,8,nature_green,TILESET - Falgabard_Cave.png,0,1
5561,347,9,nature_green,TILESET - Nepto_Temple1F.png,0,9
5562,347,10,nature_green,TILESET - Tower_of_Owen6F.png,1,8
5563,347,11,nature_green,TILESET - Nepto_Temple1F.png,4,8
5564,347,12,nature_green,TILESET - Heins_Castle1.png,3,6
5565,347,13,nature_green,TILESET - Tower_of_Owen6F.png,1,10
5566,347,14,nature_green,TILESET - Crystal_Tower_1F.png,4,7
5567,347,15,nature_green,TILESET - Replito.png,5,3
5568,348,0,nature_green,TILESET - Ancient_Ruins1.png,1,10
5569,348,1,nature_green,TILESET - Chocobos_Forest.png,4,15
5570,348,2,nature_green,TILESET - Tozus.png,4,4
5571,348,3,nature_green,TILESET - Temple_of_Time1_1.png,6,12
5572,348,4,nature_green,TILESET - Temple_of_Time1_1.png,1,3
5573,348,5,nature_green,TILESET - Temple_of_Time1_1.png,5,2
5574,348,6,nature_green,TILESET - Temple_of_Time1_1.png,0,11
5575,348,7,nature_green,TILESET - Ancient_Ruins3.png,1,8
5576,348,8,nature_green,TILESET - Cave_of_the_Circle1.png,1,8
5577,348,9,nature_green,TILESET - Heins_Castle1.png,2,8
5578,348,10,nature_green,TILESET - Heins_Castle1.png,0,1
5579,348,11,nature_green,TILESET - Heins_Castle1.png,6,2
5580,348,12,nature_green,TILESET - Canaan.png,4,6
5581,348,13,nature_green,TILESET - Heins_Castle1.png,7,1
5582,348,14,nature_green,TILESET - Amur-Inn_Pub.png,7,1
5583,348,15,nature_green,TILESET - Tozus-Inn_ItemShop.png,7,1
5584,349,0,nature_green,TILESET - Vikings_Cove-1.png,4,2
5585,349,1,nature_green,TILESET - Wreck1.png,4,2
5586,349,2,nature_green,TILESET - Ancient_Ruins1.png,4,2
5587,349,3,nature_green,TILESET - Subterranean_Lake1.png,4,2
5588,349,4,nature_green,TILESET - Subterranean_Lake1.png,4,9
5589,349,5,nature_green,TILESET - Wreck1.png,4,9
5590,349,6,nature_green,TILESET - Ancient_Ruins1.png,4,9
5591,349,7,nature_green,TILESET - Tozus.png,4,11
5592,349,8,nature_green,TILESET - Wreck1.png,1,9
5593,349,9,nature_green,TILESET - Inn_ItemShop.png,7,1
5594,349,10,nature_green,TILESET - Heins_Castle1.png,1,11
5595,349,11,nature_green,TILESET - Tozus.png,4,12
5596,349,12,nature_green,TILESET - Temple_of_Time1_1.png,1,1
5597,349,13,nature_green,TILESET - Tozus.png,3,7
5598,349,14,nature_green,TILESET - Inn_ItemShop.png,1,7
5599,349,15,nature_green,TILESET - Canaan-Inn_ItemShop.png,1,7
5600,350,0,nature_green,TILESET - Tozus.png,3,9
5601,350,1,nature_green,TILESET - World_of_Darkness-Crystal_Room.png,0,3
5602,350,2,nature_green,TILESET - Temple_of_Time1_1.png,1,12
5603,350,3,nature_green,TILESET - Temple_of_Time1_1.png,2,5
5604,350,4,nature_green,TILESET - SealedCave.png,1,0
5605,350,5,nature_green,TILESET - SealedCave.png,0,9
5606,350,6,nature_green,TILESET - Heins_Castle1.png,0,11
5607,350,7,nature_green,TILESET - Retrieval_Forest.png,7,4
5608,350,8,nature_green,TILESET - Chocobos_Forest.png,7,4
5609,350,9,nature_green,TILESET - Heins_Castle1.png,2,5
5610,350,10,nature_green,TILESET - Heins_Castle1.png,1,0
5611,350,11,nature_green,TILESET - Heins_Castle1.png,0,12
5612,350,12,nature_green,TILESET - Ancient_Ruins1.png,0,1
5613,350,13,nature_green,TILESET - Vikings_Cove-1.png,1,2
5614,350,14,nature_green,TILESET - Vikings_Cove-1.png,1,1
5615,350,15,nature_green,TILESET - Vikings_Cove-1.png,1,3
5616,351,0,nature_green,TILESET - Heins_Castle1.png,6,1
5617,351,1,nature_green,TILESET - Saronia_Castle-Gate.png,2,6
5618,351,2,nature_green,TILESET - Saronia_Castle-Gate.png,4,7
5619,351,3,nature_green,TILESET - Tozus.png,5,13
5620,351,4,nature_green,TILESET - Temple_of_Time1_1.png,0,12
5621,351,5,nature_green,TILESET - Temple_of_Time1_1.png,1,15
5622,351,6,nature_green,TILESET - Temple_of_Time1_1.png,0,2
5623,351,7,nature_green,TILESET - Temple_of_Time1_1.png,5,3
5624,351,8,nature_green,TILESET - Temple_of_Time1_1.png,3,7
5625,351,9,nature_green,TILESET - Temple_of_Time1_1.png,1,4
5626,351,10,nature_green,TILESET - Tozus.png,3,10
5627,351,11,nature_green,TILESET - Temple_of_Time1_1.png,3,8
5628,351,12,nature_green,TILESET - Temple_of_Time1_1.png,1,0
5629,351,13,nature_green,TILESET - SealedCave.png,3,10
5630,351,14,nature_green,TILESET - SealedCave.png,3,11
5631,351,15,nature_green,TILESET - Heins_Castle1.png,2,4
5632,352,0,nature_green,TILESET - Heins_Castle1.png,1,13
5633,352,1,nature_green,TILESET - Heins_Castle1.png,2,0
5634,352,2,nature_green,TILESET - Uneis_Shrine.png,1,7
5635,352,3,nature_green,TILESET - Temple_of_Time1_1.png,6,1
5636,352,4,nature_green,TILESET - Temple_of_Time1_1.png,1,10
5637,352,5,nature_green,TILESET - Temple_of_Time1_1.png,1,2
5638,352,6,nature_green,TILESET - Temple_of_Time1_1.png,6,2
5639,352,7,nature_green,TILESET - Temple_of_Time1_1.png,0,1
5640,352,8,nature_green,TILESET - Temple_of_Time1_1.png,2,4
5641,352,9,nature_green,TILESET - Sunken_Cave1.png,0,1
5642,352,10,nature_green,TILESET - Saronia_Castle-Gate.png,2,5
5643,352,11,nature_green,TILESET - Dragons_Peak.png,4,7
5644,352,12,nature_green,TILESET - World_of_Darkness-Crystal_Room.png,6,7
5645,352,13,nature_green,TILESET - Falgabard_Cave.png,1,8
5646,352,14,nature_green,TILESET - Ancient_Ruins1.png,1,8
5647,352,15,nature_green,TILESET - Mythril_Mine.png,1,8
5648,353,0,nature_green,TILESET - Tower_of_Owen4F.png,1,1
5649,353,1,nature_green,TILESET - Nepto_Temple1F.png,0,8
5650,353,2,nature_green,TILESET - Nepto_Temple1F.png,7,5
5651,353,3,nature_green,TILESET - Crystal_Tower_8F_2.png,4,7
5652,353,4,nature_green,TILESET - Tower_of_Owen6F.png,1,9
5653,353,5,nature_green,TILESET - Temple_of_Time1_1.png,1,5
5654,353,6,nature_green,TILESET - SealedCave.png,0,11
5655,353,7,nature_green,TILESET - Temple_of_Time1_1.png,1,13
5656,353,8,nature_green,TILESET - Tower_of_Owen4F.png,2,5
5657,353,9,nature_green,TILESET - Village_of_Gysahl.png,4,8
5658,353,10,nature_green,TILESET - World_of_Darkness-Crystal_Room.png,0,6
5659,353,11,nature_green,TILESET - Temple_of_Time1_1.png,4,3
5660,353,12,nature_green,TILESET - Heins_Castle1.png,0,3
5661,353,13,nature_green,TILESET - Heins_Castle1.png,0,5
5662,353,14,nature_green,TILESET - Tower_of_Owen4F.png,2,8
5663,353,15,bright_special,TILESET - Mythril_Mine.png,4,6
5664,354,0,bright_special,TILESET - Airship.png,4,6
5665,354,1,bright_special,TILESET - Canaan-NobleHouse.png,3,13
5666,354,2,bright_special,TILESET - Canaan-CidHouse_2F.png,3,13
5667,354,3,bright_special,TILESET - Canaan-CidHouse_1F.png,3,13
5668,354,4,bright_special,TILESET - Canaan-ArmorShop.png,3,13
5669,354,5,bright_special,TILESET - Canaan-Magic_WeaponShop.png,3,13
5670,354,6,bright_special,TILESET - Temple_of_Time1_1.png,4,6
5671,354,7,bright_special,TILESET - Inn_ItemShop.png,3,13
5672,354,8,bright_special,TILESET - Shop_1.png,3,13
5673,354,9,bright_special,TILESET - Amur-ArmorShop.png,3,13
5674,354,10,bright_special,TILESET - Tozus-Inn_ItemShop.png,3,13
5675,354,11,bright_special,TILESET - Amur-House.png,2,9
5676,354,12,bright_special,TILESET - Ur_Shed.png,2,9
5677,354,13,bright_special,TILESET - Airship.png,3,0
5678,354,14,bright_special,TILESET - Wreck1.png,3,0
5679,354,15,bright_special,TILESET - Canaan-CidHouse_1F.png,2,9
5680,355,0,bright_special,TILESET - Canaan-Shrine.png,2,9
5681,355,1,bright_special,TILESET - Bahamuts_Nest.png,6,7
5682,355,2,bright_special,TILESET - Canaan-NobleHouse.png,2,9
5683,355,3,bright_special,TILESET - Amur.png,3,7
5684,355,4,bright_special,TILESET - Canaan.png,3,7
5685,355,5,bright_special,TILESET - Ur.png,3,7
5686,355,6,bright_special,TILESET - Shop_1.png,5,11
5687,355,7,bright_special,TILESET - Kazus.png,0,13
5688,355,8,bright_special,TILESET - Ur.png,0,13
5689,355,9,bright_special,TILESET - Inn_ItemShop.png,7,7
5690,355,10,bright_special,TILESET - Inn_ItemShop.png,5,12
5691,355,11,bright_special,TILESET - Inn_ItemShop.png,4,4
5692,355,12,bright_special,TILESET - Ur_EldersHouse.png,5,12
5693,355,13,bright_special,TILESET - Shop_1.png,7,7
5694,355,14,bright_special,TILESET - Shop_1.png,4,4
5695,355,15,bright_special,TILESET - Shop_1.png,5,12
5696,356,0,bright_special,TILESET - Ur_EldersHouse.png,6,15
5697,356,1,bright_special,TILESET - Ur_EldersHouse.png,4,4
5698,356,2,bright_special,TILESET - Ur_EldersHouse.png,7,7
5699,356,3,bright_special,TILESET - Ur_EldersHouse.png,5,11
5700,356,4,bright_special,TILESET - Inn_ItemShop.png,5,11
5701,356,5,bright_special,TILESET - Canaan-NobleHouse.png,5,11
5702,356,6,bright_special,TILESET - Canaan-NobleHouse.png,0,0
5703,356,7,bright_special,TILESET - Canaan-NobleHouse.png,4,4
5704,356,8,bright_special,TILESET - Canaan-NobleHouse.png,5,12
5705,356,9,bright_special,TILESET - Canaan-NobleHouse.png,6,15
5706,356,10,bright_special,TILESET - Canaan-NobleHouse.png,7,7
5707,356,11,bright_special,TILESET - Amur-ArmorShop.png,0,0
5708,356,12,bright_special,TILESET - Amur-House.png,0,0
5709,356,13,bright_special,TILESET - Canaan-Inn_ItemShop.png,6,12
5710,356,14,bright_special,TILESET - Canaan-Inn_ItemShop.png,7,4
5711,356,15,bright_special,TILESET - Canaan-Magic_WeaponShop.png,7,4
5712,357,0,bright_special,TILESET - Canaan-ArmorShop.png,7,4
5713,357,1,bright_special,TILESET - Canaan-ArmorShop.png,6,12
5714,357,2,bright_special,TILESET - Canaan-Magic_WeaponShop.png,6,12
5715,357,3,bright_special,TILESET - Canaan-ArmorShop.png,4,6
5716,357,4,bright_special,TILESET - Canaan-Magic_WeaponShop.png,4,6
5717,357,5,bright_special,TILESET - Canaan-Inn_ItemShop.png,4,6
5718,357,6,bright_special,TILESET - Amur-ArmorShop.png,4,6
5719,357,7,bright_special,TILESET - Amur-Inn_Pub.png,4,6
5720,357,8,bright_special,TILESET - Inn_ItemShop.png,6,12
5721,357,9,bright_special,TILESET - Inn_ItemShop.png,7,4
5722,357,10,bright_special,TILESET - Inn_ItemShop.png,4,6
5723,357,11,bright_special,TILESET - Shop_1.png,7,4
5724,357,12,bright_special,TILESET - Shop_1.png,6,12
5725,357,13,bright_special,TILESET - Ur_EldersHouse.png,2,14
5726,357,14,bright_special,TILESET - Ur_EldersHouse.png,5,5
5727,357,15,bright_special,TILESET - Canaan-Inn_ItemShop.png,2,14
5728,358,0,bright_special,TILESET - Shop_1.png,4,2
5729,358,1,bright_special,TILESET - Shop_1.png,4,1
5730,358,2,bright_special,TILESET - Ur_EldersHouse.png,4,1
5731,358,3,bright_special,TILESET - Amur-ArmorShop.png,4,1
5732,358,4,bright_special,TILESET - Amur-House.png,4,1
5733,358,5,bright_special,TILESET - Inn_ItemShop.png,4,1
5734,358,6,bright_special,TILESET - Canaan-CidHouse_2F.png,4,1
5735,358,7,bright_special,TILESET - Canaan-CidHouse_1F.png,4,1
5736,358,8,bright_special,TILESET - Airship.png,4,9
5737,358,9,bright_special,TILESET - Mythril_Mine.png,4,9
5738,358,10,bright_special,TILESET - Canaan-NobleHouse.png,4,1
5739,358,11,bright_special,TILESET - Canaan-NobleHouse.png,7,6
5740,358,12,bright_special,TILESET - Inn_ItemShop.png,7,6
5741,358,13,bright_special,TILESET - Inn_ItemShop.png,4,3
5742,358,14,bright_special,TILESET - Ur_EldersHouse.png,6,14
5743,358,15,bright_special,TILESET - Shop_1.png,6,14
5744,359,0,bright_special,TILESET - Ur_EldersHouse.png,4,3
5745,359,1,bright_special,TILESET - Canaan-NobleHouse.png,6,14
5746,359,2,bright_special,TILESET - Ur_EldersHouse.png,7,6
5747,359,3,bright_special,TILESET - Canaan-Inn_ItemShop.png,1,2
5748,359,4,bright_special,TILESET - Canaan-Inn_ItemShop.png,1,1
5749,359,5,bright_special,TILESET - Tozus-Inn_ItemShop.png,1,1
5750,359,6,bright_special,TILESET - Tozus-Inn_ItemShop.png,1,2
5751,359,7,bright_special,TILESET - Amur-Inn_Pub.png,1,2
5752,359,8,bright_special,TILESET - Amur-Inn_Pub.png,1,1
5753,359,9,bright_special,TILESET - Inn_ItemShop.png,1,1
5754,359,10,bright_special,TILESET - Inn_ItemShop.png,1,2
5755,359,11,bright_special,TILESET - Inn_ItemShop.png,1,3
5756,359,12,bright_special,TILESET - Amur-Inn_Pub.png,1,3
5757,359,13,bright_special,TILESET - Tozus-Inn_ItemShop.png,1,3
5758,359,14,bright_special,TILESET - Saronia_Castle-Gate.png,3,14
5759,359,15,bright_special,TILESET - Shop_1.png,7,6
5760,360,0,bright_special,TILESET - Amur-House.png,4,3
5761,360,1,bright_special,TILESET - Amur-ArmorShop.png,4,3
5762,360,2,bright_special,TILESET - Canaan-CidHouse_2F.png,6,14
5763,360,3,bright_special,TILESET - Canaan-CidHouse_2F.png,7,6
5764,360,4,bright_special,TILESET - Tozus-Inn_ItemShop.png,2,14
5765,360,5,bright_special,TILESET - Canaan-ArmorShop.png,5,5
5766,360,6,bright_special,TILESET - Canaan-ArmorShop.png,2,14
5767,360,7,bright_special,TILESET - Canaan-Magic_WeaponShop.png,2,14
5768,360,8,bright_special,TILESET - Canaan-Magic_WeaponShop.png,5,5
5769,360,9,bright_special,TILESET - Canaan-Inn_ItemShop.png,5,5
5770,360,10,bright_special,TILESET - Inn_ItemShop.png,4,2
5771,360,11,bright_special,TILESET - Ur_EldersHouse.png,4,2
5772,360,12,bright_special,TILESET - Amur-ArmorShop.png,4,2
5773,360,13,bright_special,TILESET - Amur-House.png,4,2
5774,360,14,bright_special,TILESET - Canaan-CidHouse_1F.png,4,2
5775,360,15,bright_special,TILESET - Canaan-CidHouse_2F.png,4,2
5776,361,0,bright_special,TILESET - Canaan-NobleHouse.png,4,2
5777,361,1,bright_special,TILESET - Airship.png,4,2
5778,361,2,bright_special,TILESET - Mythril_Mine.png,4,2
5779,361,3,bright_special,TILESET - Canaan.png,1,12
5780,361,4,bright_special,TILESET - Tozus.png,1,4
5781,361,5,bright_special,TILESET - Tozus.png,5,6
5782,361,6,bright_special,TILESET - Canaan.png,0,13
5783,361,7,bright_special,TILESET - Canaan-CidHouse_2F.png,4,4
5784,361,8,bright_special,TILESET - Canaan-CidHouse_2F.png,5,11
5785,361,9,bright_special,TILESET - Canaan-CidHouse_1F.png,0,0
5786,361,10,bright_special,TILESET - Canaan-CidHouse_2F.png,0,0
5787,361,11,bright_special,TILESET - Canaan-CidHouse_2F.png,5,12
5788,361,12,bright_special,TILESET - Canaan-CidHouse_2F.png,7,7
5789,361,13,bright_special,TILESET - Canaan-CidHouse_2F.png,6,15
5790,361,14,bright_special,TILESET - Canaan-CidHouse_1F.png,5,11
5791,361,15,bright_special,TILESET - Amur.png,0,13
5792,362,0,bright_special,TILESET - Shop_1.png,6,15
5793,362,1,bright_special,TILESET - Inn_ItemShop.png,6,15
5794,362,2,bright_special,TILESET - Canaan-NobleHouse.png,4,3
5795,362,3,bright_special,TILESET - Inn_ItemShop.png,1,4
5796,362,4,bright_special,TILESET - Shop_1.png,1,3
5797,362,5,bright_special,TILESET - Shop_1.png,1,1
5798,362,6,bright_special,TILESET - Amur.png,1,4
5799,362,7,bright_special,TILESET - Shop_1.png,4,6
5800,362,8,bright_special,TILESET - Inn_ItemShop.png,2,9
5801,362,9,bright_special,TILESET - Amur-Inn_Pub.png,2,9
5802,362,10,bright_special,TILESET - Amur-Inn_Pub.png,1,11
5803,362,11,bright_special,TILESET - Inn_ItemShop.png,1,11
5804,362,12,bright_special,TILESET - Inn_ItemShop.png,3,0
5805,362,13,bright_special,TILESET - Amur-ArmorShop.png,1,3
5806,362,14,bright_special,TILESET - Amur-Magic_WeaponShop.png,1,3
5807,362,15,bright_special,TILESET - Canaan-CidHouse_2F.png,4,3
5808,363,0,bright_special,TILESET - Shop_1.png,4,3
5809,363,1,bright_special,TILESET - Ur.png,4,11
5810,363,2,bright_special,TILESET - Shop_1.png,5,5
5811,363,3,bright_special,TILESET - Shop_1.png,2,14
5812,363,4,bright_special,TILESET - Canaan-ArmorShop.png,5,6
5813,363,5,bright_special,TILESET - Canaan-ArmorShop.png,2,15
5814,363,6,bright_special,TILESET - Canaan-Magic_WeaponShop.png,2,15
5815,363,7,bright_special,TILESET - Canaan-Magic_WeaponShop.png,5,6
5816,363,8,bright_special,TILESET - Canaan-Inn_ItemShop.png,5,6
5817,363,9,bright_special,TILESET - Canaan-Inn_ItemShop.png,2,15
5818,363,10,bright_special,TILESET - Tozus-Inn_ItemShop.png,2,15
5819,363,11,bright_special,TILESET - Amur-ArmorShop.png,2,15
5820,363,12,bright_special,TILESET - Amur-Inn_Pub.png,2,15
5821,363,13,bright_special,TILESET - Shop_1.png,2,15
5822,363,14,bright_special,TILESET - Inn_ItemShop.png,2,15
5823,363,15,bright_special,TILESET - Shop_1.png,5,6
5824,364,0,bright_special,TILESET - Inn_ItemShop.png,5,6
5825,364,1,bright_special,TILESET - Castle_Argus3F.png,3,8
5826,364,2,bright_special,TILESET - Amur.png,1,14
5827,364,3,bright_special,TILESET - Kazus.png,1,14
5828,364,4,bright_special,TILESET - Ur.png,1,14
5829,364,5,bright_special,TILESET - Canaan.png,1,14
5830,364,6,bright_special,TILESET - Tozus.png,1,14
5831,364,7,bright_special,TILESET - Canaan.png,2,11
5832,364,8,bright_special,TILESET - Canaan.png,7,4
5833,364,9,bright_special,TILESET - Amur-Shrine.png,4,11
5834,364,10,bright_special,TILESET - Canaan-CidHouse_2F.png,4,11
5835,364,11,bright_special,TILESET - Ur_EldersHouse.png,4,11
5836,364,12,bright_special,TILESET - Saronia_Castle-Gate.png,4,5
5837,364,13,bright_special,TILESET - Canaan-CidHouse_2F.png,4,14
5838,364,14,bright_special,TILESET - Amur-Shrine.png,4,14
5839,364,15,bright_special,TILESET - Inn_ItemShop.png,2,14
5840,365,0,bright_special,TILESET - Amur-Inn_Pub.png,2,14
5841,365,1,bright_special,TILESET - Amur-ArmorShop.png,2,14
5842,365,2,bright_special,TILESET - Kazus.png,1,12
5843,365,3,bright_special,TILESET - Canaan.png,1,4
5844,365,4,bright_special,TILESET - Canaan.png,7,6
5845,365,5,bright_special,TILESET - Canaan-CidHouse_1F.png,4,4
5846,365,6,bright_special,TILESET - Canaan-CidHouse_1F.png,5,12
5847,365,7,bright_special,TILESET - Canaan-CidHouse_1F.png,7,7
5848,365,8,bright_special,TILESET - Canaan-CidHouse_1F.png,6,15
5849,365,9,bright_special,TILESET - Canaan-Inn_ItemShop.png,5,12
5850,365,10,bright_special,TILESET - Canaan-Inn_ItemShop.png,7,7
5851,365,11,bright_special,TILESET - Canaan-Inn_ItemShop.png,4,4
5852,365,12,bright_special,TILESET - Canaan-Inn_ItemShop.png,0,0
5853,365,13,bright_special,TILESET - Canaan-Inn_ItemShop.png,5,11
5854,365,14,bright_special,TILESET - Canaan-Inn_ItemShop.png,6,15
5855,365,15,bright_special,TILESET - Canaan-Inn_ItemShop.png,6,14
5856,366,0,bright_special,TILESET - Canaan-Inn_ItemShop.png,7,6
5857,366,1,bright_special,TILESET - Canaan-ArmorShop.png,7,6
5858,366,2,bright_special,TILESET - Canaan-Shrine.png,4,3
5859,366,3,bright_special,TILESET - Canaan-ArmorShop.png,4,3
5860,366,4,bright_special,TILESET - Canaan-ArmorShop.png,6,14
5861,366,5,bright_special,TILESET - Canaan-Magic_WeaponShop.png,7,6
5862,366,6,bright_special,TILESET - Canaan-Magic_WeaponShop.png,6,14
5863,366,7,bright_special,TILESET - Tozus-Inn_ItemShop.png,4,3
5864,366,8,bright_special,TILESET - Canaan-CidHouse_1F.png,6,14
5865,366,9,bright_special,TILESET - Canaan-CidHouse_1F.png,7,6
5866,366,10,bright_special,TILESET - Canaan-CidHouse_1F.png,4,3
5867,366,11,bright_special,TILESET - Inn_ItemShop.png,6,14
5868,366,12,bright_special,TILESET - Canaan-ArmorShop.png,7,7
5869,366,13,bright_special,TILESET - Canaan-ArmorShop.png,0,0
5870,366,14,bright_special,TILESET - Canaan-Magic_WeaponShop.png,0,0
5871,366,15,bright_special,TILESET - Canaan-ArmorShop.png,5,12
5872,367,0,bright_special,TILESET - Canaan-ArmorShop.png,4,4
5873,367,1,bright_special,TILESET - Canaan-Shrine.png,4,4
5874,367,2,bright_special,TILESET - Canaan-Shrine.png,5,12
5875,367,3,bright_special,TILESET - Canaan-Shrine.png,0,0
5876,367,4,bright_special,TILESET - Canaan-Shrine.png,5,11
5877,367,5,bright_special,TILESET - Canaan-ArmorShop.png,5,11
5878,367,6,bright_special,TILESET - Canaan-ArmorShop.png,6,15
5879,367,7,bright_special,TILESET - Canaan-Magic_WeaponShop.png,5,11
5880,367,8,bright_special,TILESET - Tozus-Inn_ItemShop.png,4,4
5881,367,9,bright_special,TILESET - Canaan-Magic_WeaponShop.png,4,3
5882,367,10,bright_special,TILESET - Canaan-Inn_ItemShop.png,4,3
5883,367,11,bright_special,TILESET - Canaan-ArmorShop.png,1,1
5884,367,12,bright_special,TILESET - Canaan-Magic_WeaponShop.png,1,1
5885,367,13,bright_special,TILESET - Canaan-ArmorShop.png,1,2
5886,367,14,bright_special,TILESET - Canaan-Magic_WeaponShop.png,1,2
5887,367,15,bright_special,TILESET - Tozus-Magic_WeaponShop.png,1,2
5888,368,0,bright_special,TILESET - Tozus-Magic_WeaponShop.png,1,1
5889,368,1,bright_special,TILESET - Amur-Magic_WeaponShop.png,1,2
5890,368,2,bright_special,TILESET - Amur-ArmorShop.png,1,2
5891,368,3,bright_special,TILESET - Amur-ArmorShop.png,1,1
5892,368,4,bright_special,TILESET - Amur-Magic_WeaponShop.png,1,1
5893,368,5,bright_special,TILESET - Shop_1.png,1,2
5894,368,6,bright_special,TILESET - Ur.png,5,5
5895,368,7,bright_special,TILESET - Canaan-Magic_WeaponShop.png,1,3
5896,368,8,bright_special,TILESET - Tozus-Magic_WeaponShop.png,1,3
5897,368,9,bright_special,TILESET - Kazus.png,1,4
5898,368,10,bright_special,TILESET - Kazus.png,5,6
5899,368,11,bright_special,TILESET - Amur.png,5,6
5900,368,12,bright_special,TILESET - Ur.png,6,6
5901,368,13,bright_special,TILESET - Ur.png,7,6
5902,368,14,bright_special,TILESET - Ur.png,5,6
5903,368,15,bright_special,TILESET - Ur.png,1,4
5904,369,0,bright_special,TILESET - Canaan.png,6,6
5905,369,1,bright_special,TILESET - Canaan.png,5,6
5906,369,2,bright_special,TILESET - Ur.png,1,12
5907,369,3,bright_special,TILESET - Amur.png,1,12
5908,369,4,bright_special,TILESET - Inn_ItemShop.png,5,5
5909,369,5,bright_special,TILESET - Canaan-Magic_WeaponShop.png,4,4
5910,369,6,bright_special,TILESET - Canaan-Magic_WeaponShop.png,7,7
5911,369,7,bright_special,TILESET - Canaan-Magic_WeaponShop.png,5,12
5912,369,8,bright_special,TILESET - Canaan-Magic_WeaponShop.png,6,15
5913,369,9,bright_special,TILESET - Ur.png,0,11
5914,369,10,bright_special,TILESET - Kazus.png,0,11
5915,369,11,bright_special,TILESET - Amur.png,0,11
5916,369,12,bright_special,TILESET - Tozus.png,0,11
5917,369,13,bright_special,TILESET - Canaan.png,0,11
5918,369,14,bright_special,TILESET - Canaan.png,1,13
5919,369,15,bright_special,TILESET - Kazus.png,1,13
5920,370,0,bright_special,TILESET - Ur.png,1,13
5921,370,1,bright_special,TILESET - Amur.png,1,13
5922,370,2,bright_special,TILESET - Tozus.png,1,13
5923,370,3,bright_special,TILESET - Canaan.png,4,11
5924,370,4,bright_special,TILESET - Canaan-Inn_ItemShop.png,2,9
5925,370,5,bright_special,TILESET - Tozus-Inn_ItemShop.png,2,9
5926,370,6,bright_special,TILESET - Castle_Argus3F.png,3,9
5927,370,7,bright_special,TILESET - Bahamuts_Nest.png,1,14
5928,370,8,bright_special,TILESET - Bahamuts_Nest.png,2,0
5929,370,9,bright_special,TILESET - Castle_Sasune_Inner.png,1,3
5930,370,10,bright_special,TILESET - Saronia_Castle2.png,0,11
5931,370,11,bright_special,TILESET - Saronia_SouthEast2.png,0,11
5932,370,12,bright_special,TILESET - Castle_Sasune_Inner.png,0,11
5933,370,13,bright_special,TILESET - Castle_Sasune_Inner.png,6,3
5934,370,14,bright_special,TILESET - Saronia_Castle3.png,0,11
5935,370,15,bright_special,TILESET - World_of_Darkness-Crystal_Room.png,2,14
5936,371,0,bright_special,TILESET - Canaan-CidHouse_1F.png,1,11
5937,371,1,bright_special,TILESET - Canaan-CidHouse_1F.png,3,0
5938,371,2,bright_special,TILESET - Canaan-Shrine.png,3,0
5939,371,3,bright_special,TILESET - Canaan-Shrine.png,1,11
5940,371,4,bright_special,TILESET - Amur-House.png,1,11
5941,371,5,bright_special,TILESET - Ur_Shed.png,3,0
5942,371,6,bright_special,TILESET - Ur_Shed.png,1,11
5943,371,7,bright_special,TILESET - Canaan-NobleHouse.png,3,0
5944,371,8,bright_special,TILESET - Canaan-NobleHouse.png,1,11
5945,371,9,bright_special,TILESET - Castle_Argus3F.png,0,12
5946,371,10,bright_special,TILESET - Ur.png,0,12
5947,371,11,bright_special,TILESET - Canaan.png,0,12
5948,371,12,bright_special,TILESET - Amur.png,0,12
5949,371,13,bright_special,TILESET - Kazus.png,0,12
5950,371,14,bright_special,TILESET - Ur.png,6,1
5951,371,15,bright_special,TILESET - Kazus.png,6,1
5952,372,0,bright_special,TILESET - Canaan.png,6,1
5953,372,1,bright_special,TILESET - Saronia_Castle-Gate.png,6,1
5954,372,2,bright_special,TILESET - Amur.png,6,1
5955,372,3,bright_special,TILESET - Tozus.png,0,12
5956,372,4,bright_special,TILESET - Tozus.png,6,1
5957,372,5,bright_special,TILESET - Saronia_Castle2.png,0,10
5958,372,6,bright_special,TILESET - Castle_Sasune_Inner.png,0,10
5959,372,7,bright_special,TILESET - Nepto_TempleB2.png,7,1
5960,372,8,bright_special,TILESET - Nepto_TempleB2.png,7,0
5961,372,9,bright_special,TILESET - Nepto_TempleB2.png,7,15
5962,372,10,flat_surface,TILESET - Ancients_Maze1.png,3,0
5963,372,11,flat_surface,TILESET - Saronia_Castle2.png,3,10
5964,372,12,flat_surface,TILESET - Canaan-NobleHouse.png,1,15
5965,372,13,flat_surface,TILESET - Saronia_Castle-Gate.png,3,15
5966,372,14,flat_surface,TILESET - Temple_of_Time1_1.png,7,4
5967,372,15,flat_surface,TILESET - Vikings_Cove-Inn_ItemShop.png,1,12
5968,373,0,flat_surface,TILESET - Amur-Inn_Pub.png,0,12
5969,373,1,flat_surface,TILESET - Tozus-Inn_ItemShop.png,0,12
5970,373,2,flat_surface,TILESET - Canaan-Inn_ItemShop.png,0,12
5971,373,3,flat_surface,TILESET - Canaan-Inn_ItemShop.png,3,15
5972,373,4,flat_surface,TILESET - Inn_ItemShop.png,3,15
5973,373,5,flat_surface,TILESET - Saronia_Catacombs3.png,6,9
5974,373,6,flat_surface,TILESET - Canaan-CidHouse_1F.png,7,14
5975,373,7,flat_surface,TILESET - Canaan-CidHouse_1F.png,6,8
5976,373,8,flat_surface,TILESET - Canaan-ArmorShop.png,6,8
5977,373,9,flat_surface,TILESET - Canaan-Magic_WeaponShop.png,6,8
5978,373,10,flat_surface,TILESET - Canaan-Inn_ItemShop.png,6,8
5979,373,11,flat_surface,TILESET - Canaan-NobleHouse.png,6,8
5980,373,12,flat_surface,TILESET - Canaan-NobleHouse.png,7,14
5981,373,13,flat_surface,TILESET - Amur-ArmorShop.png,6,8
5982,373,14,flat_surface,TILESET - Saronia_NorthWest-Library.png,6,8
5983,373,15,flat_surface,TILESET - Shop_1.png,6,8
5984,374,0,flat_surface,TILESET - Cave_of_Tides1.png,7,4
5985,374,1,flat_surface,TILESET - Sewers1.png,7,4
5986,374,2,flat_surface,TILESET - The_Invincible.png,6,12
5987,374,3,flat_surface,TILESET - Sunken_Cave1.png,6,12
5988,374,4,flat_surface,TILESET - Heins_Castle1.png,6,12
5989,374,5,flat_surface,TILESET - Tower_of_Owen1F.png,6,12
5990,374,6,flat_surface,TILESET - Eureka_B3.png,7,4
5991,374,7,flat_surface,TILESET - Cave_of_the_Circle1.png,7,4
5992,374,8,flat_surface,TILESET - Heins_Castle1.png,1,2
5993,374,9,flat_surface,TILESET - Dragons_Peak.png,1,8
5994,374,10,flat_surface,TILESET - Crystal_Tower_8F_2.png,3,7
5995,374,11,flat_surface,TILESET - World_of_Darkness7.png,0,9
5996,374,12,flat_surface,TILESET - Canaan-Inn_ItemShop.png,5,8
5997,374,13,flat_surface,TILESET - World_of_Darkness1.png,2,8
5998,374,14,flat_surface,TILESET - World_of_Darkness7.png,1,9
5999,374,15,flat_surface,TILESET - Eureka_B6.png,6,0
6000,375,0,flat_surface,TILESET - Sewers1.png,1,9
6001,375,1,flat_surface,TILESET - Retrieval_Forest.png,1,2
6002,375,2,flat_surface,TILESET - Chocobos_Forest.png,1,2
6003,375,3,flat_surface,TILESET - Dragons_Peak.png,1,2
6004,375,4,flat_surface,TILESET - World_of_Darkness1.png,3,3
6005,375,5,flat_surface,TILESET - Crystal_Tower_8F_2.png,3,3
6006,375,6,flat_surface,TILESET - Crystal_Tower_8F_2.png,3,1
6007,375,7,flat_surface,TILESET - World_of_Darkness1.png,3,2
6008,375,8,flat_surface,TILESET - World_of_Darkness1.png,3,4
6009,375,9,flat_surface,TILESET - Retrieval_Forest.png,1,8
6010,375,10,flat_surface,TILESET - Saronia_Castle1.png,0,2
6011,375,11,flat_surface,TILESET - Tower_of_Owen10F.png,0,1
6012,375,12,flat_surface,TILESET - Dogas_Grotto1.png,3,0
6013,375,13,flat_surface,TILESET - World_of_Darkness-Crystal_Room.png,3,15
6014,375,14,flat_surface,TILESET - Saronia_Catacombs3.png,0,3
6015,375,15,flat_surface,TILESET - Sunken_Cave1.png,3,0
6016,376,0,flat_surface,TILESET - Saronia_Catacombs3.png,0,4
6017,376,1,flat_surface,TILESET - Dogas_Grotto1.png,3,15
6018,376,2,flat_surface,TILESET - Canaan-CidHouse_2F.png,4,12
6019,376,3,flat_surface,TILESET - Amur-Shrine.png,4,12
